time=2026-08-10T10:32:23.864Z level=INFO msg="copy mode validation" inPlace=false needsCopy=true source=vSphere targets=3 emptyTargets=3 hasEmpty=true
time=2026-08-10T10:32:23.864Z level=INFO msg="linked vSphere CA bundle" src=/etc/secret/cacert dest=/opt/ca-bundle.crt replaced=false
time=2026-08-10T10:32:23.865Z level=INFO msg="disk copy enabled" inPlace=false source=vSphere vm=mtv-func-rhel9-4-uefi
time=2026-08-10T10:32:23.937Z level=INFO msg="loaded vSphere inventory" vm=mtv-func-rhel9-4-uefi moref=vm-1051 disks=3 nics=2 firmware=uefi guestId=rhel9_64Guest guestName="Red Hat Enterprise Linux 9 (64-bit)"
time=2026-08-10T10:32:23.937Z level=INFO msg="vSphere source disk" index=0 path="[mtv-nfs-rhos-v8] mtv-func-rhel9-4-uefi/mtv-func-rhel9-4-uefi.vmdk"
time=2026-08-10T10:32:23.937Z level=INFO msg="vSphere source disk" index=1 path="[mtv-nfs-rhos-v8] mtv-func-rhel9-4-uefi/mtv-func-rhel9-4-uefi_1.vmdk"
time=2026-08-10T10:32:23.937Z level=INFO msg="vSphere source disk" index=2 path="[mtv-nfs-rhos-v8] mtv-func-rhel9-4-uefi/mtv-func-rhel9-4-uefi_2.vmdk"
time=2026-08-10T10:32:23.940Z level=INFO msg="resolved copy sources" count=3 disks="[[mtv-nfs-rhos-v8] mtv-func-rhel9-4-uefi/mtv-func-rhel9-4-uefi.vmdk [mtv-nfs-rhos-v8] mtv-func-rhel9-4-uefi/mtv-func-rhel9-4-uefi_1.vmdk [mtv-nfs-rhos-v8] mtv-func-rhel9-4-uefi/mtv-func-rhel9-4-uefi_2.vmdk]"
time=2026-08-10T10:32:23.941Z level=INFO msg=exec bin=/usr/lib/kc-utils/kc-copy args="[--input /var/tmp/v2v/copy-input.json --output /var/tmp/v2v/copy-progress.json --log-level info]"
time=2026-08-10T10:32:23.950Z level=INFO msg="discovered PVC targets" count=3
time=2026-08-10T10:32:23.950Z level=INFO msg="copy target" index=0 path=/dev/block0 kind=block empty=true
time=2026-08-10T10:32:23.950Z level=INFO msg="copy target" index=1 path=/dev/block1 kind=block empty=true
time=2026-08-10T10:32:23.950Z level=INFO msg="copy target" index=2 path=/dev/block2 kind=block empty=true
time=2026-08-10T10:32:23.951Z level=INFO msg="NFC disk copy starting" source_disks=3 empty_targets=3 vm=mtv-func-rhel9-4-uefi
time=2026-08-10T10:32:24.041Z level=INFO msg="NFC lease disk" key=/vm-1051/ParaVirtualSCSIController0:0 targetId=disk-0.vmdk size=20401094656 diskPath="[mtv-nfs-rhos-v8] mtv-func-rhel9-4-uefi/mtv-func-rhel9-4-uefi.vmdk"
time=2026-08-10T10:32:24.041Z level=INFO msg="NFC lease disk" key=/vm-1051/ParaVirtualSCSIController0:1 targetId=disk-1.vmdk size=20401094656 diskPath="[mtv-nfs-rhos-v8] mtv-func-rhel9-4-uefi/mtv-func-rhel9-4-uefi_1.vmdk"
time=2026-08-10T10:32:24.041Z level=INFO msg="NFC lease disk" key=/vm-1051/ParaVirtualSCSIController0:2 targetId=disk-2.vmdk size=20401094656 diskPath="[mtv-nfs-rhos-v8] mtv-func-rhel9-4-uefi/mtv-func-rhel9-4-uefi_2.vmdk"
time=2026-08-10T10:32:24.041Z level=INFO msg="NFC export lease acquired" vm=mtv-func-rhel9-4-uefi disks=3
time=2026-08-10T10:32:24.041Z level=INFO msg="NFC disks selected" selected=3 lease=3 concurrency=3
time=2026-08-10T10:32:24.041Z level=INFO msg="copying disk via NFC" disk=3/3 index=2 source="[mtv-nfs-rhos-v8] mtv-func-rhel9-4-uefi/mtv-func-rhel9-4-uefi_2.vmdk" target=/dev/block2 block=true
time=2026-08-10T10:32:24.041Z level=INFO msg="starting disk download" index=2 source="[mtv-nfs-rhos-v8] mtv-func-rhel9-4-uefi/mtv-func-rhel9-4-uefi_2.vmdk" target=/dev/block2 block=true size=20401094656
time=2026-08-10T10:32:24.041Z level=INFO msg="copying disk via NFC" disk=1/3 index=0 source="[mtv-nfs-rhos-v8] mtv-func-rhel9-4-uefi/mtv-func-rhel9-4-uefi.vmdk" target=/dev/block0 block=true
time=2026-08-10T10:32:24.041Z level=INFO msg="copying disk via NFC" disk=2/3 index=1 source="[mtv-nfs-rhos-v8] mtv-func-rhel9-4-uefi/mtv-func-rhel9-4-uefi_1.vmdk" target=/dev/block1 block=true
time=2026-08-10T10:32:24.041Z level=INFO msg="starting disk download" index=0 source="[mtv-nfs-rhos-v8] mtv-func-rhel9-4-uefi/mtv-func-rhel9-4-uefi.vmdk" target=/dev/block0 block=true size=20401094656
time=2026-08-10T10:32:24.041Z level=INFO msg="starting disk download" index=1 source="[mtv-nfs-rhos-v8] mtv-func-rhel9-4-uefi/mtv-func-rhel9-4-uefi_1.vmdk" target=/dev/block1 block=true size=20401094656
time=2026-08-10T10:32:24.096Z level=INFO msg="disk copy progress" index=2 source="[mtv-nfs-rhos-v8] mtv-func-rhel9-4-uefi/mtv-func-rhel9-4-uefi_2.vmdk" target=/dev/block2 percent=0
time=2026-08-10T10:32:24.102Z level=INFO msg="disk copy progress" index=0 source="[mtv-nfs-rhos-v8] mtv-func-rhel9-4-uefi/mtv-func-rhel9-4-uefi.vmdk" target=/dev/block0 percent=0
time=2026-08-10T10:32:24.105Z level=INFO msg="disk copy progress" index=1 source="[mtv-nfs-rhos-v8] mtv-func-rhel9-4-uefi/mtv-func-rhel9-4-uefi_1.vmdk" target=/dev/block1 percent=0
time=2026-08-10T10:32:52.770Z level=INFO msg="disk download finished" index=1 source="[mtv-nfs-rhos-v8] mtv-func-rhel9-4-uefi/mtv-func-rhel9-4-uefi_1.vmdk" target=/dev/block1 duration=29s
time=2026-08-10T10:32:52.772Z level=INFO msg="disk copy recorded" completed=1/3 index=1
time=2026-08-10T10:33:19.169Z level=INFO msg="disk download finished" index=2 source="[mtv-nfs-rhos-v8] mtv-func-rhel9-4-uefi/mtv-func-rhel9-4-uefi_2.vmdk" target=/dev/block2 duration=55s
time=2026-08-10T10:33:19.171Z level=INFO msg="disk copy recorded" completed=2/3 index=2
time=2026-08-10T10:34:23.524Z level=INFO msg="disk copy progress" index=0 source="[mtv-nfs-rhos-v8] mtv-func-rhel9-4-uefi/mtv-func-rhel9-4-uefi.vmdk" target=/dev/block0 percent=5
time=2026-08-10T10:36:08.928Z level=INFO msg="disk copy progress" index=0 source="[mtv-nfs-rhos-v8] mtv-func-rhel9-4-uefi/mtv-func-rhel9-4-uefi.vmdk" target=/dev/block0 percent=10
time=2026-08-10T10:37:49.448Z level=INFO msg="disk copy progress" index=0 source="[mtv-nfs-rhos-v8] mtv-func-rhel9-4-uefi/mtv-func-rhel9-4-uefi.vmdk" target=/dev/block0 percent=15
time=2026-08-10T10:38:25.127Z level=INFO msg="disk copy progress" index=0 source="[mtv-nfs-rhos-v8] mtv-func-rhel9-4-uefi/mtv-func-rhel9-4-uefi.vmdk" target=/dev/block0 percent=20
time=2026-08-10T10:39:44.642Z level=INFO msg="disk copy progress" index=0 source="[mtv-nfs-rhos-v8] mtv-func-rhel9-4-uefi/mtv-func-rhel9-4-uefi.vmdk" target=/dev/block0 percent=25
time=2026-08-10T10:40:25.443Z level=INFO msg="disk copy progress" index=0 source="[mtv-nfs-rhos-v8] mtv-func-rhel9-4-uefi/mtv-func-rhel9-4-uefi.vmdk" target=/dev/block0 percent=30
time=2026-08-10T10:41:33.040Z level=INFO msg="disk download finished" index=0 source="[mtv-nfs-rhos-v8] mtv-func-rhel9-4-uefi/mtv-func-rhel9-4-uefi.vmdk" target=/dev/block0 duration=9m9s
time=2026-08-10T10:41:33.042Z level=INFO msg="disk copy recorded" completed=3/3 index=0
time=2026-08-10T10:41:33.053Z level=INFO msg="NFC disk copy complete" disks=3
time=2026-08-10T10:41:33.055Z level=INFO msg="discovered conversion disks" count=3
time=2026-08-10T10:41:33.055Z level=INFO msg="conversion disk" index=0 path=/dev/block0 kind=block
time=2026-08-10T10:41:33.055Z level=INFO msg="conversion disk" index=1 path=/dev/block1 kind=block
time=2026-08-10T10:41:33.055Z level=INFO msg="conversion disk" index=2 path=/dev/block2 kind=block
time=2026-08-10T10:41:33.055Z level=INFO msg="qcow2 overlay enabled" disks=3 workdir=/var/tmp/v2v
time=2026-08-10T10:41:33.055Z level=INFO msg="creating qcow2 overlay" index=0 backing=/dev/block0 overlay=/var/tmp/v2v/overlay-0-block0.qcow2
Formatting '/var/tmp/v2v/overlay-0-block0.qcow2', fmt=qcow2 cluster_size=65536 extended_l2=off compression_type=zlib size=17179869184 backing_file=/dev/block0 backing_fmt=raw lazy_refcounts=off refcount_bits=16
time=2026-08-10T10:41:33.074Z level=INFO msg="creating qcow2 overlay" index=1 backing=/dev/block1 overlay=/var/tmp/v2v/overlay-1-block1.qcow2
Formatting '/var/tmp/v2v/overlay-1-block1.qcow2', fmt=qcow2 cluster_size=65536 extended_l2=off compression_type=zlib size=1073741824 backing_file=/dev/block1 backing_fmt=raw lazy_refcounts=off refcount_bits=16
time=2026-08-10T10:41:33.086Z level=INFO msg="creating qcow2 overlay" index=2 backing=/dev/block2 overlay=/var/tmp/v2v/overlay-2-block2.qcow2
Formatting '/var/tmp/v2v/overlay-2-block2.qcow2', fmt=qcow2 cluster_size=65536 extended_l2=off compression_type=zlib size=2147483648 backing_file=/dev/block2 backing_fmt=raw lazy_refcounts=off refcount_bits=16
time=2026-08-10T10:41:33.099Z level=INFO msg="qcow2 overlays ready" count=3
time=2026-08-10T10:41:33.100Z level=INFO msg="guestfish listen starting" bin=guestfish
time=2026-08-10T10:41:33.141Z level=INFO msg="guestfish listen socket ready" pid=112 socket=/tmp/.guestfish-107/socket-112 bin=guestfish
time=2026-08-10T10:41:33.141Z level=INFO msg="guestfish shared listener started" pid=112
time=2026-08-10T10:41:33.141Z level=INFO msg=exec bin=/usr/lib/kc-utils/kc-prepare args="[--input /var/tmp/v2v/prepare-input.json --output /var/tmp/v2v/pipeline.json --mount-root /tmp/kc-guest --log-level info --guestfs]"
time=2026-08-10T10:41:33.145Z level=INFO msg="kc-prepare starting" input=/var/tmp/v2v/prepare-input.json output=/var/tmp/v2v/pipeline.json mountRoot=/tmp/kc-guest guestfs=true logLevel=info
time=2026-08-10T10:41:33.146Z level=INFO msg="kc-prepare input loaded" disks=3 root=first firmwareHint=uefi sourceType=vsphere
time=2026-08-10T10:41:33.146Z level=INFO msg="opening guest disks" backend=guestfs disks=3 mountRoot=/tmp/kc-guest
time=2026-08-10T10:41:33.146Z level=INFO msg="guestfish adopting shared session" pid=112 guestfishPID=112 shared=true HOME=/var/tmp socket=/tmp/.guestfish-107/socket-112
time=2026-08-10T10:41:33.146Z level=INFO msg="guestfish ensureLaunched" pid=112 disks=3 paths="[/var/tmp/v2v/overlay-0-block0.qcow2 /var/tmp/v2v/overlay-1-block1.qcow2 /var/tmp/v2v/overlay-2-block2.qcow2]" HOME=/var/tmp LIBGUESTFS_BACKEND=direct socket=/tmp/.guestfish-107/socket-112 sessionAlive=true
time=2026-08-10T10:41:33.146Z level=INFO msg="guestfs exec" bin=guestfish args="[--remote=112]" scriptLines=1 script=-list-devices
time=2026-08-10T10:41:33.180Z level=INFO msg="guestfs exec ok" bin=guestfish duration=34ms outputBytes=0 output=""
time=2026-08-10T10:41:33.180Z level=INFO msg="guestfish ready probe" pid=112 ready=false devices=""
time=2026-08-10T10:41:33.180Z level=INFO msg="guestfish launching appliance" pid=112 disks=3 network=false
time=2026-08-10T10:41:33.180Z level=INFO msg="guestfs exec" bin=guestfish args="[--remote=112]" scriptLines=4 script="-add-drive-opts /var/tmp/v2v/overlay-0-block0.qcow2 readonly:false\n-add-drive-opts /var/tmp/v2v/overlay-1-block1.qcow2 readonly:false\n-add-drive-opts /var/tmp/v2v/overlay-2-block2.qcow2 readonly:false\n-run"
time=2026-08-10T10:41:40.337Z level=INFO msg="guestfs exec ok" bin=guestfish duration=7.157s outputBytes=0 output=""
time=2026-08-10T10:41:40.337Z level=INFO msg="guestfish launch script finished" pid=112 sessionAlive=true
time=2026-08-10T10:41:40.338Z level=INFO msg="guestfs exec" bin=guestfish args="[--remote=112]" scriptLines=1 script=-list-devices
time=2026-08-10T10:41:40.420Z level=INFO msg="guestfs exec ok" bin=guestfish duration=82ms outputBytes=27 output="/dev/sda\n/dev/sdb\n/dev/sdc"
time=2026-08-10T10:41:40.421Z level=INFO msg="guestfish ready probe" pid=112 ready=true devices="/dev/sda\n/dev/sdb\n/dev/sdc"
time=2026-08-10T10:41:40.421Z level=INFO msg="guestfish appliance launched" pid=112 disks=3 devices="/dev/sda\n/dev/sdb\n/dev/sdc"
time=2026-08-10T10:41:40.421Z level=INFO msg="guestfs backend setup" disks=3 mountRoot=/tmp/kc-guest LIBGUESTFS_BACKEND=direct paths="[/var/tmp/v2v/overlay-0-block0.qcow2 /var/tmp/v2v/overlay-1-block1.qcow2 /var/tmp/v2v/overlay-2-block2.qcow2]" guestfishPID=112 shared=true
time=2026-08-10T10:41:40.421Z level=INFO msg="guestfs exec" bin=guestfish args="[--remote=112 -- list-devices]" stdinBytes=0
time=2026-08-10T10:41:40.496Z level=INFO msg="guestfs exec ok" bin=guestfish duration=75ms outputBytes=27 output="/dev/sda\n/dev/sdb\n/dev/sdc"
time=2026-08-10T10:41:40.496Z level=INFO msg="guestfs exec" bin=guestfish args="[--remote=112 -- list-filesystems]" stdinBytes=0
time=2026-08-10T10:41:41.658Z level=INFO msg="guestfs exec ok" bin=guestfish duration=1.163s outputBytes=130 output="/dev/sda1: vfat\n/dev/sda2: xfs\n/dev/sdb1: xfs\n/dev/sdc1: xfs\n/dev/rhel_dhcp-6-46-218/root: xfs\n/dev/rhel_dhcp-6-46-218/swap: swap"
time=2026-08-10T10:41:41.658Z level=INFO msg="guestfs exec" bin=guestfish args="[--remote=112]" scriptLines=1 script="-blockdev-getsize64 /dev/sda1"
time=2026-08-10T10:41:41.711Z level=INFO msg="guestfs exec ok" bin=guestfish duration=53ms outputBytes=10 output=629145600
time=2026-08-10T10:41:41.712Z level=INFO msg="guestfs exec" bin=guestfish args="[--remote=112]" scriptLines=1 script="-blockdev-getsize64 /dev/sda2"
time=2026-08-10T10:41:41.773Z level=INFO msg="guestfs exec ok" bin=guestfish duration=61ms outputBytes=11 output=1073741824
time=2026-08-10T10:41:41.773Z level=INFO msg="discovered partition" disk=/var/tmp/v2v/overlay-0-block0.qcow2 index=1 device=/dev/sda1 fstype=vfat
time=2026-08-10T10:41:41.773Z level=INFO msg="discovered partition" disk=/var/tmp/v2v/overlay-0-block0.qcow2 index=2 device=/dev/sda2 fstype=xfs
time=2026-08-10T10:41:41.773Z level=INFO msg="guestfs exec" bin=guestfish args="[--remote=112 -- list-devices]" stdinBytes=0
time=2026-08-10T10:41:41.859Z level=INFO msg="guestfs exec ok" bin=guestfish duration=85ms outputBytes=27 output="/dev/sda\n/dev/sdb\n/dev/sdc"
time=2026-08-10T10:41:41.859Z level=INFO msg="guestfs exec" bin=guestfish args="[--remote=112 -- list-filesystems]" stdinBytes=0
time=2026-08-10T10:41:43.145Z level=INFO msg="guestfs exec ok" bin=guestfish duration=1.287s outputBytes=130 output="/dev/sda1: vfat\n/dev/sda2: xfs\n/dev/sdb1: xfs\n/dev/sdc1: xfs\n/dev/rhel_dhcp-6-46-218/root: xfs\n/dev/rhel_dhcp-6-46-218/swap: swap"
time=2026-08-10T10:41:43.145Z level=INFO msg="guestfs exec" bin=guestfish args="[--remote=112]" scriptLines=1 script="-blockdev-getsize64 /dev/sdb1"
time=2026-08-10T10:41:43.203Z level=INFO msg="guestfs exec ok" bin=guestfish duration=58ms outputBytes=11 output=1072693248
time=2026-08-10T10:41:43.204Z level=INFO msg="discovered partition" disk=/var/tmp/v2v/overlay-1-block1.qcow2 index=1 device=/dev/sdb1 fstype=xfs
time=2026-08-10T10:41:43.204Z level=INFO msg="guestfs exec" bin=guestfish args="[--remote=112 -- list-devices]" stdinBytes=0
time=2026-08-10T10:41:43.290Z level=INFO msg="guestfs exec ok" bin=guestfish duration=86ms outputBytes=27 output="/dev/sda\n/dev/sdb\n/dev/sdc"
time=2026-08-10T10:41:43.290Z level=INFO msg="guestfs exec" bin=guestfish args="[--remote=112 -- list-filesystems]" stdinBytes=0
time=2026-08-10T10:41:44.644Z level=INFO msg="guestfs exec ok" bin=guestfish duration=1.354s outputBytes=130 output="/dev/sda1: vfat\n/dev/sda2: xfs\n/dev/sdb1: xfs\n/dev/sdc1: xfs\n/dev/rhel_dhcp-6-46-218/root: xfs\n/dev/rhel_dhcp-6-46-218/swap: swap"
time=2026-08-10T10:41:44.644Z level=INFO msg="guestfs exec" bin=guestfish args="[--remote=112]" scriptLines=1 script="-blockdev-getsize64 /dev/sdc1"
time=2026-08-10T10:41:44.710Z level=INFO msg="guestfs exec ok" bin=guestfish duration=66ms outputBytes=11 output=2146435072
time=2026-08-10T10:41:44.710Z level=INFO msg="discovered partition" disk=/var/tmp/v2v/overlay-2-block2.qcow2 index=1 device=/dev/sdc1 fstype=xfs
time=2026-08-10T10:41:44.710Z level=INFO msg="guestfs exec" bin=guestfish args="[--remote=112]" scriptLines=1 script=-lvs
time=2026-08-10T10:41:44.771Z level=INFO msg="guestfs exec ok" bin=guestfish duration=61ms outputBytes=58 output="/dev/rhel_dhcp-6-46-218/root\n/dev/rhel_dhcp-6-46-218/swap"
time=2026-08-10T10:41:44.771Z level=INFO msg="LVM discovered" volumes=2 paths="[/dev/rhel_dhcp-6-46-218/root /dev/rhel_dhcp-6-46-218/swap]"
time=2026-08-10T10:41:44.771Z level=INFO msg="guest disk layout" disks=3 partitions=4 lvs=2
time=2026-08-10T10:41:44.771Z level=INFO msg="guestfs exec" bin=guestfish args="[--remote=112 -- xfs-repair /dev/sda2]" stdinBytes=0
time=2026-08-10T10:41:44.996Z level=INFO msg="guestfs exec ok" bin=guestfish duration=226ms outputBytes=2 output=0
time=2026-08-10T10:41:44.997Z level=INFO msg="guestfs exec" bin=guestfish args="[--remote=112 -- xfs-repair /dev/sdb1]" stdinBytes=0
time=2026-08-10T10:41:45.224Z level=INFO msg="guestfs exec ok" bin=guestfish duration=227ms outputBytes=2 output=0
time=2026-08-10T10:41:45.224Z level=INFO msg="guestfs exec" bin=guestfish args="[--remote=112 -- xfs-repair /dev/sdc1]" stdinBytes=0
time=2026-08-10T10:41:45.393Z level=INFO msg="guestfs exec ok" bin=guestfish duration=169ms outputBytes=2 output=0
time=2026-08-10T10:41:45.393Z level=INFO msg="detected firmware" type=uefi espDevices=[/dev/sda1]
time=2026-08-10T10:41:45.395Z level=INFO msg="guestfs exec" bin=guestfish args="[--remote=112]" scriptLines=12 script="-umount-all\n-mount /dev/sda1 /\n-copy-out /etc/os-release /tmp/kc-scan-_dev_sda1/etc\n-copy-out /etc/redhat-release /tmp/kc-scan-_dev_sda1/etc\n-copy-out /etc/debian_version /tmp/kc-scan-_dev_sda1/etc\n-copy-out /Windows/System32/config/SYSTEM /tmp/kc-scan-_de…" soft=true
time=2026-08-10T10:41:45.539Z level=INFO msg="guestfs exec ok" bin=guestfish duration=145ms outputBytes=0 output="" soft=true
time=2026-08-10T10:41:45.540Z level=INFO msg="root probe miss" device=/dev/sda1 fstype=vfat diskIndex=0 partIndex=1 scanPath=/tmp/kc-scan-_dev_sda1
time=2026-08-10T10:41:45.541Z level=INFO msg="guestfs exec" bin=guestfish args="[--remote=112]" scriptLines=12 script="-umount-all\n-mount /dev/sda2 /\n-copy-out /etc/os-release /tmp/kc-scan-_dev_sda2/etc\n-copy-out /etc/redhat-release /tmp/kc-scan-_dev_sda2/etc\n-copy-out /etc/debian_version /tmp/kc-scan-_dev_sda2/etc\n-copy-out /Windows/System32/config/SYSTEM /tmp/kc-scan-_de…" soft=true
time=2026-08-10T10:41:47.298Z level=INFO msg="guestfs exec ok" bin=guestfish duration=1.757s outputBytes=0 output="" soft=true
time=2026-08-10T10:41:47.299Z level=INFO msg="root probe miss" device=/dev/sda2 fstype=xfs diskIndex=0 partIndex=2 scanPath=/tmp/kc-scan-_dev_sda2
time=2026-08-10T10:41:47.300Z level=INFO msg="guestfs exec" bin=guestfish args="[--remote=112]" scriptLines=12 script="-umount-all\n-mount /dev/sdb1 /\n-copy-out /etc/os-release /tmp/kc-scan-_dev_sdb1/etc\n-copy-out /etc/redhat-release /tmp/kc-scan-_dev_sdb1/etc\n-copy-out /etc/debian_version /tmp/kc-scan-_dev_sdb1/etc\n-copy-out /Windows/System32/config/SYSTEM /tmp/kc-scan-_de…" soft=true
time=2026-08-10T10:41:47.411Z level=INFO msg="guestfs exec ok" bin=guestfish duration=111ms outputBytes=0 output="" soft=true
time=2026-08-10T10:41:47.412Z level=INFO msg="root probe miss" device=/dev/sdb1 fstype=xfs diskIndex=1 partIndex=1 scanPath=/tmp/kc-scan-_dev_sdb1
time=2026-08-10T10:41:47.413Z level=INFO msg="guestfs exec" bin=guestfish args="[--remote=112]" scriptLines=12 script="-umount-all\n-mount /dev/sdc1 /\n-copy-out /etc/os-release /tmp/kc-scan-_dev_sdc1/etc\n-copy-out /etc/redhat-release /tmp/kc-scan-_dev_sdc1/etc\n-copy-out /etc/debian_version /tmp/kc-scan-_dev_sdc1/etc\n-copy-out /Windows/System32/config/SYSTEM /tmp/kc-scan-_de…" soft=true
time=2026-08-10T10:41:47.519Z level=INFO msg="guestfs exec ok" bin=guestfish duration=106ms outputBytes=0 output="" soft=true
time=2026-08-10T10:41:47.520Z level=INFO msg="root probe miss" device=/dev/sdc1 fstype=xfs diskIndex=2 partIndex=1 scanPath=/tmp/kc-scan-_dev_sdc1
time=2026-08-10T10:41:47.520Z level=INFO msg="guestfs exec" bin=guestfish args="[--remote=112]" scriptLines=1 script="-vfs-type /dev/rhel_dhcp-6-46-218/root"
time=2026-08-10T10:41:47.583Z level=INFO msg="guestfs exec ok" bin=guestfish duration=63ms outputBytes=4 output=xfs
time=2026-08-10T10:41:47.584Z level=INFO msg="guestfs exec" bin=guestfish args="[--remote=112]" scriptLines=12 script="-umount-all\n-mount /dev/rhel_dhcp-6-46-218/root /\n-copy-out /etc/os-release /tmp/kc-scan-_dev_rhel_dhcp_6_46_218_root/etc\n-copy-out /etc/redhat-release /tmp/kc-scan-_dev_rhel_dhcp_6_46_218_root/etc\n-copy-out /etc/debian_version /tmp/kc-scan-_dev_rhel_dhcp_…" soft=true
time=2026-08-10T10:41:47.815Z level=INFO msg="guestfs exec ok" bin=guestfish duration=231ms outputBytes=0 output="" soft=true
time=2026-08-10T10:41:47.816Z level=INFO msg="root probe hit" device=/dev/rhel_dhcp-6-46-218/root fstype=xfs os=linux distro=rhel product="Red Hat Enterprise Linux release 9.4 (Plow)"
time=2026-08-10T10:41:47.816Z level=INFO msg="guestfs exec" bin=guestfish args="[--remote=112]" scriptLines=1 script="-vfs-type /dev/rhel_dhcp-6-46-218/swap"
time=2026-08-10T10:41:47.888Z level=INFO msg="guestfs exec ok" bin=guestfish duration=72ms outputBytes=5 output=swap
time=2026-08-10T10:41:47.888Z level=INFO msg="root candidates" count=1 selector=first
time=2026-08-10T10:41:47.888Z level=INFO msg="root candidate" index=1 device=/dev/rhel_dhcp-6-46-218/root product="Red Hat Enterprise Linux release 9.4 (Plow)" os=linux distro=rhel
time=2026-08-10T10:41:47.888Z level=INFO msg="selected root" device=/dev/rhel_dhcp-6-46-218/root product="Red Hat Enterprise Linux release 9.4 (Plow)" selector=first os=linux
time=2026-08-10T10:41:47.889Z level=INFO msg="mount planner selected" planner=linux initialMounts=1
time=2026-08-10T10:41:47.889Z level=INFO msg="mounting filesystem" device=/dev/rhel_dhcp-6-46-218/root mountpoint=/ fstype=xfs readOnly=false
time=2026-08-10T10:41:47.889Z level=INFO msg="guestfs exec" bin=guestfish args="[--remote=112]" scriptLines=1 script="-vfs-type /dev/rhel_dhcp-6-46-218/root"
time=2026-08-10T10:41:47.960Z level=INFO msg="guestfs exec ok" bin=guestfish duration=72ms outputBytes=4 output=xfs
time=2026-08-10T10:41:47.961Z level=INFO msg="guestfs exec" bin=guestfish args="[--remote=112]" scriptLines=1 script=-inspect-os
time=2026-08-10T10:41:51.970Z level=INFO msg="guestfs exec ok" bin=guestfish duration=4.009s outputBytes=29 output=/dev/rhel_dhcp-6-46-218/root
time=2026-08-10T10:41:51.971Z level=INFO msg="guestfs exec" bin=guestfish args="[--remote=112]" scriptLines=1 script="-inspect-get-mountpoints /dev/rhel_dhcp-6-46-218/root"
time=2026-08-10T10:41:52.013Z level=INFO msg="guestfs exec ok" bin=guestfish duration=43ms outputBytes=102 output="/: /dev/rhel_dhcp-6-46-218/root\n/boot: /dev/sda2\n/boot/efi: /dev/sda1\n/sdb: /dev/sdb1\n/sdc: /dev/sdc1"
time=2026-08-10T10:41:52.013Z level=INFO msg="discovered mount points via inspection" root=/dev/rhel_dhcp-6-46-218/root preferred=/dev/rhel_dhcp-6-46-218/root count=5
time=2026-08-10T10:41:52.014Z level=INFO msg="guestfs exec" bin=guestfish args="[--remote=112]" scriptLines=6 script="-umount-all\n-mount /dev/rhel_dhcp-6-46-218/root /\n-mount /dev/sdb1 /sdb\n-mount /dev/sdc1 /sdc\n-mount /dev/sda2 /boot\n-mount /dev/sda1 /boot/efi"
time=2026-08-10T10:41:52.211Z level=INFO msg="guestfs exec ok" bin=guestfish duration=197ms outputBytes=0 output=""
time=2026-08-10T10:41:52.211Z level=INFO msg="guestfs exec" bin=guestfish args="[--remote=112]" scriptLines=1 script="-download /etc/fstab /tmp/kc-gfs-read-3235135442"
time=2026-08-10T10:41:52.260Z level=INFO msg="guestfs exec ok" bin=guestfish duration=50ms outputBytes=0 output=""
time=2026-08-10T10:41:52.260Z level=INFO msg="guestfs exec" bin=guestfish args="[--remote=112]" scriptLines=1 script="-vfs-uuid /dev/sda1"
time=2026-08-10T10:41:52.310Z level=INFO msg="guestfs exec ok" bin=guestfish duration=50ms outputBytes=10 output=BEB5-D71D
time=2026-08-10T10:41:52.310Z level=INFO msg="guestfs exec" bin=guestfish args="[--remote=112]" scriptLines=1 script="-vfs-label /dev/sda1"
time=2026-08-10T10:41:52.371Z level=INFO msg="guestfs exec ok" bin=guestfish duration=61ms outputBytes=1 output=""
time=2026-08-10T10:41:52.371Z level=INFO msg="guestfs exec" bin=guestfish args="[--remote=112]" scriptLines=1 script="-vfs-uuid /dev/sda2"
time=2026-08-10T10:41:52.427Z level=INFO msg="guestfs exec ok" bin=guestfish duration=55ms outputBytes=37 output=82975b63-ed83-421a-8f82-b00889cac052
time=2026-08-10T10:41:52.427Z level=INFO msg="guestfs exec" bin=guestfish args="[--remote=112]" scriptLines=1 script="-vfs-label /dev/sda2"
time=2026-08-10T10:41:52.489Z level=INFO msg="guestfs exec ok" bin=guestfish duration=62ms outputBytes=1 output=""
time=2026-08-10T10:41:52.490Z level=INFO msg="guestfs exec" bin=guestfish args="[--remote=112]" scriptLines=1 script="-vfs-uuid /dev/sdb1"
time=2026-08-10T10:41:52.552Z level=INFO msg="guestfs exec ok" bin=guestfish duration=62ms outputBytes=37 output=844c022f-1700-4568-a842-30c15bdd7117
time=2026-08-10T10:41:52.552Z level=INFO msg="guestfs exec" bin=guestfish args="[--remote=112]" scriptLines=1 script="-vfs-label /dev/sdb1"
time=2026-08-10T10:41:52.619Z level=INFO msg="guestfs exec ok" bin=guestfish duration=67ms outputBytes=1 output=""
time=2026-08-10T10:41:52.619Z level=INFO msg="guestfs exec" bin=guestfish args="[--remote=112]" scriptLines=1 script="-vfs-uuid /dev/sdc1"
time=2026-08-10T10:41:52.678Z level=INFO msg="guestfs exec ok" bin=guestfish duration=59ms outputBytes=37 output=c52f96cb-6c55-418b-a688-4946fbb5796e
time=2026-08-10T10:41:52.678Z level=INFO msg="guestfs exec" bin=guestfish args="[--remote=112]" scriptLines=1 script="-vfs-label /dev/sdc1"
time=2026-08-10T10:41:52.732Z level=INFO msg="guestfs exec ok" bin=guestfish duration=54ms outputBytes=1 output=""
time=2026-08-10T10:41:52.732Z level=INFO msg="guestfs exec" bin=guestfish args="[--remote=112]" scriptLines=1 script="-vfs-uuid /dev/rhel_dhcp-6-46-218/root"
time=2026-08-10T10:41:52.793Z level=INFO msg="guestfs exec ok" bin=guestfish duration=61ms outputBytes=37 output=52987855-aca6-413c-b939-298cff335ec2
time=2026-08-10T10:41:52.793Z level=INFO msg="guestfs exec" bin=guestfish args="[--remote=112]" scriptLines=1 script="-vfs-label /dev/rhel_dhcp-6-46-218/root"
time=2026-08-10T10:41:52.852Z level=INFO msg="guestfs exec ok" bin=guestfish duration=58ms outputBytes=1 output=""
time=2026-08-10T10:41:52.852Z level=INFO msg="guestfs exec" bin=guestfish args="[--remote=112]" scriptLines=1 script="-vfs-uuid /dev/rhel_dhcp-6-46-218/swap"
time=2026-08-10T10:41:52.918Z level=INFO msg="guestfs exec ok" bin=guestfish duration=66ms outputBytes=37 output=6fcaa4ef-6e65-434a-bc65-a3882d36c0f8
time=2026-08-10T10:41:52.918Z level=INFO msg="guestfs exec" bin=guestfish args="[--remote=112]" scriptLines=1 script="-vfs-label /dev/rhel_dhcp-6-46-218/swap"
time=2026-08-10T10:41:52.999Z level=INFO msg="guestfs exec ok" bin=guestfish duration=81ms outputBytes=1 output=""
time=2026-08-10T10:41:52.999Z level=INFO msg="expanding mount plan" extraMounts=4
time=2026-08-10T10:41:52.999Z level=INFO msg="mounting filesystem" device=/dev/sdb1 mountpoint=/sdb fstype=xfs readOnly=false
time=2026-08-10T10:41:52.999Z level=INFO msg="guestfs exec" bin=guestfish args="[--remote=112]" scriptLines=1 script="-vfs-type /dev/sdb1"
time=2026-08-10T10:41:53.049Z level=INFO msg="guestfs exec ok" bin=guestfish duration=50ms outputBytes=4 output=xfs
time=2026-08-10T10:41:53.049Z level=INFO msg="mounting filesystem" device=/dev/sdc1 mountpoint=/sdc fstype=xfs readOnly=false
time=2026-08-10T10:41:53.049Z level=INFO msg="guestfs exec" bin=guestfish args="[--remote=112]" scriptLines=1 script="-vfs-type /dev/sdc1"
time=2026-08-10T10:41:53.099Z level=INFO msg="guestfs exec ok" bin=guestfish duration=50ms outputBytes=4 output=xfs
time=2026-08-10T10:41:53.099Z level=INFO msg="mounting filesystem" device=/dev/sda2 mountpoint=/boot fstype=xfs readOnly=false
time=2026-08-10T10:41:53.099Z level=INFO msg="guestfs exec" bin=guestfish args="[--remote=112]" scriptLines=1 script="-vfs-type /dev/sda2"
time=2026-08-10T10:41:53.154Z level=INFO msg="guestfs exec ok" bin=guestfish duration=55ms outputBytes=4 output=xfs
time=2026-08-10T10:41:53.155Z level=INFO msg="mounting filesystem" device=/dev/sda1 mountpoint=/boot/efi fstype=vfat readOnly=false
time=2026-08-10T10:41:53.155Z level=INFO msg="guestfs exec" bin=guestfish args="[--remote=112]" scriptLines=1 script="-vfs-type /dev/sda1"
time=2026-08-10T10:41:53.211Z level=INFO msg="guestfs exec ok" bin=guestfish duration=56ms outputBytes=5 output=vfat
time=2026-08-10T10:41:53.211Z level=INFO msg="firmware after mount" type=uefi espDevices=[/dev/sda1]
time=2026-08-10T10:41:53.211Z level=INFO msg="guestfs exec" bin=guestfish args="[--remote=112]" scriptLines=1 script="-exists /boot"
time=2026-08-10T10:41:53.245Z level=INFO msg="guestfs exec ok" bin=guestfish duration=34ms outputBytes=5 output=true
time=2026-08-10T10:41:53.245Z level=INFO msg="guestfs exec" bin=guestfish args="[--remote=112]" scriptLines=1 script="-is-dir /boot"
time=2026-08-10T10:41:53.286Z level=INFO msg="guestfs exec ok" bin=guestfish duration=41ms outputBytes=5 output=true
time=2026-08-10T10:41:53.286Z level=INFO msg="guestfs exec" bin=guestfish args="[--remote=112]" scriptLines=1 script="-statvfs /boot"
time=2026-08-10T10:41:53.316Z level=INFO msg="guestfs exec ok" bin=guestfish duration=30ms outputBytes=147 output="bsize: 4096\nfrsize: 4096\nblocks: 245760\nbfree: 170005\nbavail: 170005\nfiles: 524288\nffree: 524266\nfavail: 524266\nfsid: 2050\nflag: 4096\nnamemax: 255"
time=2026-08-10T10:41:53.316Z level=INFO msg="guestfs exec" bin=guestfish args="[--remote=112]" scriptLines=1 script="-exists /"
time=2026-08-10T10:41:53.352Z level=INFO msg="guestfs exec ok" bin=guestfish duration=36ms outputBytes=5 output=true
time=2026-08-10T10:41:53.352Z level=INFO msg="guestfs exec" bin=guestfish args="[--remote=112]" scriptLines=1 script="-is-dir /"
time=2026-08-10T10:41:53.382Z level=INFO msg="guestfs exec ok" bin=guestfish duration=30ms outputBytes=5 output=true
time=2026-08-10T10:41:53.382Z level=INFO msg="guestfs exec" bin=guestfish args="[--remote=112]" scriptLines=1 script="-statvfs /"
time=2026-08-10T10:41:53.411Z level=INFO msg="guestfs exec ok" bin=guestfish duration=30ms outputBytes=154 output="bsize: 4096\nfrsize: 4096\nblocks: 3341312\nbfree: 2236460\nbavail: 2236460\nfiles: 6715392\nffree: 6583495\nfavail: 6583495\nfsid: 64513\nflag: 4096\nnamemax: 255"
time=2026-08-10T10:41:53.411Z level=INFO msg="guestfs exec" bin=guestfish args="[--remote=112]" scriptLines=1 script="-exists /boot/efi"
time=2026-08-10T10:41:53.440Z level=INFO msg="guestfs exec ok" bin=guestfish duration=28ms outputBytes=5 output=true
time=2026-08-10T10:41:53.440Z level=INFO msg="guestfs exec" bin=guestfish args="[--remote=112]" scriptLines=1 script="-is-dir /boot/efi"
time=2026-08-10T10:41:53.474Z level=INFO msg="guestfs exec ok" bin=guestfish duration=34ms outputBytes=5 output=true
time=2026-08-10T10:41:53.474Z level=INFO msg="guestfs exec" bin=guestfish args="[--remote=112]" scriptLines=1 script="-statvfs /boot/efi"
time=2026-08-10T10:41:53.511Z level=INFO msg="guestfs exec ok" bin=guestfish duration=37ms outputBytes=133 output="bsize: 4096\nfrsize: 4096\nblocks: 153296\nbfree: 151495\nbavail: 151495\nfiles: 0\nffree: 0\nfavail: 0\nfsid: 2049\nflag: 4096\nnamemax: 1530"
time=2026-08-10T10:41:53.511Z level=INFO msg="guestfs exec" bin=guestfish args="[--remote=112]" scriptLines=1 script="-is-dir /Windows/System32"
time=2026-08-10T10:41:53.551Z level=INFO msg="guestfs exec ok" bin=guestfish duration=40ms outputBytes=6 output=false
time=2026-08-10T10:41:53.551Z level=INFO msg="guestfs exec" bin=guestfish args="[--remote=112]" scriptLines=1 script="-is-dir /windows/system32"
time=2026-08-10T10:41:53.590Z level=INFO msg="guestfs exec ok" bin=guestfish duration=39ms outputBytes=6 output=false
time=2026-08-10T10:41:53.590Z level=INFO msg="guestfs exec" bin=guestfish args="[--remote=112]" scriptLines=1 script="-is-dir /WINDOWS/system32"
time=2026-08-10T10:41:53.628Z level=INFO msg="guestfs exec ok" bin=guestfish duration=37ms outputBytes=6 output=false
time=2026-08-10T10:41:53.628Z level=INFO msg="guestfs exec" bin=guestfish args="[--remote=112]" scriptLines=1 script="-exists /etc/os-release"
time=2026-08-10T10:41:53.669Z level=INFO msg="guestfs exec ok" bin=guestfish duration=41ms outputBytes=5 output=true
time=2026-08-10T10:41:53.670Z level=INFO msg="guestfs exec" bin=guestfish args="[--remote=112]" scriptLines=1 script="-download /etc/os-release /tmp/kc-gfs-read-1762136100"
time=2026-08-10T10:41:53.728Z level=INFO msg="guestfs exec ok" bin=guestfish duration=59ms outputBytes=0 output=""
time=2026-08-10T10:41:53.729Z level=INFO msg="guestfs exec" bin=guestfish args="[--remote=112]" scriptLines=1 script="-is-dir /lib/modules"
time=2026-08-10T10:41:53.768Z level=INFO msg="guestfs exec ok" bin=guestfish duration=39ms outputBytes=5 output=true
time=2026-08-10T10:41:53.768Z level=INFO msg="guestfs exec" bin=guestfish args="[--remote=112]" scriptLines=1 script="-ll /lib/modules"
time=2026-08-10T10:41:53.817Z level=INFO msg="guestfs exec ok" bin=guestfish duration=49ms outputBytes=237 output="total 8\ndrwxr-xr-x.  4 root root   71 Jul  1  2025 .\ndr-xr-xr-x. 38 root root 4096 Jul  1  2025 ..\ndrwxr-xr-x.  3 root root   19 Jul  1  2025 5.14.0-421.el9.x86_64\ndrwxr-xr-x.  7 root root 4096 Jul  1  2025 5.14.0-427.13.1.el9_4.x86_64"
time=2026-08-10T10:41:53.817Z level=INFO msg="guestfs exec" bin=guestfish args="[--remote=112]" scriptLines=1 script="-exists /boot/grub2/grub.cfg"
time=2026-08-10T10:41:53.851Z level=INFO msg="guestfs exec ok" bin=guestfish duration=34ms outputBytes=5 output=true
time=2026-08-10T10:41:53.851Z level=INFO msg="guestfs exec" bin=guestfish args="[--remote=112]" scriptLines=1 script="-exists /"
time=2026-08-10T10:41:53.882Z level=INFO msg="guestfs exec ok" bin=guestfish duration=31ms outputBytes=5 output=true
time=2026-08-10T10:41:53.882Z level=INFO msg="guestfs exec" bin=guestfish args="[--remote=112]" scriptLines=1 script="-exists /boot"
time=2026-08-10T10:41:53.911Z level=INFO msg="guestfs exec ok" bin=guestfish duration=29ms outputBytes=5 output=true
time=2026-08-10T10:41:53.912Z level=INFO msg="guestfs exec" bin=guestfish args="[--remote=112]" scriptLines=1 script="-exists /boot/efi"
time=2026-08-10T10:41:53.942Z level=INFO msg="guestfs exec ok" bin=guestfish duration=30ms outputBytes=5 output=true
time=2026-08-10T10:41:53.942Z level=INFO msg="guestfs exec" bin=guestfish args="[--remote=112]" scriptLines=1 script="-exists /"
time=2026-08-10T10:41:53.974Z level=INFO msg="guestfs exec ok" bin=guestfish duration=32ms outputBytes=5 output=true
time=2026-08-10T10:41:53.974Z level=INFO msg="guestfs exec" bin=guestfish args="[--remote=112]" scriptLines=1 script="-is-dir /"
time=2026-08-10T10:41:54.014Z level=INFO msg="guestfs exec ok" bin=guestfish duration=39ms outputBytes=5 output=true
time=2026-08-10T10:41:54.014Z level=INFO msg="guestfs exec" bin=guestfish args="[--remote=112]" scriptLines=1 script="-statvfs /"
time=2026-08-10T10:41:54.055Z level=INFO msg="guestfs exec ok" bin=guestfish duration=41ms outputBytes=154 output="bsize: 4096\nfrsize: 4096\nblocks: 3341312\nbfree: 2236460\nbavail: 2236460\nfiles: 6715392\nffree: 6583495\nfavail: 6583495\nfsid: 64513\nflag: 4096\nnamemax: 255"
time=2026-08-10T10:41:54.055Z level=INFO msg="guestfs exec" bin=guestfish args="[--remote=112]" scriptLines=1 script="-exists /boot"
time=2026-08-10T10:41:54.095Z level=INFO msg="guestfs exec ok" bin=guestfish duration=40ms outputBytes=5 output=true
time=2026-08-10T10:41:54.096Z level=INFO msg="guestfs exec" bin=guestfish args="[--remote=112]" scriptLines=1 script="-is-dir /boot"
time=2026-08-10T10:41:54.137Z level=INFO msg="guestfs exec ok" bin=guestfish duration=42ms outputBytes=5 output=true
time=2026-08-10T10:41:54.137Z level=INFO msg="guestfs exec" bin=guestfish args="[--remote=112]" scriptLines=1 script="-statvfs /boot"
time=2026-08-10T10:41:54.179Z level=INFO msg="guestfs exec ok" bin=guestfish duration=41ms outputBytes=147 output="bsize: 4096\nfrsize: 4096\nblocks: 245760\nbfree: 170005\nbavail: 170005\nfiles: 524288\nffree: 524266\nfavail: 524266\nfsid: 2050\nflag: 4096\nnamemax: 255"
time=2026-08-10T10:41:54.180Z level=INFO msg="guestfs exec" bin=guestfish args="[--remote=112]" scriptLines=1 script="-exists /boot/efi"
time=2026-08-10T10:41:54.215Z level=INFO msg="guestfs exec ok" bin=guestfish duration=34ms outputBytes=5 output=true
time=2026-08-10T10:41:54.215Z level=INFO msg="guestfs exec" bin=guestfish args="[--remote=112]" scriptLines=1 script="-is-dir /boot/efi"
time=2026-08-10T10:41:54.257Z level=INFO msg="guestfs exec ok" bin=guestfish duration=42ms outputBytes=5 output=true
time=2026-08-10T10:41:54.257Z level=INFO msg="guestfs exec" bin=guestfish args="[--remote=112]" scriptLines=1 script="-statvfs /boot/efi"
time=2026-08-10T10:41:54.292Z level=INFO msg="guestfs exec ok" bin=guestfish duration=35ms outputBytes=133 output="bsize: 4096\nfrsize: 4096\nblocks: 153296\nbfree: 151495\nbavail: 151495\nfiles: 0\nffree: 0\nfavail: 0\nfsid: 2049\nflag: 4096\nnamemax: 1530"
time=2026-08-10T10:41:54.293Z level=INFO msg="pipeline complete"
time=2026-08-10T10:41:54.293Z level=INFO msg="guestfs exec" bin=guestfish args="[--remote=112]" scriptLines=1 script=-umount-all
time=2026-08-10T10:41:54.382Z level=INFO msg="guestfs exec ok" bin=guestfish duration=89ms outputBytes=0 output=""
time=2026-08-10T10:41:54.382Z level=INFO msg="kc-prepare completed" output=/var/tmp/v2v/pipeline.json
time=2026-08-10T10:41:54.384Z level=INFO msg=exec bin=/usr/lib/kc-utils/kc-convert-linux args="[--input /var/tmp/v2v/pipeline.json --output /var/tmp/v2v/pipeline.json --mount-root /tmp/kc-guest --log-level info --guestfs]"
time=2026-08-10T10:41:54.390Z level=INFO msg="guestfish adopting shared session" pid=112 guestfishPID=112 shared=true
time=2026-08-10T10:41:54.390Z level=INFO msg="guestfish ensureLaunched" pid=112 disks=3 paths="[/var/tmp/v2v/overlay-0-block0.qcow2 /var/tmp/v2v/overlay-1-block1.qcow2 /var/tmp/v2v/overlay-2-block2.qcow2]" HOME=/var/tmp LIBGUESTFS_BACKEND=direct socket=/tmp/.guestfish-107/socket-112 sessionAlive=true
time=2026-08-10T10:41:54.390Z level=INFO msg="guestfs exec" bin=guestfish args="[--remote=112]" scriptLines=1 script=-list-devices
time=2026-08-10T10:41:54.481Z level=INFO msg="guestfs exec ok" bin=guestfish duration=91ms outputBytes=27 output="/dev/sda\n/dev/sdb\n/dev/sdc"
time=2026-08-10T10:41:54.481Z level=INFO msg="guestfish ready probe" pid=112 ready=true devices="/dev/sda\n/dev/sdb\n/dev/sdc"
time=2026-08-10T10:41:54.481Z level=INFO msg="guestfish session already launched" pid=112 devices="/dev/sda\n/dev/sdb\n/dev/sdc"
time=2026-08-10T10:41:54.481Z level=INFO msg="matched distro handler" name=rhel
time=2026-08-10T10:41:54.481Z level=INFO msg="guestfs exec" bin=guestfish args="[--remote=112]" scriptLines=1 script=-inspect-os
time=2026-08-10T10:41:57.673Z level=INFO msg="guestfs exec ok" bin=guestfish duration=3.191s outputBytes=29 output=/dev/rhel_dhcp-6-46-218/root
time=2026-08-10T10:41:57.673Z level=INFO msg="guestfs exec" bin=guestfish args="[--remote=112]" scriptLines=1 script="-inspect-get-mountpoints /dev/rhel_dhcp-6-46-218/root"
time=2026-08-10T10:41:57.720Z level=INFO msg="guestfs exec ok" bin=guestfish duration=47ms outputBytes=102 output="/: /dev/rhel_dhcp-6-46-218/root\n/boot: /dev/sda2\n/boot/efi: /dev/sda1\n/sdb: /dev/sdb1\n/sdc: /dev/sdc1"
time=2026-08-10T10:41:57.720Z level=INFO msg="discovered mount points via inspection" root=/dev/rhel_dhcp-6-46-218/root preferred=/dev/rhel_dhcp-6-46-218/root count=5
time=2026-08-10T10:41:57.720Z level=INFO msg="guestfs exec" bin=guestfish args="[--remote=112]" scriptLines=6 script="-umount-all\n-mount /dev/rhel_dhcp-6-46-218/root /\n-mount /dev/sdb1 /sdb\n-mount /dev/sdc1 /sdc\n-mount /dev/sda2 /boot\n-mount /dev/sda1 /boot/efi"
time=2026-08-10T10:41:57.928Z level=INFO msg="guestfs exec ok" bin=guestfish duration=208ms outputBytes=0 output=""
time=2026-08-10T10:41:57.928Z level=INFO msg="guestfs exec" bin=guestfish args="[--remote=112]" scriptLines=1 script="-is-dir /boot/loader/entries"
time=2026-08-10T10:41:57.956Z level=INFO msg="guestfs exec ok" bin=guestfish duration=28ms outputBytes=5 output=true
time=2026-08-10T10:41:57.956Z level=INFO msg="guestfs exec" bin=guestfish args="[--remote=112]" scriptLines=1 script="-ll /boot/loader/entries"
time=2026-08-10T10:41:57.993Z level=INFO msg="guestfs exec ok" bin=guestfish duration=37ms outputBytes=292 output="total 8\ndrwx------. 2 root root 134 Jul  1  2025 .\ndrwxr-xr-x. 3 root root  21 Jul  1  2025 ..\n-rw-r--r--. 1 root root 546 Jul  1  2025 c175420caa354ef68edccf1fa2f94219-0-rescue.conf\n-rw-r--r--. 1 root root 508 Jul  1  2025 c175420caa354ef68edccf1fa2f94219-5.14.0-427.13.1.el9_4.x86_64.conf"
time=2026-08-10T10:41:57.993Z level=INFO msg="found bootloader" name=bls
time=2026-08-10T10:41:57.993Z level=INFO msg="guestfs exec" bin=guestfish args="[--remote=112]" scriptLines=1 script="-is-dir /lib/modules"
time=2026-08-10T10:41:58.037Z level=INFO msg="guestfs exec ok" bin=guestfish duration=44ms outputBytes=5 output=true
time=2026-08-10T10:41:58.037Z level=INFO msg="guestfs exec" bin=guestfish args="[--remote=112]" scriptLines=1 script="-is-dir /lib/modules"
time=2026-08-10T10:41:58.067Z level=INFO msg="guestfs exec ok" bin=guestfish duration=30ms outputBytes=5 output=true
time=2026-08-10T10:41:58.067Z level=INFO msg="guestfs exec" bin=guestfish args="[--remote=112]" scriptLines=1 script="-ll /lib/modules"
time=2026-08-10T10:41:58.102Z level=INFO msg="guestfs exec ok" bin=guestfish duration=34ms outputBytes=237 output="total 8\ndrwxr-xr-x.  4 root root   71 Jul  1  2025 .\ndr-xr-xr-x. 38 root root 4096 Jul  1  2025 ..\ndrwxr-xr-x.  3 root root   19 Jul  1  2025 5.14.0-421.el9.x86_64\ndrwxr-xr-x.  7 root root 4096 Jul  1  2025 5.14.0-427.13.1.el9_4.x86_64"
time=2026-08-10T10:41:58.102Z level=INFO msg="guestfs exec" bin=guestfish args="[--remote=112]" scriptLines=1 script="-is-dir /boot"
time=2026-08-10T10:41:58.137Z level=INFO msg="guestfs exec ok" bin=guestfish duration=35ms outputBytes=5 output=true
time=2026-08-10T10:41:58.137Z level=INFO msg="guestfs exec" bin=guestfish args="[--remote=112]" scriptLines=1 script="-ll /boot"
time=2026-08-10T10:41:58.178Z level=INFO msg="guestfs exec ok" bin=guestfish duration=41ms outputBytes=1157 output="total 260660\ndr-xr-xr-x.  5 root root      4096 Jul  1  2025 .\ndr-xr-xr-x. 20 root root       257 Jul  1  2025 ..\n-rw-r--r--.  1 root root       167 Apr 10  2024 .vmlinuz-5.14.0-427.13.1.el9_4.x86_64.hmac\n-rw-------.  1 root root   8629622 Apr 10  2024 System.map-5.14.0-427.13.1.el9_4.x86_64\n-rw-r--r--.  1 root root    223205 Apr 10  2024 config-5.14.0-427.13.1.el9_4.x86_64\ndrwxr-xr-x   3 root root      4096 Jan  1  1970 efi\ndrwx------.  3 root root        50 Jul  1  2025 grub2\n-rw-------.  1 root root 1382…"
time=2026-08-10T10:41:58.178Z level=INFO msg="guestfs exec" bin=guestfish args="[--remote=112]" scriptLines=1 script="-is-dir /lib/modules"
time=2026-08-10T10:41:58.213Z level=INFO msg="guestfs exec ok" bin=guestfish duration=35ms outputBytes=5 output=true
time=2026-08-10T10:41:58.213Z level=INFO msg="guestfs exec" bin=guestfish args="[--remote=112]" scriptLines=1 script="-is-dir /lib/modules/5.14.0-427.13.1.el9_4.x86_64/kernel/drivers"
time=2026-08-10T10:41:58.256Z level=INFO msg="guestfs exec ok" bin=guestfish duration=43ms outputBytes=5 output=true
time=2026-08-10T10:41:58.256Z level=INFO msg="guestfs exec" bin=guestfish args="[--remote=112]" scriptLines=1 script="-find /lib/modules/5.14.0-427.13.1.el9_4.x86_64/kernel/drivers"
time=2026-08-10T10:41:58.511Z level=INFO msg="guestfs exec ok" bin=guestfish duration=254ms outputBytes=49293 output="/acpi\n/acpi/acpi_extlog.ko.xz\n/acpi/acpi_ipmi.ko.xz\n/acpi/acpi_pad.ko.xz\n/acpi/acpi_tad.ko.xz\n/acpi/apei\n/acpi/apei/einj.ko.xz\n/acpi/dptf\n/acpi/dptf/dptf_pch_fivr.ko.xz\n/acpi/dptf/dptf_power.ko.xz\n/acpi/nfit\n/acpi/nfit/nfit.ko.xz\n/acpi/pfr_telemetry.ko.xz\n/acpi/pfr_update.ko.xz\n/acpi/platform_profile.ko.xz\n/acpi/sbs.ko.xz\n/acpi/sbshc.ko.xz\n/acpi/video.ko.xz\n/ata\n/ata/ahci.ko.xz\n/ata/ahci_platform.ko.xz\n/ata/ata_generic.ko.xz\n/ata/ata_piix.ko.xz\n/ata/libahci.ko.xz\n/ata/libahci_platform.ko.xz\n/ata/libata.ko.x…"
time=2026-08-10T10:41:58.512Z level=INFO msg="found kernels" count=2 scanner=rpm
time=2026-08-10T10:41:58.512Z level=INFO msg="remapping devices" plugins=[standard]
time=2026-08-10T10:41:58.512Z level=INFO msg="guestfs exec" bin=guestfish args="[--remote=112]" scriptLines=1 script="-exists /etc/fstab"
time=2026-08-10T10:41:58.546Z level=INFO msg="guestfs exec ok" bin=guestfish duration=33ms outputBytes=5 output=true
time=2026-08-10T10:41:58.546Z level=INFO msg="running device remapper" name=standard
time=2026-08-10T10:41:58.546Z level=INFO msg="guestfs exec" bin=guestfish args="[--remote=112]" scriptLines=1 script="-download /etc/fstab /tmp/kc-gfs-read-3166669879"
time=2026-08-10T10:41:58.614Z level=INFO msg="guestfs exec ok" bin=guestfish duration=68ms outputBytes=0 output=""
time=2026-08-10T10:41:58.615Z level=INFO msg="guestfs exec" bin=guestfish args="[--remote=112]" scriptLines=3 script="-mkdir-p /etc\n-upload /tmp/kc-gfs-write-3637202159 /etc/fstab\n-chmod 0644 /etc/fstab"
time=2026-08-10T10:41:58.680Z level=INFO msg="guestfs exec ok" bin=guestfish duration=66ms outputBytes=0 output=""
time=2026-08-10T10:41:58.680Z level=INFO msg="remapped block devices to virtio" file=etc/fstab
time=2026-08-10T10:41:58.681Z level=INFO msg="guestfs exec" bin=guestfish args="[--remote=112]" scriptLines=1 script="-download /etc/crypttab /tmp/kc-gfs-read-3488788962"
time=2026-08-10T10:41:58.737Z level=INFO msg="guestfs exec ok" bin=guestfish duration=56ms outputBytes=0 output=""
time=2026-08-10T10:41:58.737Z level=INFO msg="guestfs exec" bin=guestfish args="[--remote=112]" scriptLines=3 script="-mkdir-p /etc\n-upload /tmp/kc-gfs-write-2494683919 /etc/crypttab\n-chmod 0644 /etc/crypttab"
time=2026-08-10T10:41:58.798Z level=INFO msg="guestfs exec ok" bin=guestfish duration=61ms outputBytes=0 output=""
time=2026-08-10T10:41:58.798Z level=INFO msg="remapped block devices to virtio" file=etc/crypttab
time=2026-08-10T10:41:58.799Z level=INFO msg="guestfs exec" bin=guestfish args="[--remote=112]" scriptLines=1 script="-download /etc/default/grub /tmp/kc-gfs-read-3361008134"
time=2026-08-10T10:41:58.866Z level=INFO msg="guestfs exec ok" bin=guestfish duration=67ms outputBytes=0 output=""
time=2026-08-10T10:41:58.866Z level=INFO msg="guestfs exec" bin=guestfish args="[--remote=112]" scriptLines=1 script="-is-dir /boot/loader/entries"
time=2026-08-10T10:41:58.906Z level=INFO msg="guestfs exec ok" bin=guestfish duration=40ms outputBytes=5 output=true
time=2026-08-10T10:41:58.906Z level=INFO msg="guestfs exec" bin=guestfish args="[--remote=112]" scriptLines=1 script="-ll /boot/loader/entries"
time=2026-08-10T10:41:58.946Z level=INFO msg="guestfs exec ok" bin=guestfish duration=39ms outputBytes=292 output="total 8\ndrwx------. 2 root root 134 Jul  1  2025 .\ndrwxr-xr-x. 3 root root  21 Jul  1  2025 ..\n-rw-r--r--. 1 root root 546 Jul  1  2025 c175420caa354ef68edccf1fa2f94219-0-rescue.conf\n-rw-r--r--. 1 root root 508 Jul  1  2025 c175420caa354ef68edccf1fa2f94219-5.14.0-427.13.1.el9_4.x86_64.conf"
time=2026-08-10T10:41:58.946Z level=INFO msg="guestfs exec" bin=guestfish args="[--remote=112]" scriptLines=1 script="-download /boot/loader/entries/c175420caa354ef68edccf1fa2f94219-0-rescue.conf /tmp/kc-gfs-read-552562150"
time=2026-08-10T10:41:59.003Z level=INFO msg="guestfs exec ok" bin=guestfish duration=57ms outputBytes=0 output=""
time=2026-08-10T10:41:59.004Z level=INFO msg="guestfs exec" bin=guestfish args="[--remote=112]" scriptLines=1 script="-download /boot/loader/entries/c175420caa354ef68edccf1fa2f94219-5.14.0-427.13.1.el9_4.x86_64.conf /tmp/kc-gfs-read-1395858920"
time=2026-08-10T10:41:59.064Z level=INFO msg="guestfs exec ok" bin=guestfish duration=61ms outputBytes=0 output=""
time=2026-08-10T10:41:59.065Z level=INFO msg="device remapper complete" name=standard
time=2026-08-10T10:41:59.065Z level=INFO msg="guestfs exec" bin=guestfish args="[--remote=112]" scriptLines=1 script="-statvfs /boot/efi"
time=2026-08-10T10:41:59.110Z level=INFO msg="guestfs exec ok" bin=guestfish duration=45ms outputBytes=133 output="bsize: 4096\nfrsize: 4096\nblocks: 153296\nbfree: 151495\nbavail: 151495\nfiles: 0\nffree: 0\nfavail: 0\nfsid: 2049\nflag: 4096\nnamemax: 1530"
time=2026-08-10T10:41:59.110Z level=INFO msg="running UEFI editor" editor=bcd esp=/dev/sda1
time=2026-08-10T10:41:59.110Z level=INFO msg="guestfs exec" bin=guestfish args="[--remote=112]" scriptLines=1 script="-exists /dev/sda1/EFI/Microsoft/Boot/BCD"
time=2026-08-10T10:41:59.149Z level=INFO msg="guestfs exec ok" bin=guestfish duration=39ms outputBytes=6 output=false
time=2026-08-10T10:41:59.149Z level=INFO msg="guestfs exec" bin=guestfish args="[--remote=112]" scriptLines=1 script="-mkdir-p /dev/sda1/EFI/Boot"
time=2026-08-10T10:41:59.209Z level=INFO msg="guestfs exec ok" bin=guestfish duration=59ms outputBytes=0 output=""
time=2026-08-10T10:41:59.209Z level=INFO msg="guestfs exec" bin=guestfish args="[--remote=112]" scriptLines=1 script="-exists /dev/sda1/EFI/Microsoft/Boot/bootmgfw.efi"
time=2026-08-10T10:41:59.251Z level=INFO msg="guestfs exec ok" bin=guestfish duration=42ms outputBytes=6 output=false
time=2026-08-10T10:41:59.251Z level=WARN msg="Microsoft bootloader not found, skipping fallback copy" path=/tmp/kc-guest/dev/sda1/EFI/Microsoft/Boot/bootmgfw.efi
time=2026-08-10T10:41:59.251Z level=INFO msg="UEFI editor complete" editor=bcd esp=/dev/sda1
time=2026-08-10T10:41:59.251Z level=INFO msg="running UEFI editor" editor=grub-fallback esp=/dev/sda1
time=2026-08-10T10:41:59.251Z level=INFO msg="guestfs exec" bin=guestfish args="[--remote=112]" scriptLines=1 script="-exists /dev/sda1/EFI/BOOT/bootx64.efi"
time=2026-08-10T10:41:59.287Z level=INFO msg="guestfs exec ok" bin=guestfish duration=36ms outputBytes=6 output=false
time=2026-08-10T10:41:59.287Z level=INFO msg="guestfs exec" bin=guestfish args="[--remote=112]" scriptLines=1 script="-exists /dev/sda1/EFI/BOOT/bootaa64.efi"
time=2026-08-10T10:41:59.328Z level=INFO msg="guestfs exec ok" bin=guestfish duration=41ms outputBytes=6 output=false
time=2026-08-10T10:41:59.329Z level=INFO msg="guestfs exec" bin=guestfish args="[--remote=112]" scriptLines=1 script="-exists /dev/sda1/EFI/BOOT/BOOTX64.EFI"
time=2026-08-10T10:41:59.371Z level=INFO msg="guestfs exec ok" bin=guestfish duration=42ms outputBytes=6 output=false
time=2026-08-10T10:41:59.371Z level=INFO msg="guestfs exec" bin=guestfish args="[--remote=112]" scriptLines=1 script="-exists /dev/sda1/EFI/BOOT/BOOTAA64.EFI"
time=2026-08-10T10:41:59.410Z level=INFO msg="guestfs exec ok" bin=guestfish duration=39ms outputBytes=6 output=false
time=2026-08-10T10:41:59.410Z level=INFO msg="guestfs exec" bin=guestfish args="[--remote=112]" scriptLines=1 script="-exists /dev/sda1/EFI/redhat/shimx64.efi"
time=2026-08-10T10:41:59.447Z level=INFO msg="guestfs exec ok" bin=guestfish duration=37ms outputBytes=6 output=false
time=2026-08-10T10:41:59.447Z level=INFO msg="guestfs exec" bin=guestfish args="[--remote=112]" scriptLines=1 script="-exists /dev/sda1/EFI/redhat/grubx64.efi"
time=2026-08-10T10:41:59.486Z level=INFO msg="guestfs exec ok" bin=guestfish duration=38ms outputBytes=6 output=false
time=2026-08-10T10:41:59.486Z level=INFO msg="guestfs exec" bin=guestfish args="[--remote=112]" scriptLines=1 script="-exists /dev/sda1/EFI/centos/shimx64.efi"
time=2026-08-10T10:41:59.524Z level=INFO msg="guestfs exec ok" bin=guestfish duration=39ms outputBytes=6 output=false
time=2026-08-10T10:41:59.525Z level=INFO msg="guestfs exec" bin=guestfish args="[--remote=112]" scriptLines=1 script="-exists /dev/sda1/EFI/ubuntu/shimx64.efi"
time=2026-08-10T10:41:59.558Z level=INFO msg="guestfs exec ok" bin=guestfish duration=34ms outputBytes=6 output=false
time=2026-08-10T10:41:59.558Z level=INFO msg="guestfs exec" bin=guestfish args="[--remote=112]" scriptLines=1 script="-exists /dev/sda1/EFI/ubuntu/grubx64.efi"
time=2026-08-10T10:41:59.597Z level=INFO msg="guestfs exec ok" bin=guestfish duration=39ms outputBytes=6 output=false
time=2026-08-10T10:41:59.597Z level=INFO msg="guestfs exec" bin=guestfish args="[--remote=112]" scriptLines=1 script="-exists /dev/sda1/EFI/debian/grubx64.efi"
time=2026-08-10T10:41:59.635Z level=INFO msg="guestfs exec ok" bin=guestfish duration=38ms outputBytes=6 output=false
time=2026-08-10T10:41:59.635Z level=INFO msg="guestfs exec" bin=guestfish args="[--remote=112]" scriptLines=1 script="-exists /dev/sda1/EFI/suse/shim.efi"
time=2026-08-10T10:41:59.669Z level=INFO msg="guestfs exec ok" bin=guestfish duration=33ms outputBytes=6 output=false
time=2026-08-10T10:41:59.669Z level=INFO msg="guestfs exec" bin=guestfish args="[--remote=112]" scriptLines=1 script="-exists /dev/sda1/EFI/suse/grubx64.efi"
time=2026-08-10T10:41:59.706Z level=INFO msg="guestfs exec ok" bin=guestfish duration=37ms outputBytes=6 output=false
time=2026-08-10T10:41:59.707Z level=INFO msg="guestfs exec" bin=guestfish args="[--remote=112]" scriptLines=1 script="-exists /dev/sda1/EFI/fedora/shimx64.efi"
time=2026-08-10T10:41:59.735Z level=INFO msg="guestfs exec ok" bin=guestfish duration=28ms outputBytes=6 output=false
time=2026-08-10T10:41:59.735Z level=INFO msg="guestfs exec" bin=guestfish args="[--remote=112]" scriptLines=1 script="-exists /dev/sda1/EFI/fedora/grubx64.efi"
time=2026-08-10T10:41:59.766Z level=INFO msg="guestfs exec ok" bin=guestfish duration=31ms outputBytes=6 output=false
time=2026-08-10T10:41:59.766Z level=INFO msg="guestfs exec" bin=guestfish args="[--remote=112]" scriptLines=1 script="-exists /dev/sda1/EFI/redhat/shimaa64.efi"
time=2026-08-10T10:41:59.801Z level=INFO msg="guestfs exec ok" bin=guestfish duration=35ms outputBytes=6 output=false
time=2026-08-10T10:41:59.801Z level=INFO msg="guestfs exec" bin=guestfish args="[--remote=112]" scriptLines=1 script="-exists /dev/sda1/EFI/redhat/grubaa64.efi"
time=2026-08-10T10:41:59.836Z level=INFO msg="guestfs exec ok" bin=guestfish duration=35ms outputBytes=6 output=false
time=2026-08-10T10:41:59.836Z level=INFO msg="UEFI editor complete" editor=grub-fallback esp=/dev/sda1
time=2026-08-10T10:41:59.836Z level=INFO msg="selected kernel" version=5.14.0-427.13.1.el9_4.x86_64
time=2026-08-10T10:41:59.836Z level=INFO msg="guestfs exec" bin=guestfish args="[--remote=112]" scriptLines=1 script="-is-dir /boot/loader/entries"
time=2026-08-10T10:41:59.873Z level=INFO msg="guestfs exec ok" bin=guestfish duration=37ms outputBytes=5 output=true
time=2026-08-10T10:41:59.873Z level=INFO msg="guestfs exec" bin=guestfish args="[--remote=112]" scriptLines=1 script="-ll /boot/loader/entries"
time=2026-08-10T10:41:59.913Z level=INFO msg="guestfs exec ok" bin=guestfish duration=40ms outputBytes=292 output="total 8\ndrwx------. 2 root root 134 Jul  1  2025 .\ndrwxr-xr-x. 3 root root  21 Jul  1  2025 ..\n-rw-r--r--. 1 root root 546 Jul  1  2025 c175420caa354ef68edccf1fa2f94219-0-rescue.conf\n-rw-r--r--. 1 root root 508 Jul  1  2025 c175420caa354ef68edccf1fa2f94219-5.14.0-427.13.1.el9_4.x86_64.conf"
time=2026-08-10T10:41:59.913Z level=INFO msg="guestfs exec" bin=guestfish args="[--remote=112]" scriptLines=1 script="-download /boot/loader/entries/c175420caa354ef68edccf1fa2f94219-0-rescue.conf /tmp/kc-gfs-read-2505941039"
time=2026-08-10T10:41:59.972Z level=INFO msg="guestfs exec ok" bin=guestfish duration=58ms outputBytes=0 output=""
time=2026-08-10T10:41:59.972Z level=INFO msg="guestfs exec" bin=guestfish args="[--remote=112]" scriptLines=1 script="-download /boot/loader/entries/c175420caa354ef68edccf1fa2f94219-5.14.0-427.13.1.el9_4.x86_64.conf /tmp/kc-gfs-read-4145616536"
time=2026-08-10T10:42:00.027Z level=INFO msg="guestfs exec ok" bin=guestfish duration=55ms outputBytes=0 output=""
time=2026-08-10T10:42:00.027Z level=INFO msg="guestfs exec" bin=guestfish args="[--remote=112]" scriptLines=1 script="-mv /boot/loader/entries/c175420caa354ef68edccf1fa2f94219-5.14.0-427.13.1.el9_4.x86_64.conf /boot/loader/entries/0-c175420caa354ef68edccf1fa2f94219-5.14.0-427.13.1.el9_4.x86_64.conf"
time=2026-08-10T10:42:00.072Z level=INFO msg="guestfs exec ok" bin=guestfish duration=44ms outputBytes=0 output=""
time=2026-08-10T10:42:00.072Z level=INFO msg="guestfs exec" bin=guestfish args="[--remote=112]" scriptLines=1 script="-is-dir /boot/loader/entries"
time=2026-08-10T10:42:00.119Z level=INFO msg="guestfs exec ok" bin=guestfish duration=47ms outputBytes=5 output=true
time=2026-08-10T10:42:00.119Z level=INFO msg="guestfs exec" bin=guestfish args="[--remote=112]" scriptLines=1 script="-ll /boot/loader/entries"
time=2026-08-10T10:42:00.171Z level=INFO msg="guestfs exec ok" bin=guestfish duration=52ms outputBytes=294 output="total 8\ndrwx------. 2 root root 136 Aug 10 10:41 .\ndrwxr-xr-x. 3 root root  21 Jul  1  2025 ..\n-rw-r--r--. 1 root root 508 Jul  1  2025 0-c175420caa354ef68edccf1fa2f94219-5.14.0-427.13.1.el9_4.x86_64.conf\n-rw-r--r--. 1 root root 546 Jul  1  2025 c175420caa354ef68edccf1fa2f94219-0-rescue.conf"
time=2026-08-10T10:42:00.172Z level=INFO msg="guestfs exec" bin=guestfish args="[--remote=112]" scriptLines=1 script="-download /boot/loader/entries/0-c175420caa354ef68edccf1fa2f94219-5.14.0-427.13.1.el9_4.x86_64.conf /tmp/kc-gfs-read-3128426568"
time=2026-08-10T10:42:00.244Z level=INFO msg="guestfs exec ok" bin=guestfish duration=73ms outputBytes=0 output=""
time=2026-08-10T10:42:00.245Z level=INFO msg="guestfs exec" bin=guestfish args="[--remote=112]" scriptLines=3 script="-mkdir-p /boot/loader/entries\n-upload /tmp/kc-gfs-write-4105412946 /boot/loader/entries/0-c175420caa354ef68edccf1fa2f94219-5.14.0-427.13.1.el9_4.x86_64.conf\n-chmod 0644 /boot/loader/entries/0-c175420caa354ef68edccf1fa2f94219-5.14.0-427.13.1.el9_4.x86_64.co…"
time=2026-08-10T10:42:00.301Z level=INFO msg="guestfs exec ok" bin=guestfish duration=56ms outputBytes=0 output=""
time=2026-08-10T10:42:00.302Z level=INFO msg="guestfs exec" bin=guestfish args="[--remote=112]" scriptLines=1 script="-download /boot/loader/entries/c175420caa354ef68edccf1fa2f94219-0-rescue.conf /tmp/kc-gfs-read-3284125507"
time=2026-08-10T10:42:00.361Z level=INFO msg="guestfs exec ok" bin=guestfish duration=59ms outputBytes=0 output=""
time=2026-08-10T10:42:00.361Z level=INFO msg="guestfs exec" bin=guestfish args="[--remote=112]" scriptLines=3 script="-mkdir-p /boot/loader/entries\n-upload /tmp/kc-gfs-write-2353763703 /boot/loader/entries/c175420caa354ef68edccf1fa2f94219-0-rescue.conf\n-chmod 0644 /boot/loader/entries/c175420caa354ef68edccf1fa2f94219-0-rescue.conf"
time=2026-08-10T10:42:00.421Z level=INFO msg="guestfs exec ok" bin=guestfish duration=60ms outputBytes=0 output=""
time=2026-08-10T10:42:00.422Z level=INFO msg="guestfs exec" bin=guestfish args="[--remote=112]" scriptLines=1 script="-is-dir /boot/loader/entries"
time=2026-08-10T10:42:00.454Z level=INFO msg="guestfs exec ok" bin=guestfish duration=32ms outputBytes=5 output=true
time=2026-08-10T10:42:00.454Z level=INFO msg="guestfs exec" bin=guestfish args="[--remote=112]" scriptLines=1 script="-ll /boot/loader/entries"
time=2026-08-10T10:42:00.495Z level=INFO msg="guestfs exec ok" bin=guestfish duration=40ms outputBytes=294 output="total 8\ndrwx------. 2 root root 136 Aug 10 10:41 .\ndrwxr-xr-x. 3 root root  21 Jul  1  2025 ..\n-rw-r--r--. 1 root root 502 Aug 10 10:41 0-c175420caa354ef68edccf1fa2f94219-5.14.0-427.13.1.el9_4.x86_64.conf\n-rw-r--r--. 1 root root 540 Aug 10 10:41 c175420caa354ef68edccf1fa2f94219-0-rescue.conf"
time=2026-08-10T10:42:00.496Z level=INFO msg="guestfs exec" bin=guestfish args="[--remote=112]" scriptLines=1 script="-download /boot/loader/entries/0-c175420caa354ef68edccf1fa2f94219-5.14.0-427.13.1.el9_4.x86_64.conf /tmp/kc-gfs-read-156196549"
time=2026-08-10T10:42:00.554Z level=INFO msg="guestfs exec ok" bin=guestfish duration=58ms outputBytes=0 output=""
time=2026-08-10T10:42:00.554Z level=INFO msg="guestfs exec" bin=guestfish args="[--remote=112]" scriptLines=3 script="-mkdir-p /boot/loader/entries\n-upload /tmp/kc-gfs-write-4078874534 /boot/loader/entries/0-c175420caa354ef68edccf1fa2f94219-5.14.0-427.13.1.el9_4.x86_64.conf\n-chmod 0644 /boot/loader/entries/0-c175420caa354ef68edccf1fa2f94219-5.14.0-427.13.1.el9_4.x86_64.co…"
time=2026-08-10T10:42:00.617Z level=INFO msg="guestfs exec ok" bin=guestfish duration=63ms outputBytes=0 output=""
time=2026-08-10T10:42:00.618Z level=INFO msg="guestfs exec" bin=guestfish args="[--remote=112]" scriptLines=1 script="-download /boot/loader/entries/c175420caa354ef68edccf1fa2f94219-0-rescue.conf /tmp/kc-gfs-read-888733221"
time=2026-08-10T10:42:00.683Z level=INFO msg="guestfs exec ok" bin=guestfish duration=65ms outputBytes=0 output=""
time=2026-08-10T10:42:00.684Z level=INFO msg="guestfs exec" bin=guestfish args="[--remote=112]" scriptLines=3 script="-mkdir-p /boot/loader/entries\n-upload /tmp/kc-gfs-write-3538469588 /boot/loader/entries/c175420caa354ef68edccf1fa2f94219-0-rescue.conf\n-chmod 0644 /boot/loader/entries/c175420caa354ef68edccf1fa2f94219-0-rescue.conf"
time=2026-08-10T10:42:00.753Z level=INFO msg="guestfs exec ok" bin=guestfish duration=69ms outputBytes=0 output=""
time=2026-08-10T10:42:00.753Z level=INFO msg="guestfs exec" bin=guestfish args="[--remote=112]" scriptLines=1 script="-is-dir /boot/loader/entries"
time=2026-08-10T10:42:00.797Z level=INFO msg="guestfs exec ok" bin=guestfish duration=44ms outputBytes=5 output=true
time=2026-08-10T10:42:00.798Z level=INFO msg="guestfs exec" bin=guestfish args="[--remote=112]" scriptLines=1 script="-ll /boot/loader/entries"
time=2026-08-10T10:42:00.847Z level=INFO msg="guestfs exec ok" bin=guestfish duration=48ms outputBytes=294 output="total 8\ndrwx------. 2 root root 136 Aug 10 10:41 .\ndrwxr-xr-x. 3 root root  21 Jul  1  2025 ..\n-rw-r--r--. 1 root root 496 Aug 10 10:41 0-c175420caa354ef68edccf1fa2f94219-5.14.0-427.13.1.el9_4.x86_64.conf\n-rw-r--r--. 1 root root 534 Aug 10 10:41 c175420caa354ef68edccf1fa2f94219-0-rescue.conf"
time=2026-08-10T10:42:00.847Z level=INFO msg="guestfs exec" bin=guestfish args="[--remote=112]" scriptLines=1 script="-download /boot/loader/entries/0-c175420caa354ef68edccf1fa2f94219-5.14.0-427.13.1.el9_4.x86_64.conf /tmp/kc-gfs-read-991348745"
time=2026-08-10T10:42:00.916Z level=INFO msg="guestfs exec ok" bin=guestfish duration=69ms outputBytes=0 output=""
time=2026-08-10T10:42:00.917Z level=INFO msg="guestfs exec" bin=guestfish args="[--remote=112]" scriptLines=3 script="-mkdir-p /boot/loader/entries\n-upload /tmp/kc-gfs-write-2672290738 /boot/loader/entries/0-c175420caa354ef68edccf1fa2f94219-5.14.0-427.13.1.el9_4.x86_64.conf\n-chmod 0644 /boot/loader/entries/0-c175420caa354ef68edccf1fa2f94219-5.14.0-427.13.1.el9_4.x86_64.co…"
time=2026-08-10T10:42:00.987Z level=INFO msg="guestfs exec ok" bin=guestfish duration=70ms outputBytes=0 output=""
time=2026-08-10T10:42:00.988Z level=INFO msg="guestfs exec" bin=guestfish args="[--remote=112]" scriptLines=1 script="-download /boot/loader/entries/c175420caa354ef68edccf1fa2f94219-0-rescue.conf /tmp/kc-gfs-read-2672741767"
time=2026-08-10T10:42:01.077Z level=INFO msg="guestfs exec ok" bin=guestfish duration=89ms outputBytes=0 output=""
time=2026-08-10T10:42:01.079Z level=INFO msg="guestfs exec" bin=guestfish args="[--remote=112]" scriptLines=3 script="-mkdir-p /boot/loader/entries\n-upload /tmp/kc-gfs-write-1675480650 /boot/loader/entries/c175420caa354ef68edccf1fa2f94219-0-rescue.conf\n-chmod 0644 /boot/loader/entries/c175420caa354ef68edccf1fa2f94219-0-rescue.conf"
time=2026-08-10T10:42:01.150Z level=INFO msg="guestfs exec ok" bin=guestfish duration=71ms outputBytes=0 output=""
time=2026-08-10T10:42:01.150Z level=INFO msg="guestfs exec" bin=guestfish args="[--remote=112]" scriptLines=1 script="-is-dir /boot/loader/entries"
time=2026-08-10T10:42:01.195Z level=INFO msg="guestfs exec ok" bin=guestfish duration=45ms outputBytes=5 output=true
time=2026-08-10T10:42:01.195Z level=INFO msg="guestfs exec" bin=guestfish args="[--remote=112]" scriptLines=1 script="-ll /boot/loader/entries"
time=2026-08-10T10:42:01.237Z level=INFO msg="guestfs exec ok" bin=guestfish duration=42ms outputBytes=294 output="total 8\ndrwx------. 2 root root 136 Aug 10 10:41 .\ndrwxr-xr-x. 3 root root  21 Jul  1  2025 ..\n-rw-r--r--. 1 root root 510 Aug 10 10:42 0-c175420caa354ef68edccf1fa2f94219-5.14.0-427.13.1.el9_4.x86_64.conf\n-rw-r--r--. 1 root root 548 Aug 10 10:42 c175420caa354ef68edccf1fa2f94219-0-rescue.conf"
time=2026-08-10T10:42:01.237Z level=INFO msg="guestfs exec" bin=guestfish args="[--remote=112]" scriptLines=1 script="-download /boot/loader/entries/0-c175420caa354ef68edccf1fa2f94219-5.14.0-427.13.1.el9_4.x86_64.conf /tmp/kc-gfs-read-4063898847"
time=2026-08-10T10:42:01.303Z level=INFO msg="guestfs exec ok" bin=guestfish duration=65ms outputBytes=0 output=""
time=2026-08-10T10:42:01.304Z level=INFO msg="guestfs exec" bin=guestfish args="[--remote=112]" scriptLines=3 script="-mkdir-p /boot/loader/entries\n-upload /tmp/kc-gfs-write-3690080977 /boot/loader/entries/0-c175420caa354ef68edccf1fa2f94219-5.14.0-427.13.1.el9_4.x86_64.conf\n-chmod 0644 /boot/loader/entries/0-c175420caa354ef68edccf1fa2f94219-5.14.0-427.13.1.el9_4.x86_64.co…"
time=2026-08-10T10:42:01.368Z level=INFO msg="guestfs exec ok" bin=guestfish duration=64ms outputBytes=0 output=""
time=2026-08-10T10:42:01.368Z level=INFO msg="guestfs exec" bin=guestfish args="[--remote=112]" scriptLines=1 script="-download /boot/loader/entries/c175420caa354ef68edccf1fa2f94219-0-rescue.conf /tmp/kc-gfs-read-4182633967"
time=2026-08-10T10:42:01.430Z level=INFO msg="guestfs exec ok" bin=guestfish duration=62ms outputBytes=0 output=""
time=2026-08-10T10:42:01.431Z level=INFO msg="guestfs exec" bin=guestfish args="[--remote=112]" scriptLines=3 script="-mkdir-p /boot/loader/entries\n-upload /tmp/kc-gfs-write-2496233215 /boot/loader/entries/c175420caa354ef68edccf1fa2f94219-0-rescue.conf\n-chmod 0644 /boot/loader/entries/c175420caa354ef68edccf1fa2f94219-0-rescue.conf"
time=2026-08-10T10:42:01.495Z level=INFO msg="guestfs exec ok" bin=guestfish duration=64ms outputBytes=0 output=""
time=2026-08-10T10:42:01.495Z level=INFO msg="guestfs exec" bin=guestfish args="[--remote=112]" scriptLines=1 script="-is-dir /boot/loader/entries"
time=2026-08-10T10:42:01.530Z level=INFO msg="guestfs exec ok" bin=guestfish duration=35ms outputBytes=5 output=true
time=2026-08-10T10:42:01.530Z level=INFO msg="guestfs exec" bin=guestfish args="[--remote=112]" scriptLines=1 script="-ll /boot/loader/entries"
time=2026-08-10T10:42:01.567Z level=INFO msg="guestfs exec ok" bin=guestfish duration=37ms outputBytes=294 output="total 8\ndrwx------. 2 root root 136 Aug 10 10:41 .\ndrwxr-xr-x. 3 root root  21 Jul  1  2025 ..\n-rw-r--r--. 1 root root 510 Aug 10 10:42 0-c175420caa354ef68edccf1fa2f94219-5.14.0-427.13.1.el9_4.x86_64.conf\n-rw-r--r--. 1 root root 548 Aug 10 10:42 c175420caa354ef68edccf1fa2f94219-0-rescue.conf"
time=2026-08-10T10:42:01.568Z level=INFO msg="guestfs exec" bin=guestfish args="[--remote=112]" scriptLines=1 script="-download /boot/loader/entries/0-c175420caa354ef68edccf1fa2f94219-5.14.0-427.13.1.el9_4.x86_64.conf /tmp/kc-gfs-read-2941751691"
time=2026-08-10T10:42:01.628Z level=INFO msg="guestfs exec ok" bin=guestfish duration=60ms outputBytes=0 output=""
time=2026-08-10T10:42:01.629Z level=INFO msg="guestfs exec" bin=guestfish args="[--remote=112]" scriptLines=3 script="-mkdir-p /boot/loader/entries\n-upload /tmp/kc-gfs-write-1591248407 /boot/loader/entries/0-c175420caa354ef68edccf1fa2f94219-5.14.0-427.13.1.el9_4.x86_64.conf\n-chmod 0644 /boot/loader/entries/0-c175420caa354ef68edccf1fa2f94219-5.14.0-427.13.1.el9_4.x86_64.co…"
time=2026-08-10T10:42:01.692Z level=INFO msg="guestfs exec ok" bin=guestfish duration=63ms outputBytes=0 output=""
time=2026-08-10T10:42:01.692Z level=INFO msg="guestfs exec" bin=guestfish args="[--remote=112]" scriptLines=1 script="-download /boot/loader/entries/c175420caa354ef68edccf1fa2f94219-0-rescue.conf /tmp/kc-gfs-read-3175093168"
time=2026-08-10T10:42:01.747Z level=INFO msg="guestfs exec ok" bin=guestfish duration=54ms outputBytes=0 output=""
time=2026-08-10T10:42:01.747Z level=INFO msg="guestfs exec" bin=guestfish args="[--remote=112]" scriptLines=3 script="-mkdir-p /boot/loader/entries\n-upload /tmp/kc-gfs-write-637143868 /boot/loader/entries/c175420caa354ef68edccf1fa2f94219-0-rescue.conf\n-chmod 0644 /boot/loader/entries/c175420caa354ef68edccf1fa2f94219-0-rescue.conf"
time=2026-08-10T10:42:01.810Z level=INFO msg="guestfs exec ok" bin=guestfish duration=63ms outputBytes=0 output=""
time=2026-08-10T10:42:01.811Z level=INFO msg="guestfs exec" bin=guestfish args="[--remote=112]" scriptLines=1 script="-is-dir /boot/loader/entries"
time=2026-08-10T10:42:01.845Z level=INFO msg="guestfs exec ok" bin=guestfish duration=35ms outputBytes=5 output=true
time=2026-08-10T10:42:01.845Z level=INFO msg="guestfs exec" bin=guestfish args="[--remote=112]" scriptLines=1 script="-ll /boot/loader/entries"
time=2026-08-10T10:42:01.881Z level=INFO msg="guestfs exec ok" bin=guestfish duration=35ms outputBytes=294 output="total 8\ndrwx------. 2 root root 136 Aug 10 10:41 .\ndrwxr-xr-x. 3 root root  21 Jul  1  2025 ..\n-rw-r--r--. 1 root root 510 Aug 10 10:42 0-c175420caa354ef68edccf1fa2f94219-5.14.0-427.13.1.el9_4.x86_64.conf\n-rw-r--r--. 1 root root 548 Aug 10 10:42 c175420caa354ef68edccf1fa2f94219-0-rescue.conf"
time=2026-08-10T10:42:01.881Z level=INFO msg="guestfs exec" bin=guestfish args="[--remote=112]" scriptLines=1 script="-download /boot/loader/entries/0-c175420caa354ef68edccf1fa2f94219-5.14.0-427.13.1.el9_4.x86_64.conf /tmp/kc-gfs-read-3119878889"
time=2026-08-10T10:42:01.935Z level=INFO msg="guestfs exec ok" bin=guestfish duration=54ms outputBytes=0 output=""
time=2026-08-10T10:42:01.935Z level=INFO msg="guestfs exec" bin=guestfish args="[--remote=112]" scriptLines=3 script="-mkdir-p /boot/loader/entries\n-upload /tmp/kc-gfs-write-1670427010 /boot/loader/entries/0-c175420caa354ef68edccf1fa2f94219-5.14.0-427.13.1.el9_4.x86_64.conf\n-chmod 0644 /boot/loader/entries/0-c175420caa354ef68edccf1fa2f94219-5.14.0-427.13.1.el9_4.x86_64.co…"
time=2026-08-10T10:42:01.994Z level=INFO msg="guestfs exec ok" bin=guestfish duration=59ms outputBytes=0 output=""
time=2026-08-10T10:42:01.994Z level=INFO msg="guestfs exec" bin=guestfish args="[--remote=112]" scriptLines=1 script="-download /boot/loader/entries/c175420caa354ef68edccf1fa2f94219-0-rescue.conf /tmp/kc-gfs-read-958916848"
time=2026-08-10T10:42:02.049Z level=INFO msg="guestfs exec ok" bin=guestfish duration=54ms outputBytes=0 output=""
time=2026-08-10T10:42:02.049Z level=INFO msg="guestfs exec" bin=guestfish args="[--remote=112]" scriptLines=3 script="-mkdir-p /boot/loader/entries\n-upload /tmp/kc-gfs-write-3404868977 /boot/loader/entries/c175420caa354ef68edccf1fa2f94219-0-rescue.conf\n-chmod 0644 /boot/loader/entries/c175420caa354ef68edccf1fa2f94219-0-rescue.conf"
time=2026-08-10T10:42:02.102Z level=INFO msg="guestfs exec ok" bin=guestfish duration=53ms outputBytes=0 output=""
time=2026-08-10T10:42:02.103Z level=INFO msg="guestfs exec" bin=guestfish args="[--remote=112]" scriptLines=1 script="-exists /etc/X11/xorg.conf"
time=2026-08-10T10:42:02.133Z level=INFO msg="guestfs exec ok" bin=guestfish duration=30ms outputBytes=6 output=false
time=2026-08-10T10:42:02.133Z level=INFO msg="guestfs exec" bin=guestfish args="[--remote=112]" scriptLines=1 script="-exists /etc/X11/XF86Config"
time=2026-08-10T10:42:02.160Z level=INFO msg="guestfs exec ok" bin=guestfish duration=27ms outputBytes=6 output=false
time=2026-08-10T10:42:02.160Z level=INFO msg="cleaning up hypervisor artifacts" plugins="[xen ec2 hyperv parallels vmware citrix kudzu nutanix virtualbox]"
time=2026-08-10T10:42:02.160Z level=INFO msg="guestfs exec" bin=guestfish args="[--remote=112]" scriptLines=1 script="-exists /etc/init.d/kudzu"
time=2026-08-10T10:42:02.195Z level=INFO msg="guestfs exec ok" bin=guestfish duration=34ms outputBytes=6 output=false
time=2026-08-10T10:42:02.195Z level=INFO msg="guestfs exec" bin=guestfish args="[--remote=112]" scriptLines=1 script="-download /etc/sysconfig/kernel /tmp/kc-gfs-read-842413877"
time=2026-08-10T10:42:02.253Z level=INFO msg="guestfs exec ok" bin=guestfish duration=58ms outputBytes=0 output=""
time=2026-08-10T10:42:02.254Z level=INFO msg="guestfs exec" bin=guestfish args="[--remote=112]" scriptLines=1 script="-exists /etc/xensource-inventory"
time=2026-08-10T10:42:02.284Z level=INFO msg="guestfs exec ok" bin=guestfish duration=31ms outputBytes=6 output=false
time=2026-08-10T10:42:02.284Z level=INFO msg="guestfs exec" bin=guestfish args="[--remote=112]" scriptLines=1 script="-exists /usr/sbin/xe-daemon"
time=2026-08-10T10:42:02.322Z level=INFO msg="guestfs exec ok" bin=guestfish duration=38ms outputBytes=6 output=false
time=2026-08-10T10:42:02.322Z level=INFO msg="guestfs exec" bin=guestfish args="[--remote=112]" scriptLines=1 script="-exists /usr/local/nutanix/ngt"
time=2026-08-10T10:42:02.360Z level=INFO msg="guestfs exec ok" bin=guestfish duration=38ms outputBytes=6 output=false
time=2026-08-10T10:42:02.361Z level=INFO msg="guestfs exec" bin=guestfish args="[--remote=112]" scriptLines=1 script="-exists /etc/rc.d/init.d/ngt_guest_agent"
time=2026-08-10T10:42:02.400Z level=INFO msg="guestfs exec ok" bin=guestfish duration=40ms outputBytes=6 output=false
time=2026-08-10T10:42:02.400Z level=INFO msg="guestfs exec" bin=guestfish args="[--remote=112]" scriptLines=1 script="-exists /etc/init.d/ngt_guest_agent"
time=2026-08-10T10:42:02.434Z level=INFO msg="guestfs exec ok" bin=guestfish duration=34ms outputBytes=6 output=false
time=2026-08-10T10:42:02.435Z level=INFO msg="guestfs exec" bin=guestfish args="[--remote=112]" scriptLines=1 script="-exists /usr/bin/VBoxService"
time=2026-08-10T10:42:02.474Z level=INFO msg="guestfs exec ok" bin=guestfish duration=40ms outputBytes=6 output=false
time=2026-08-10T10:42:02.474Z level=INFO msg="guestfs exec" bin=guestfish args="[--remote=112]" scriptLines=1 script="-exists /usr/sbin/VBoxService"
time=2026-08-10T10:42:02.517Z level=INFO msg="guestfs exec ok" bin=guestfish duration=43ms outputBytes=6 output=false
time=2026-08-10T10:42:02.517Z level=INFO msg="guestfs exec" bin=guestfish args="[--remote=112]" scriptLines=1 script="-exists /var/lib/VBoxGuestAdditions/config"
time=2026-08-10T10:42:02.566Z level=INFO msg="guestfs exec ok" bin=guestfish duration=49ms outputBytes=6 output=false
time=2026-08-10T10:42:02.566Z level=INFO msg="guestfs exec" bin=guestfish args="[--remote=112]" scriptLines=1 script="-exists /usr/bin/amazon-ssm-agent"
time=2026-08-10T10:42:02.611Z level=INFO msg="guestfs exec ok" bin=guestfish duration=45ms outputBytes=6 output=false
time=2026-08-10T10:42:02.611Z level=INFO msg="guestfs exec" bin=guestfish args="[--remote=112]" scriptLines=1 script="-exists /etc/amazon/ssm"
time=2026-08-10T10:42:02.651Z level=INFO msg="guestfs exec ok" bin=guestfish duration=39ms outputBytes=6 output=false
time=2026-08-10T10:42:02.651Z level=INFO msg="guestfs exec" bin=guestfish args="[--remote=112]" scriptLines=1 script="-exists /usr/bin/ec2-instance-connect"
time=2026-08-10T10:42:02.694Z level=INFO msg="guestfs exec ok" bin=guestfish duration=43ms outputBytes=6 output=false
time=2026-08-10T10:42:02.694Z level=INFO msg="guestfs exec" bin=guestfish args="[--remote=112]" scriptLines=1 script="-exists /etc/cloud/cloud.cfg"
time=2026-08-10T10:42:02.725Z level=INFO msg="guestfs exec ok" bin=guestfish duration=32ms outputBytes=6 output=false
time=2026-08-10T10:42:02.725Z level=INFO msg="guestfs exec" bin=guestfish args="[--remote=112]" scriptLines=1 script="-exists /usr/sbin/hv_kvp_daemon"
time=2026-08-10T10:42:02.762Z level=INFO msg="guestfs exec ok" bin=guestfish duration=37ms outputBytes=6 output=false
time=2026-08-10T10:42:02.763Z level=INFO msg="guestfs exec" bin=guestfish args="[--remote=112]" scriptLines=1 script="-exists /usr/sbin/hv_fcopy_daemon"
time=2026-08-10T10:42:02.803Z level=INFO msg="guestfs exec ok" bin=guestfish duration=41ms outputBytes=6 output=false
time=2026-08-10T10:42:02.803Z level=INFO msg="guestfs exec" bin=guestfish args="[--remote=112]" scriptLines=1 script="-exists /usr/sbin/hv_vss_daemon"
time=2026-08-10T10:42:02.842Z level=INFO msg="guestfs exec ok" bin=guestfish duration=39ms outputBytes=6 output=false
time=2026-08-10T10:42:02.842Z level=INFO msg="guestfs exec" bin=guestfish args="[--remote=112]" scriptLines=1 script="-exists /usr/bin/prlsrvctl"
time=2026-08-10T10:42:02.875Z level=INFO msg="guestfs exec ok" bin=guestfish duration=33ms outputBytes=6 output=false
time=2026-08-10T10:42:02.875Z level=INFO msg="guestfs exec" bin=guestfish args="[--remote=112]" scriptLines=1 script="-exists /usr/sbin/prltoolsd"
time=2026-08-10T10:42:02.914Z level=INFO msg="guestfs exec ok" bin=guestfish duration=38ms outputBytes=6 output=false
time=2026-08-10T10:42:02.914Z level=INFO msg="guestfs exec" bin=guestfish args="[--remote=112]" scriptLines=1 script="-exists /usr/lib/parallels-tools/install"
time=2026-08-10T10:42:02.946Z level=INFO msg="guestfs exec ok" bin=guestfish duration=32ms outputBytes=6 output=false
time=2026-08-10T10:42:02.946Z level=INFO msg="guestfs exec" bin=guestfish args="[--remote=112]" scriptLines=1 script="-exists /etc/vmware-tools"
time=2026-08-10T10:42:02.989Z level=INFO msg="guestfs exec ok" bin=guestfish duration=43ms outputBytes=5 output=true
time=2026-08-10T10:42:02.989Z level=INFO msg="running hypervisor cleanup" name=vmware
time=2026-08-10T10:42:02.989Z level=INFO msg="guestfs exec" bin=guestfish args="[--remote=112]" scriptLines=1 script="-rm /etc/systemd/system/multi-user.target.wants/vmtoolsd.service"
time=2026-08-10T10:42:03.053Z level=INFO msg="guestfs exec ok" bin=guestfish duration=64ms outputBytes=0 output=""
time=2026-08-10T10:42:03.053Z level=INFO msg="guestfs exec" bin=guestfish args="[--remote=112]" scriptLines=1 script="-rm /etc/systemd/system/default.target.wants/vmtoolsd.service"
time=2026-08-10T10:42:03.125Z level=INFO msg="guestfs exec ok" bin=guestfish duration=71ms outputBytes=0 output=""
time=2026-08-10T10:42:03.125Z level=INFO msg="guestfs exec" bin=guestfish args="[--remote=112]" scriptLines=1 script="-rm /etc/systemd/system/sockets.target.wants/vmtoolsd.service"
time=2026-08-10T10:42:03.178Z level=INFO msg="guestfs exec ok" bin=guestfish duration=53ms outputBytes=0 output=""
time=2026-08-10T10:42:03.178Z level=INFO msg="guestfs exec" bin=guestfish args="[--remote=112]" scriptLines=1 script="-rm /etc/systemd/system/graphical.target.wants/vmtoolsd.service"
time=2026-08-10T10:42:03.234Z level=INFO msg="guestfs exec ok" bin=guestfish duration=56ms outputBytes=0 output=""
time=2026-08-10T10:42:03.234Z level=INFO msg="guestfs exec" bin=guestfish args="[--remote=112]" scriptLines=1 script="-rm /usr/lib/systemd/system/multi-user.target.wants/vmtoolsd.service"
time=2026-08-10T10:42:03.302Z level=INFO msg="guestfs exec ok" bin=guestfish duration=68ms outputBytes=0 output=""
time=2026-08-10T10:42:03.302Z level=INFO msg="guestfs exec" bin=guestfish args="[--remote=112]" scriptLines=1 script="-rm /usr/lib/systemd/system/default.target.wants/vmtoolsd.service"
time=2026-08-10T10:42:03.344Z level=INFO msg="guestfs exec ok" bin=guestfish duration=42ms outputBytes=0 output=""
time=2026-08-10T10:42:03.344Z level=INFO msg="guestfs exec" bin=guestfish args="[--remote=112]" scriptLines=1 script="-rm /usr/lib/systemd/system/sockets.target.wants/vmtoolsd.service"
time=2026-08-10T10:42:03.390Z level=INFO msg="guestfs exec ok" bin=guestfish duration=46ms outputBytes=0 output=""
time=2026-08-10T10:42:03.390Z level=INFO msg="guestfs exec" bin=guestfish args="[--remote=112]" scriptLines=1 script="-rm /usr/lib/systemd/system/graphical.target.wants/vmtoolsd.service"
time=2026-08-10T10:42:03.434Z level=INFO msg="guestfs exec ok" bin=guestfish duration=44ms outputBytes=0 output=""
time=2026-08-10T10:42:03.434Z level=INFO msg="guestfs exec" bin=guestfish args="[--remote=112]" scriptLines=1 script="-mkdir-p /etc/systemd/system"
time=2026-08-10T10:42:03.471Z level=INFO msg="guestfs exec ok" bin=guestfish duration=37ms outputBytes=0 output=""
time=2026-08-10T10:42:03.471Z level=INFO msg="guestfs exec" bin=guestfish args="[--remote=112]" scriptLines=1 script="-rm /etc/systemd/system/vmtoolsd.service"
time=2026-08-10T10:42:03.515Z level=INFO msg="guestfs exec ok" bin=guestfish duration=44ms outputBytes=0 output=""
time=2026-08-10T10:42:03.515Z level=INFO msg="guestfs exec" bin=guestfish args="[--remote=112]" scriptLines=1 script="-ln-s /dev/null /etc/systemd/system/vmtoolsd.service"
time=2026-08-10T10:42:03.567Z level=INFO msg="guestfs exec ok" bin=guestfish duration=52ms outputBytes=0 output=""
time=2026-08-10T10:42:03.567Z level=INFO msg="guestfs exec" bin=guestfish args="[--remote=112]" scriptLines=1 script="-rm /etc/systemd/system/multi-user.target.wants/open-vm-tools.service"
time=2026-08-10T10:42:03.616Z level=INFO msg="guestfs exec ok" bin=guestfish duration=49ms outputBytes=0 output=""
time=2026-08-10T10:42:03.616Z level=INFO msg="guestfs exec" bin=guestfish args="[--remote=112]" scriptLines=1 script="-rm /etc/systemd/system/default.target.wants/open-vm-tools.service"
time=2026-08-10T10:42:03.675Z level=INFO msg="guestfs exec ok" bin=guestfish duration=59ms outputBytes=0 output=""
time=2026-08-10T10:42:03.675Z level=INFO msg="guestfs exec" bin=guestfish args="[--remote=112]" scriptLines=1 script="-rm /etc/systemd/system/sockets.target.wants/open-vm-tools.service"
time=2026-08-10T10:42:03.737Z level=INFO msg="guestfs exec ok" bin=guestfish duration=62ms outputBytes=0 output=""
time=2026-08-10T10:42:03.737Z level=INFO msg="guestfs exec" bin=guestfish args="[--remote=112]" scriptLines=1 script="-rm /etc/systemd/system/graphical.target.wants/open-vm-tools.service"
time=2026-08-10T10:42:03.789Z level=INFO msg="guestfs exec ok" bin=guestfish duration=52ms outputBytes=0 output=""
time=2026-08-10T10:42:03.789Z level=INFO msg="guestfs exec" bin=guestfish args="[--remote=112]" scriptLines=1 script="-rm /usr/lib/systemd/system/multi-user.target.wants/open-vm-tools.service"
time=2026-08-10T10:42:03.836Z level=INFO msg="guestfs exec ok" bin=guestfish duration=46ms outputBytes=0 output=""
time=2026-08-10T10:42:03.836Z level=INFO msg="guestfs exec" bin=guestfish args="[--remote=112]" scriptLines=1 script="-rm /usr/lib/systemd/system/default.target.wants/open-vm-tools.service"
time=2026-08-10T10:42:03.880Z level=INFO msg="guestfs exec ok" bin=guestfish duration=44ms outputBytes=0 output=""
time=2026-08-10T10:42:03.880Z level=INFO msg="guestfs exec" bin=guestfish args="[--remote=112]" scriptLines=1 script="-rm /usr/lib/systemd/system/sockets.target.wants/open-vm-tools.service"
time=2026-08-10T10:42:03.927Z level=INFO msg="guestfs exec ok" bin=guestfish duration=48ms outputBytes=0 output=""
time=2026-08-10T10:42:03.927Z level=INFO msg="guestfs exec" bin=guestfish args="[--remote=112]" scriptLines=1 script="-rm /usr/lib/systemd/system/graphical.target.wants/open-vm-tools.service"
time=2026-08-10T10:42:03.969Z level=INFO msg="guestfs exec ok" bin=guestfish duration=42ms outputBytes=0 output=""
time=2026-08-10T10:42:03.969Z level=INFO msg="guestfs exec" bin=guestfish args="[--remote=112]" scriptLines=1 script="-mkdir-p /etc/systemd/system"
time=2026-08-10T10:42:04.016Z level=INFO msg="guestfs exec ok" bin=guestfish duration=47ms outputBytes=0 output=""
time=2026-08-10T10:42:04.016Z level=INFO msg="guestfs exec" bin=guestfish args="[--remote=112]" scriptLines=1 script="-rm /etc/systemd/system/open-vm-tools.service"
time=2026-08-10T10:42:04.061Z level=INFO msg="guestfs exec ok" bin=guestfish duration=45ms outputBytes=0 output=""
time=2026-08-10T10:42:04.061Z level=INFO msg="guestfs exec" bin=guestfish args="[--remote=112]" scriptLines=1 script="-ln-s /dev/null /etc/systemd/system/open-vm-tools.service"
time=2026-08-10T10:42:04.106Z level=INFO msg="guestfs exec ok" bin=guestfish duration=44ms outputBytes=0 output=""
time=2026-08-10T10:42:04.106Z level=INFO msg="guestfs exec" bin=guestfish args="[--remote=112]" scriptLines=1 script="-rm /etc/systemd/system/multi-user.target.wants/vgauthd.service"
time=2026-08-10T10:42:04.151Z level=INFO msg="guestfs exec ok" bin=guestfish duration=45ms outputBytes=0 output=""
time=2026-08-10T10:42:04.151Z level=INFO msg="guestfs exec" bin=guestfish args="[--remote=112]" scriptLines=1 script="-rm /etc/systemd/system/default.target.wants/vgauthd.service"
time=2026-08-10T10:42:04.187Z level=INFO msg="guestfs exec ok" bin=guestfish duration=36ms outputBytes=0 output=""
time=2026-08-10T10:42:04.187Z level=INFO msg="guestfs exec" bin=guestfish args="[--remote=112]" scriptLines=1 script="-rm /etc/systemd/system/sockets.target.wants/vgauthd.service"
time=2026-08-10T10:42:04.225Z level=INFO msg="guestfs exec ok" bin=guestfish duration=38ms outputBytes=0 output=""
time=2026-08-10T10:42:04.225Z level=INFO msg="guestfs exec" bin=guestfish args="[--remote=112]" scriptLines=1 script="-rm /etc/systemd/system/graphical.target.wants/vgauthd.service"
time=2026-08-10T10:42:04.261Z level=INFO msg="guestfs exec ok" bin=guestfish duration=36ms outputBytes=0 output=""
time=2026-08-10T10:42:04.261Z level=INFO msg="guestfs exec" bin=guestfish args="[--remote=112]" scriptLines=1 script="-rm /usr/lib/systemd/system/multi-user.target.wants/vgauthd.service"
time=2026-08-10T10:42:04.307Z level=INFO msg="guestfs exec ok" bin=guestfish duration=46ms outputBytes=0 output=""
time=2026-08-10T10:42:04.307Z level=INFO msg="guestfs exec" bin=guestfish args="[--remote=112]" scriptLines=1 script="-rm /usr/lib/systemd/system/default.target.wants/vgauthd.service"
time=2026-08-10T10:42:04.347Z level=INFO msg="guestfs exec ok" bin=guestfish duration=40ms outputBytes=0 output=""
time=2026-08-10T10:42:04.347Z level=INFO msg="guestfs exec" bin=guestfish args="[--remote=112]" scriptLines=1 script="-rm /usr/lib/systemd/system/sockets.target.wants/vgauthd.service"
time=2026-08-10T10:42:04.391Z level=INFO msg="guestfs exec ok" bin=guestfish duration=44ms outputBytes=0 output=""
time=2026-08-10T10:42:04.391Z level=INFO msg="guestfs exec" bin=guestfish args="[--remote=112]" scriptLines=1 script="-rm /usr/lib/systemd/system/graphical.target.wants/vgauthd.service"
time=2026-08-10T10:42:04.430Z level=INFO msg="guestfs exec ok" bin=guestfish duration=39ms outputBytes=0 output=""
time=2026-08-10T10:42:04.431Z level=INFO msg="guestfs exec" bin=guestfish args="[--remote=112]" scriptLines=1 script="-mkdir-p /etc/systemd/system"
time=2026-08-10T10:42:04.462Z level=INFO msg="guestfs exec ok" bin=guestfish duration=32ms outputBytes=0 output=""
time=2026-08-10T10:42:04.462Z level=INFO msg="guestfs exec" bin=guestfish args="[--remote=112]" scriptLines=1 script="-rm /etc/systemd/system/vgauthd.service"
time=2026-08-10T10:42:04.505Z level=INFO msg="guestfs exec ok" bin=guestfish duration=43ms outputBytes=0 output=""
time=2026-08-10T10:42:04.505Z level=INFO msg="guestfs exec" bin=guestfish args="[--remote=112]" scriptLines=1 script="-ln-s /dev/null /etc/systemd/system/vgauthd.service"
time=2026-08-10T10:42:04.544Z level=INFO msg="guestfs exec ok" bin=guestfish duration=39ms outputBytes=0 output=""
time=2026-08-10T10:42:04.544Z level=INFO msg="guestfs exec" bin=guestfish args="[--remote=112]" scriptLines=1 script="-is-dir /etc/yum.repos.d"
time=2026-08-10T10:42:04.586Z level=INFO msg="guestfs exec ok" bin=guestfish duration=41ms outputBytes=5 output=true
time=2026-08-10T10:42:04.586Z level=INFO msg="guestfs exec" bin=guestfish args="[--remote=112]" scriptLines=1 script="-ll /etc/yum.repos.d"
time=2026-08-10T10:42:04.633Z level=INFO msg="guestfs exec ok" bin=guestfish duration=47ms outputBytes=159 output="total 16\ndrwxr-xr-x.   2 root root   25 Jul  8  2025 .\ndrwxr-xr-x. 132 root root 8192 Feb 15 06:53 ..\n-rw-r--r--.   1 root root  358 Jul  8  2025 redhat.repo"
time=2026-08-10T10:42:04.633Z level=INFO msg="guestfs exec" bin=guestfish args="[--remote=112]" scriptLines=1 script="-download /etc/yum.repos.d/redhat.repo /tmp/kc-gfs-read-1296938782"
time=2026-08-10T10:42:04.706Z level=INFO msg="guestfs exec ok" bin=guestfish duration=72ms outputBytes=0 output=""
time=2026-08-10T10:42:04.706Z level=INFO msg="guestfs exec" bin=guestfish args="[--remote=112]" scriptLines=1 script="-rm-rf /etc/vmware-tools"
time=2026-08-10T10:42:04.769Z level=INFO msg="guestfs exec ok" bin=guestfish duration=63ms outputBytes=0 output=""
time=2026-08-10T10:42:04.770Z level=INFO msg="guestfs exec" bin=guestfish args="[--remote=112]" scriptLines=1 script="-rm-rf /usr/lib/vmware-tools"
time=2026-08-10T10:42:04.807Z level=INFO msg="guestfs exec ok" bin=guestfish duration=37ms outputBytes=0 output=""
time=2026-08-10T10:42:04.807Z level=INFO msg="guestfs exec" bin=guestfish args="[--remote=112]" scriptLines=1 script="-rm-rf /usr/lib64/vmware-tools"
time=2026-08-10T10:42:04.861Z level=INFO msg="guestfs exec ok" bin=guestfish duration=54ms outputBytes=0 output=""
time=2026-08-10T10:42:04.861Z level=INFO msg="guestfs exec" bin=guestfish args="[--remote=112]" scriptLines=1 script="-mkdir-p /var/lib/kc-firstboot"
time=2026-08-10T10:42:04.904Z level=INFO msg="guestfs exec ok" bin=guestfish duration=42ms outputBytes=0 output=""
time=2026-08-10T10:42:04.904Z level=INFO msg="guestfs exec" bin=guestfish args="[--remote=112]" scriptLines=3 script="-mkdir-p /var/lib/kc-firstboot\n-upload /tmp/kc-gfs-write-2467929625 /var/lib/kc-firstboot/remove-vmware-pkgs.sh\n-chmod 0755 /var/lib/kc-firstboot/remove-vmware-pkgs.sh"
time=2026-08-10T10:42:04.975Z level=INFO msg="guestfs exec ok" bin=guestfish duration=71ms outputBytes=0 output=""
time=2026-08-10T10:42:04.976Z level=INFO msg="guestfs exec" bin=guestfish args="[--remote=112]" scriptLines=1 script="-mkdir-p /etc/systemd/system"
time=2026-08-10T10:42:05.015Z level=INFO msg="guestfs exec ok" bin=guestfish duration=39ms outputBytes=0 output=""
time=2026-08-10T10:42:05.016Z level=INFO msg="guestfs exec" bin=guestfish args="[--remote=112]" scriptLines=3 script="-mkdir-p /etc/systemd/system\n-upload /tmp/kc-gfs-write-3129236631 /etc/systemd/system/kc-remove-vmware.service\n-chmod 0644 /etc/systemd/system/kc-remove-vmware.service"
time=2026-08-10T10:42:05.086Z level=INFO msg="guestfs exec ok" bin=guestfish duration=69ms outputBytes=0 output=""
time=2026-08-10T10:42:05.086Z level=INFO msg="guestfs exec" bin=guestfish args="[--remote=112]" scriptLines=1 script="-mkdir-p /etc/systemd/system/multi-user.target.wants"
time=2026-08-10T10:42:05.128Z level=INFO msg="guestfs exec ok" bin=guestfish duration=42ms outputBytes=0 output=""
time=2026-08-10T10:42:05.128Z level=INFO msg="guestfs exec" bin=guestfish args="[--remote=112]" scriptLines=1 script="-rm /etc/systemd/system/multi-user.target.wants/kc-remove-vmware.service"
time=2026-08-10T10:42:05.202Z level=INFO msg="guestfs exec ok" bin=guestfish duration=74ms outputBytes=0 output=""
time=2026-08-10T10:42:05.202Z level=INFO msg="guestfs exec" bin=guestfish args="[--remote=112]" scriptLines=1 script="-ln-s /etc/systemd/system/kc-remove-vmware.service /etc/systemd/system/multi-user.target.wants/kc-remove-vmware.service"
time=2026-08-10T10:42:05.251Z level=INFO msg="guestfs exec ok" bin=guestfish duration=49ms outputBytes=0 output=""
time=2026-08-10T10:42:05.251Z level=INFO msg="hypervisor cleanup complete" name=vmware
time=2026-08-10T10:42:05.251Z level=INFO msg="guestfs exec" bin=guestfish args="[--remote=112]" scriptLines=1 script="-exists /usr/bin/qemu-ga"
time=2026-08-10T10:42:05.295Z level=INFO msg="guestfs exec ok" bin=guestfish duration=44ms outputBytes=5 output=true
time=2026-08-10T10:42:05.295Z level=INFO msg="qemu-guest-agent already installed"
time=2026-08-10T10:42:05.295Z level=INFO msg="guestfs exec" bin=guestfish args="[--remote=112]" scriptLines=1 script="-rm /etc/blkid.tab"
time=2026-08-10T10:42:05.336Z level=INFO msg="guestfs exec ok" bin=guestfish duration=41ms outputBytes=0 output=""
time=2026-08-10T10:42:05.336Z level=INFO msg="guestfs exec" bin=guestfish args="[--remote=112]" scriptLines=1 script="-rm /run/blkid/blkid.tab"
time=2026-08-10T10:42:05.381Z level=INFO msg="guestfs exec ok" bin=guestfish duration=45ms outputBytes=0 output=""
time=2026-08-10T10:42:05.381Z level=INFO msg="guestfs exec" bin=guestfish args="[--remote=112]" scriptLines=1 script="-rm /etc/lvm/cache/.cache"
time=2026-08-10T10:42:05.432Z level=INFO msg="guestfs exec ok" bin=guestfish duration=51ms outputBytes=0 output=""
time=2026-08-10T10:42:05.433Z level=INFO msg="guestfs exec" bin=guestfish args="[--remote=112]" scriptLines=1 script="-find /var/lib/rpm"
time=2026-08-10T10:42:05.478Z level=INFO msg="guestfs exec ok" bin=guestfish duration=45ms outputBytes=61 output="/.rpm.lock\n/rpmdb.sqlite\n/rpmdb.sqlite-shm\n/rpmdb.sqlite-wal"
time=2026-08-10T10:42:05.478Z level=INFO msg="guestfs exec" bin=guestfish args="[--remote=112]" scriptLines=1 script="-is-dir /etc/modprobe.d"
time=2026-08-10T10:42:05.528Z level=INFO msg="guestfs exec ok" bin=guestfish duration=51ms outputBytes=5 output=true
time=2026-08-10T10:42:05.529Z level=INFO msg="guestfs exec" bin=guestfish args="[--remote=112]" scriptLines=1 script="-ll /etc/modprobe.d"
time=2026-08-10T10:42:05.580Z level=INFO msg="guestfs exec ok" bin=guestfish duration=51ms outputBytes=225 output="total 20\ndrwxr-xr-x.   2 root root   54 Jul  1  2025 .\ndrwxr-xr-x. 131 root root 8192 Aug 10 10:42 ..\n-rw-r--r--.   1 root root  158 Nov  6  2023 firewalld-sysctls.conf\n-rw-r--r--.   1 root root  674 Feb 22  2024 tuned.conf"
time=2026-08-10T10:42:05.580Z level=INFO msg="guestfs exec" bin=guestfish args="[--remote=112]" scriptLines=1 script="-download /etc/modprobe.d/firewalld-sysctls.conf /tmp/kc-gfs-read-2480919101"
time=2026-08-10T10:42:05.652Z level=INFO msg="guestfs exec ok" bin=guestfish duration=72ms outputBytes=0 output=""
time=2026-08-10T10:42:05.653Z level=INFO msg="guestfs exec" bin=guestfish args="[--remote=112]" scriptLines=1 script="-download /etc/modprobe.d/tuned.conf /tmp/kc-gfs-read-3818394601"
time=2026-08-10T10:42:05.719Z level=INFO msg="guestfs exec ok" bin=guestfish duration=66ms outputBytes=0 output=""
time=2026-08-10T10:42:05.719Z level=INFO msg="guestfs exec" bin=guestfish args="[--remote=112]" scriptLines=1 script="-exists /etc/modprobe.d/kc-virtio.conf"
time=2026-08-10T10:42:05.751Z level=INFO msg="guestfs exec ok" bin=guestfish duration=31ms outputBytes=6 output=false
time=2026-08-10T10:42:05.751Z level=INFO msg="guestfs exec" bin=guestfish args="[--remote=112]" scriptLines=1 script="-mkdir-p /etc/modprobe.d"
time=2026-08-10T10:42:05.781Z level=INFO msg="guestfs exec ok" bin=guestfish duration=31ms outputBytes=0 output=""
time=2026-08-10T10:42:05.782Z level=INFO msg="guestfs exec" bin=guestfish args="[--remote=112]" scriptLines=3 script="-mkdir-p /etc/modprobe.d\n-upload /tmp/kc-gfs-write-2390930169 /etc/modprobe.d/kc-virtio.conf\n-chmod 0644 /etc/modprobe.d/kc-virtio.conf"
time=2026-08-10T10:42:05.839Z level=INFO msg="guestfs exec ok" bin=guestfish duration=57ms outputBytes=0 output=""
time=2026-08-10T10:42:05.839Z level=INFO msg="initramfs rebuild"
time=2026-08-10T10:42:05.839Z level=INFO msg="guestfs exec" bin=guestfish args="[--remote=112]" scriptLines=1 script="-exists /boot/initramfs-5.14.0-427.13.1.el9_4.x86_64.img"
time=2026-08-10T10:42:05.870Z level=INFO msg="guestfs exec ok" bin=guestfish duration=31ms outputBytes=5 output=true
time=2026-08-10T10:42:05.870Z level=INFO msg="guestfs exec" bin=guestfish args="[--remote=112]" scriptLines=1 script="-download /boot/initramfs-5.14.0-427.13.1.el9_4.x86_64.img /tmp/kc-gfs-read-818339983"
time=2026-08-10T10:42:06.246Z level=INFO msg="guestfs exec ok" bin=guestfish duration=376ms outputBytes=0 output=""
time=2026-08-10T10:42:06.321Z level=INFO msg="guestfs exec" bin=guestfish args="[--remote=112]" scriptLines=3 script="-mkdir-p /boot\n-upload /tmp/kc-gfs-write-1010499291 /boot/initramfs-5.14.0-427.13.1.el9_4.x86_64.img.pre-v2v\n-chmod 0644 /boot/initramfs-5.14.0-427.13.1.el9_4.x86_64.img.pre-v2v"
time=2026-08-10T10:42:06.735Z level=INFO msg="guestfs exec ok" bin=guestfish duration=414ms outputBytes=0 output=""
time=2026-08-10T10:42:06.735Z level=INFO msg="guestfs exec" bin=guestfish args="[--remote=112]" scriptLines=6 script="-mkdir-p /proc\n-mkdir-p /sys\n-mkdir-p /dev\n-mount-vfs \"\" proc /proc /proc\n-mount-vfs \"\" sysfs /sys /sys\n-mount-vfs \"\" devtmpfs /dev /dev"
time=2026-08-10T10:42:06.846Z level=INFO msg="guestfs exec ok" bin=guestfish duration=111ms outputBytes=0 output=""
time=2026-08-10T10:42:06.846Z level=INFO msg="guestfs exec" bin=guestfish args="[--remote=112]" scriptLines=1 script="-sh \"dracut --force --add-drivers 'virtio virtio_ring virtio_blk virtio_scsi virtio_net virtio_pci xts bochs-drm bochs' /boot/initramfs-5.14.0-427.13.1.el9_4.x86_64.img 5.14.0-427.13.1.el9_4.x86_64 2>&1\""
time=2026-08-10T10:43:23.876Z level=INFO msg="guestfs exec ok" bin=guestfish duration=1m17.03s outputBytes=277 output="dracut-install: Failed to find module 'bochs_drm'\ndracut: FAILED:  /usr/lib/dracut/dracut-install -D /var/tmp/dracut.bCe6f4/initramfs --kerneldir /lib/modules/5.14.0-427.13.1.el9_4.x86_64/ -m virtio virtio_ring virtio_blk virtio_scsi virtio_net virtio_pci xts bochs_drm bochs"
time=2026-08-10T10:43:23.876Z level=INFO msg="guestfs exec" bin=guestfish args="[--remote=112]" scriptLines=3 script="-umount /dev\n-umount /sys\n-umount /proc"
time=2026-08-10T10:43:23.997Z level=INFO msg="guestfs exec ok" bin=guestfish duration=121ms outputBytes=0 output=""
time=2026-08-10T10:43:23.997Z level=INFO msg="dracut completed" kernel=5.14.0-427.13.1.el9_4.x86_64 output="dracut-install: Failed to find module 'bochs_drm'\ndracut: FAILED:  /usr/lib/dracut/dracut-install -D /var/tmp/dracut.bCe6f4/initramfs --kerneldir /lib/modules/5.14.0-427.13.1.el9_4.x86_64/ -m virtio virtio_ring virtio_blk virtio_scsi virtio_net virtio_pci xts bochs_drm bochs\n\n"
time=2026-08-10T10:43:23.998Z level=INFO msg="guestfs exec" bin=guestfish args="[--remote=112]" scriptLines=1 script="-download /boot/initramfs-5.14.0-427.13.1.el9_4.x86_64.img.pre-v2v /tmp/kc-gfs-read-3090671885"
time=2026-08-10T10:43:24.178Z level=INFO msg="guestfs exec ok" bin=guestfish duration=180ms outputBytes=0 output=""
time=2026-08-10T10:43:24.229Z level=INFO msg="guestfs exec" bin=guestfish args="[--remote=112]" scriptLines=1 script="-download /boot/initramfs-5.14.0-427.13.1.el9_4.x86_64.img /tmp/kc-gfs-read-1453677707"
time=2026-08-10T10:43:24.371Z level=INFO msg="guestfs exec ok" bin=guestfish duration=142ms outputBytes=0 output=""
time=2026-08-10T10:43:24.413Z level=INFO msg="initramfs size changed after rebuild" before=58745261 after=56332751
time=2026-08-10T10:43:24.413Z level=INFO msg="rebuilt initramfs with dracut" kernel=5.14.0-427.13.1.el9_4.x86_64
time=2026-08-10T10:43:24.413Z level=INFO msg="guestfs exec" bin=guestfish args="[--remote=112]" scriptLines=1 script="-exists /etc/selinux"
time=2026-08-10T10:43:24.453Z level=INFO msg="guestfs exec ok" bin=guestfish duration=40ms outputBytes=5 output=true
time=2026-08-10T10:43:24.454Z level=INFO msg="guestfs exec" bin=guestfish args="[--remote=112]" scriptLines=1 script="-download /etc/selinux/config /tmp/kc-gfs-read-2876200195"
time=2026-08-10T10:43:24.509Z level=INFO msg="guestfs exec ok" bin=guestfish duration=55ms outputBytes=0 output=""
time=2026-08-10T10:43:24.509Z level=INFO msg="guestfs exec" bin=guestfish args="[--remote=112]" scriptLines=1 script="-exists /etc/selinux/targeted/contexts/files/file_contexts"
time=2026-08-10T10:43:24.547Z level=INFO msg="guestfs exec ok" bin=guestfish duration=38ms outputBytes=5 output=true
time=2026-08-10T10:43:24.547Z level=INFO msg="guestfs exec" bin=guestfish args="[--remote=112]" scriptLines=1 script="-exists /usr/sbin/setfiles"
time=2026-08-10T10:43:24.591Z level=INFO msg="guestfs exec ok" bin=guestfish duration=44ms outputBytes=5 output=true
time=2026-08-10T10:43:24.591Z level=INFO msg="running offline SELinux relabel" policy=targeted targets=5
time=2026-08-10T10:43:24.591Z level=INFO msg="guestfs exec" bin=guestfish args="[--remote=112]" scriptLines=6 script="-mkdir-p /proc\n-mkdir-p /sys\n-mkdir-p /dev\n-mount-vfs \"\" proc /proc /proc\n-mount-vfs \"\" sysfs /sys /sys\n-mount-vfs \"\" devtmpfs /dev /dev"
time=2026-08-10T10:43:24.690Z level=INFO msg="guestfs exec ok" bin=guestfish duration=99ms outputBytes=0 output=""
time=2026-08-10T10:43:24.690Z level=INFO msg="guestfs exec" bin=guestfish args="[--remote=112]" scriptLines=1 script="-sh \"/usr/sbin/setfiles -r / /etc/selinux/targeted/contexts/files/file_contexts / /boot/efi /boot /sdb /sdc 2>&1\""
time=2026-08-10T10:43:24.785Z level=INFO msg="guestfs exec ok" bin=guestfish duration=95ms outputBytes=0 output=""
time=2026-08-10T10:43:24.785Z level=INFO msg="guestfs exec" bin=guestfish args="[--remote=112]" scriptLines=3 script="-umount /dev\n-umount /sys\n-umount /proc"
time=2026-08-10T10:43:24.914Z level=INFO msg="guestfs exec ok" bin=guestfish duration=129ms outputBytes=0 output=""
time=2026-08-10T10:43:24.914Z level=INFO msg="offline SELinux relabel complete" policy=targeted
time=2026-08-10T10:43:24.914Z level=INFO msg="guestfs exec" bin=guestfish args="[--remote=112]" scriptLines=1 script="-rm /.autorelabel"
time=2026-08-10T10:43:24.952Z level=INFO msg="guestfs exec ok" bin=guestfish duration=38ms outputBytes=0 output=""
time=2026-08-10T10:43:24.953Z level=INFO msg="pipeline complete"
time=2026-08-10T10:43:24.960Z level=INFO msg=exec bin=/usr/lib/kc-utils/kc-finalize args="[--input /var/tmp/v2v/pipeline.json --output /var/tmp/v2v/pipeline.json --mount-root /tmp/kc-guest --log-level info --guestfs]"
time=2026-08-10T10:43:24.966Z level=INFO msg="guestfish adopting shared session" pid=112 guestfishPID=112 shared=true
time=2026-08-10T10:43:24.966Z level=INFO msg="guestfish ensureLaunched" pid=112 disks=3 paths="[/var/tmp/v2v/overlay-0-block0.qcow2 /var/tmp/v2v/overlay-1-block1.qcow2 /var/tmp/v2v/overlay-2-block2.qcow2]" HOME=/var/tmp LIBGUESTFS_BACKEND=direct socket=/tmp/.guestfish-107/socket-112 sessionAlive=true
time=2026-08-10T10:43:24.966Z level=INFO msg="guestfs exec" bin=guestfish args="[--remote=112]" scriptLines=1 script=-list-devices
time=2026-08-10T10:43:25.055Z level=INFO msg="guestfs exec ok" bin=guestfish duration=88ms outputBytes=27 output="/dev/sda\n/dev/sdb\n/dev/sdc"
time=2026-08-10T10:43:25.055Z level=INFO msg="guestfish ready probe" pid=112 ready=true devices="/dev/sda\n/dev/sdb\n/dev/sdc"
time=2026-08-10T10:43:25.055Z level=INFO msg="guestfish session already launched" pid=112 devices="/dev/sda\n/dev/sdb\n/dev/sdc"
time=2026-08-10T10:43:25.055Z level=INFO msg="running customizations" plugins="[dynamicscriptslinux dynamicscriptswindows native]"
time=2026-08-10T10:43:25.055Z level=INFO msg="running customizer" name=dynamicscriptslinux
time=2026-08-10T10:43:25.055Z level=INFO msg="customizer complete" name=dynamicscriptslinux
time=2026-08-10T10:43:25.055Z level=INFO msg="running customizer" name=dynamicscriptswindows
time=2026-08-10T10:43:25.055Z level=INFO msg="customizer complete" name=dynamicscriptswindows
time=2026-08-10T10:43:25.055Z level=INFO msg="running customizer" name=native
time=2026-08-10T10:43:25.055Z level=INFO msg="skipping /.autorelabel, offline SELinux relabel was performed during conversion"
time=2026-08-10T10:43:25.055Z level=INFO msg="customizer complete" name=native
time=2026-08-10T10:43:25.055Z level=INFO msg="syncing guest tree to disks" backend=guestfs
time=2026-08-10T10:43:25.055Z level=INFO msg="trimming filesystems" backend=guestfs mounts=5
time=2026-08-10T10:43:25.055Z level=INFO msg="guestfs exec" bin=guestfish args="[--remote=112]" scriptLines=1 script=-inspect-os
time=2026-08-10T10:43:29.001Z level=INFO msg="guestfs exec ok" bin=guestfish duration=3.946s outputBytes=29 output=/dev/rhel_dhcp-6-46-218/root
time=2026-08-10T10:43:29.001Z level=INFO msg="guestfs exec" bin=guestfish args="[--remote=112]" scriptLines=1 script="-inspect-get-mountpoints /dev/rhel_dhcp-6-46-218/root"
time=2026-08-10T10:43:29.049Z level=INFO msg="guestfs exec ok" bin=guestfish duration=47ms outputBytes=102 output="/: /dev/rhel_dhcp-6-46-218/root\n/boot: /dev/sda2\n/boot/efi: /dev/sda1\n/sdb: /dev/sdb1\n/sdc: /dev/sdc1"
time=2026-08-10T10:43:29.049Z level=INFO msg="discovered mount points via inspection" root=/dev/rhel_dhcp-6-46-218/root preferred=/dev/rhel_dhcp-6-46-218/root count=5
time=2026-08-10T10:43:29.049Z level=INFO msg="guestfs exec" bin=guestfish args="[--remote=112]" scriptLines=6 script="-umount-all\n-mount /dev/rhel_dhcp-6-46-218/root /\n-mount /dev/sdb1 /sdb\n-mount /dev/sdc1 /sdc\n-mount /dev/sda2 /boot\n-mount /dev/sda1 /boot/efi"
time=2026-08-10T10:43:29.274Z level=INFO msg="guestfs exec ok" bin=guestfish duration=225ms outputBytes=0 output=""
time=2026-08-10T10:43:29.274Z level=INFO msg="guestfs exec" bin=guestfish args="[--remote=112]" scriptLines=1 script="-fstrim /"
time=2026-08-10T10:43:29.421Z level=INFO msg="guestfs exec ok" bin=guestfish duration=147ms outputBytes=0 output=""
time=2026-08-10T10:43:29.421Z level=INFO msg="guestfs exec" bin=guestfish args="[--remote=112]" scriptLines=1 script="-fstrim /boot"
time=2026-08-10T10:43:29.564Z level=INFO msg="guestfs exec ok" bin=guestfish duration=143ms outputBytes=0 output=""
time=2026-08-10T10:43:29.564Z level=INFO msg="guestfs exec" bin=guestfish args="[--remote=112]" scriptLines=1 script="-fstrim /boot/efi"
time=2026-08-10T10:43:29.718Z level=INFO msg="guestfs exec ok" bin=guestfish duration=154ms outputBytes=0 output=""
time=2026-08-10T10:43:29.718Z level=INFO msg="guestfs exec" bin=guestfish args="[--remote=112]" scriptLines=1 script="-fstrim /sdb"
time=2026-08-10T10:43:29.874Z level=INFO msg="guestfs exec ok" bin=guestfish duration=156ms outputBytes=0 output=""
time=2026-08-10T10:43:29.875Z level=INFO msg="guestfs exec" bin=guestfish args="[--remote=112]" scriptLines=1 script="-fstrim /sdc"
time=2026-08-10T10:43:30.019Z level=INFO msg="guestfs exec ok" bin=guestfish duration=145ms outputBytes=0 output=""
time=2026-08-10T10:43:30.020Z level=INFO msg="unmounting guest filesystems" backend=guestfs mountRoot=/tmp/kc-guest
time=2026-08-10T10:43:30.020Z level=INFO msg="guestfs exec" bin=guestfish args="[--remote=112]" scriptLines=1 script=-umount-all
time=2026-08-10T10:43:30.114Z level=INFO msg="guestfs exec ok" bin=guestfish duration=94ms outputBytes=0 output=""
time=2026-08-10T10:43:30.114Z level=INFO msg="checking filesystems" backend=guestfs
time=2026-08-10T10:43:30.114Z level=INFO msg="guestfs exec" bin=guestfish args="[--remote=112 -- xfs-repair /dev/sda2]" stdinBytes=0
time=2026-08-10T10:43:30.270Z level=INFO msg="guestfs exec ok" bin=guestfish duration=156ms outputBytes=2 output=0
time=2026-08-10T10:43:30.270Z level=INFO msg="guestfs exec" bin=guestfish args="[--remote=112 -- xfs-repair /dev/rhel_dhcp-6-46-218/root]" stdinBytes=0
time=2026-08-10T10:43:33.879Z level=INFO msg="guestfs exec ok" bin=guestfish duration=3.609s outputBytes=2 output=0
time=2026-08-10T10:43:33.879Z level=INFO msg="guestfs exec" bin=guestfish args="[--remote=112 -- xfs-repair /dev/sdb1]" stdinBytes=0
time=2026-08-10T10:43:33.983Z level=INFO msg="guestfs exec ok" bin=guestfish duration=104ms outputBytes=2 output=0
time=2026-08-10T10:43:33.983Z level=INFO msg="guestfs exec" bin=guestfish args="[--remote=112 -- xfs-repair /dev/sdc1]" stdinBytes=0
time=2026-08-10T10:43:34.092Z level=INFO msg="guestfs exec ok" bin=guestfish duration=109ms outputBytes=2 output=0
time=2026-08-10T10:43:34.092Z level=INFO msg="releasing guest devices" backend=guestfs mountRoot=/tmp/kc-guest
time=2026-08-10T10:43:34.093Z level=INFO msg="pipeline complete"
time=2026-08-10T10:43:34.094Z level=INFO msg="guestfish shared listener exit" pid=112
time=2026-08-10T10:43:34.094Z level=INFO msg="guestfs exec" bin=guestfish args="[--remote=112 -- exit]" stdinBytes=0
time=2026-08-10T10:43:34.202Z level=INFO msg="guestfs exec ok" bin=guestfish duration=108ms outputBytes=0 output=""
time=2026-08-10T10:43:34.202Z level=INFO msg="committing qcow2 overlay" overlay=/var/tmp/v2v/overlay-0-block0.qcow2 backing=/dev/block0
Image committed.
time=2026-08-10T10:43:35.548Z level=INFO msg="committing qcow2 overlay" overlay=/var/tmp/v2v/overlay-1-block1.qcow2 backing=/dev/block1
Image committed.
time=2026-08-10T10:43:35.607Z level=INFO msg="committing qcow2 overlay" overlay=/var/tmp/v2v/overlay-2-block2.qcow2 backing=/dev/block2
Image committed.
time=2026-08-10T10:43:35.676Z level=INFO msg="qcow2 overlays committed" count=3
time=2026-08-10T10:43:35.676Z level=INFO msg="wrote inspection XML" path=/var/tmp/v2v/inspection.xml
time=2026-08-10T10:43:35.676Z level=INFO msg="pipeline output" target_meta="{\n  \"guestcaps\": {\n    \"block_bus\": \"virtio\",\n    \"net_bus\": \"virtio\",\n    \"virtio_rng\": true,\n    \"virtio_balloon\": true,\n    \"virtio_socket\": true,\n    \"isa_pvpanic\": true,\n    \"machine_type\": \"q35\",\n    \"arch\": \"x86_64\",\n    \"virtio_1_0\": true,\n    \"rtc_utc\": true\n  },\n  \"target_buses\": {\n    \"virtio_blk\": [\n      {\n        \"index\": 0,\n        \"source_disk\": 0\n      },\n      {\n        \"index\": 1,\n        \"source_disk\": 1\n      },\n      {\n        \"index\": 2,\n        \"source_disk\": 2\n      }\n    ]\n  },\n  \"target_nics\": [\n    {\n      \"mac\": \"00:50:56:9c:8e:08\",\n      \"model\": \"virtio\"\n    },\n    {\n      \"mac\": \"00:50:56:9c:9e:b5\",\n      \"model\": \"virtio\"\n    }\n  ],\n  \"target_firmware\": \"uefi\",\n  \"boot_device\": {\n    \"disk_index\": 0,\n    \"part_index\": 2,\n    \"bootloader_type\": \"grub2\"\n  },\n  \"disks\": [\n    {\n      \"path\": \"/var/tmp/v2v/overlay-0-block0.qcow2\",\n      \"size_bytes\": 0,\n      \"format\": \"raw\",\n      \"partitions\": [\n        {\n          \"index\": 1,\n          \"size_bytes\": 629145600,\n          \"fs_type\": \"vfat\",\n          \"mount_point\": \"/boot/efi\",\n          \"device_path\": \"/dev/sda1\"\n        },\n        {\n          \"index\": 2,\n          \"size_bytes\": 1073741824,\n          \"fs_type\": \"xfs\",\n          \"mount_point\": \"/boot\",\n          \"device_path\": \"/dev/sda2\"\n        },\n        {\n          \"index\": 0,\n          \"size_bytes\": 0,\n          \"fs_type\": \"xfs\",\n          \"mount_point\": \"/\",\n          \"device_path\": \"/dev/rhel_dhcp-6-46-218/root\"\n        }\n      ]\n    },\n    {\n      \"path\": \"/var/tmp/v2v/overlay-1-block1.qcow2\",\n      \"size_bytes\": 0,\n      \"format\": \"raw\",\n      \"partitions\": [\n        {\n          \"index\": 1,\n          \"size_bytes\": 1072693248,\n          \"fs_type\": \"xfs\",\n          \"mount_point\": \"/sdb\",\n          \"device_path\": \"/dev/sdb1\"\n        }\n      ]\n    },\n    {\n      \"path\": \"/var/tmp/v2v/overlay-2-block2.qcow2\",\n      \"size_bytes\": 0,\n      \"format\": \"raw\",\n      \"partitions\": [\n        {\n          \"index\": 1,\n          \"size_bytes\": 2146435072,\n          \"fs_type\": \"xfs\",\n          \"mount_point\": \"/sdc\",\n          \"device_path\": \"/dev/sdc1\"\n        }\n      ]\n    }\n  ],\n  \"inspect\": {\n    \"type\": \"linux\",\n    \"distro\": \"rhel\",\n    \"major_version\": 9,\n    \"minor_version\": 4,\n    \"arch\": \"x86_64\",\n    \"product_name\": \"Red Hat Enterprise Linux 9.4 (Plow)\"\n  }\n}"
Starting server on :8080
Shutdown request received. Shutting down server.
