time=2026-08-10T10:45:10.880Z level=INFO msg="copy mode validation" inPlace=false needsCopy=true source=vSphere targets=4 emptyTargets=4 hasEmpty=true
time=2026-08-10T10:45:10.880Z level=INFO msg="linked vSphere CA bundle" src=/etc/secret/cacert dest=/opt/ca-bundle.crt replaced=false
time=2026-08-10T10:45:10.880Z level=INFO msg="disk copy enabled" inPlace=false source=vSphere vm=mtv-func-win2019
time=2026-08-10T10:45:10.961Z level=INFO msg="loaded vSphere inventory" vm=mtv-func-win2019 moref=vm-1021 disks=4 nics=1 firmware=bios guestId=windows8Server64Guest guestName="Microsoft Windows Server 2012 (64-bit)"
time=2026-08-10T10:45:10.961Z level=INFO msg="vSphere source disk" index=0 path="[mtv-nfs-rhos-v8] mtv-func-win2019/mtv-func-win2019.vmdk"
time=2026-08-10T10:45:10.961Z level=INFO msg="vSphere source disk" index=1 path="[mtv-nfs-rhos-v8] mtv-func-win2019/mtv-func-win2019_1.vmdk"
time=2026-08-10T10:45:10.961Z level=INFO msg="vSphere source disk" index=2 path="[mtv-nfs-rhos-v8] mtv-func-win2019/mtv-func-win2019_2.vmdk"
time=2026-08-10T10:45:10.961Z level=INFO msg="vSphere source disk" index=3 path="[mtv-nfs-rhos-v8] mtv-func-win2019/mtv-func-win2019_3.vmdk"
time=2026-08-10T10:45:10.966Z level=INFO msg="resolved copy sources" count=4 disks="[[mtv-nfs-rhos-v8] mtv-func-win2019/mtv-func-win2019.vmdk [mtv-nfs-rhos-v8] mtv-func-win2019/mtv-func-win2019_1.vmdk [mtv-nfs-rhos-v8] mtv-func-win2019/mtv-func-win2019_2.vmdk [mtv-nfs-rhos-v8] mtv-func-win2019/mtv-func-win2019_3.vmdk]"
time=2026-08-10T10:45:10.966Z level=INFO msg=exec bin=/usr/lib/kc-utils/kc-copy args="[--input /var/tmp/v2v/copy-input.json --output /var/tmp/v2v/copy-progress.json --log-level info]"
time=2026-08-10T10:45:10.979Z level=INFO msg="discovered PVC targets" count=4
time=2026-08-10T10:45:10.980Z level=INFO msg="copy target" index=0 path=/dev/block0 kind=block empty=true
time=2026-08-10T10:45:10.980Z level=INFO msg="copy target" index=1 path=/dev/block1 kind=block empty=true
time=2026-08-10T10:45:10.980Z level=INFO msg="copy target" index=2 path=/dev/block2 kind=block empty=true
time=2026-08-10T10:45:10.980Z level=INFO msg="copy target" index=3 path=/dev/block3 kind=block empty=true
time=2026-08-10T10:45:10.980Z level=INFO msg="NFC disk copy starting" source_disks=4 empty_targets=4 vm=mtv-func-win2019
time=2026-08-10T10:45:11.098Z level=INFO msg="NFC lease disk" key=/vm-1021/VirtualLsiLogicSASController0:0 targetId=disk-0.vmdk size=19327352832 diskPath="[mtv-nfs-rhos-v8] mtv-func-win2019/mtv-func-win2019.vmdk"
time=2026-08-10T10:45:11.098Z level=INFO msg="NFC lease disk" key=/vm-1021/VirtualLsiLogicSASController0:1 targetId=disk-1.vmdk size=19327352832 diskPath="[mtv-nfs-rhos-v8] mtv-func-win2019/mtv-func-win2019_1.vmdk"
time=2026-08-10T10:45:11.098Z level=INFO msg="NFC lease disk" key=/vm-1021/VirtualLsiLogicSASController0:2 targetId=disk-2.vmdk size=19327352832 diskPath="[mtv-nfs-rhos-v8] mtv-func-win2019/mtv-func-win2019_2.vmdk"
time=2026-08-10T10:45:11.098Z level=INFO msg="NFC lease disk" key=/vm-1021/VirtualLsiLogicSASController0:3 targetId=disk-3.vmdk size=19327352832 diskPath="[mtv-nfs-rhos-v8] mtv-func-win2019/mtv-func-win2019_3.vmdk"
time=2026-08-10T10:45:11.098Z level=INFO msg="NFC export lease acquired" vm=mtv-func-win2019 disks=4
time=2026-08-10T10:45:11.099Z level=INFO msg="NFC disks selected" selected=4 lease=4 concurrency=4
time=2026-08-10T10:45:11.099Z level=INFO msg="copying disk via NFC" disk=4/4 index=3 source="[mtv-nfs-rhos-v8] mtv-func-win2019/mtv-func-win2019_3.vmdk" target=/dev/block3 block=true
time=2026-08-10T10:45:11.099Z level=INFO msg="copying disk via NFC" disk=1/4 index=0 source="[mtv-nfs-rhos-v8] mtv-func-win2019/mtv-func-win2019.vmdk" target=/dev/block0 block=true
time=2026-08-10T10:45:11.099Z level=INFO msg="starting disk download" index=3 source="[mtv-nfs-rhos-v8] mtv-func-win2019/mtv-func-win2019_3.vmdk" target=/dev/block3 block=true size=19327352832
time=2026-08-10T10:45:11.099Z level=INFO msg="starting disk download" index=0 source="[mtv-nfs-rhos-v8] mtv-func-win2019/mtv-func-win2019.vmdk" target=/dev/block0 block=true size=19327352832
time=2026-08-10T10:45:11.099Z level=INFO msg="copying disk via NFC" disk=3/4 index=2 source="[mtv-nfs-rhos-v8] mtv-func-win2019/mtv-func-win2019_2.vmdk" target=/dev/block2 block=true
time=2026-08-10T10:45:11.099Z level=INFO msg="starting disk download" index=2 source="[mtv-nfs-rhos-v8] mtv-func-win2019/mtv-func-win2019_2.vmdk" target=/dev/block2 block=true size=19327352832
time=2026-08-10T10:45:11.099Z level=INFO msg="copying disk via NFC" disk=2/4 index=1 source="[mtv-nfs-rhos-v8] mtv-func-win2019/mtv-func-win2019_1.vmdk" target=/dev/block1 block=true
time=2026-08-10T10:45:11.099Z level=INFO msg="starting disk download" index=1 source="[mtv-nfs-rhos-v8] mtv-func-win2019/mtv-func-win2019_1.vmdk" target=/dev/block1 block=true size=19327352832
time=2026-08-10T10:45:12.053Z level=INFO msg="disk copy progress" index=3 source="[mtv-nfs-rhos-v8] mtv-func-win2019/mtv-func-win2019_3.vmdk" target=/dev/block3 percent=0
time=2026-08-10T10:45:12.068Z level=INFO msg="disk copy progress" index=0 source="[mtv-nfs-rhos-v8] mtv-func-win2019/mtv-func-win2019.vmdk" target=/dev/block0 percent=0
time=2026-08-10T10:45:12.072Z level=INFO msg="disk copy progress" index=1 source="[mtv-nfs-rhos-v8] mtv-func-win2019/mtv-func-win2019_1.vmdk" target=/dev/block1 percent=0
time=2026-08-10T10:45:12.072Z level=INFO msg="disk copy progress" index=2 source="[mtv-nfs-rhos-v8] mtv-func-win2019/mtv-func-win2019_2.vmdk" target=/dev/block2 percent=0
time=2026-08-10T10:45:48.457Z level=INFO msg="disk download finished" index=1 source="[mtv-nfs-rhos-v8] mtv-func-win2019/mtv-func-win2019_1.vmdk" target=/dev/block1 duration=37s
time=2026-08-10T10:45:48.459Z level=INFO msg="disk copy recorded" completed=1/4 index=1
time=2026-08-10T10:46:11.225Z level=INFO msg="disk copy progress" index=0 source="[mtv-nfs-rhos-v8] mtv-func-win2019/mtv-func-win2019.vmdk" target=/dev/block0 percent=5
time=2026-08-10T10:46:19.835Z level=INFO msg="disk download finished" index=2 source="[mtv-nfs-rhos-v8] mtv-func-win2019/mtv-func-win2019_2.vmdk" target=/dev/block2 duration=1m9s
time=2026-08-10T10:46:19.837Z level=INFO msg="disk copy recorded" completed=2/4 index=2
time=2026-08-10T10:46:48.511Z level=INFO msg="disk copy progress" index=0 source="[mtv-nfs-rhos-v8] mtv-func-win2019/mtv-func-win2019.vmdk" target=/dev/block0 percent=10
time=2026-08-10T10:46:48.936Z level=INFO msg="disk download finished" index=3 source="[mtv-nfs-rhos-v8] mtv-func-win2019/mtv-func-win2019_3.vmdk" target=/dev/block3 duration=1m38s
time=2026-08-10T10:46:48.939Z level=INFO msg="disk copy recorded" completed=3/4 index=3
time=2026-08-10T10:47:20.965Z level=INFO msg="disk copy progress" index=0 source="[mtv-nfs-rhos-v8] mtv-func-win2019/mtv-func-win2019.vmdk" target=/dev/block0 percent=15
time=2026-08-10T10:47:54.188Z level=INFO msg="disk copy progress" index=0 source="[mtv-nfs-rhos-v8] mtv-func-win2019/mtv-func-win2019.vmdk" target=/dev/block0 percent=20
time=2026-08-10T10:48:28.597Z level=INFO msg="disk copy progress" index=0 source="[mtv-nfs-rhos-v8] mtv-func-win2019/mtv-func-win2019.vmdk" target=/dev/block0 percent=25
time=2026-08-10T10:49:00.216Z level=INFO msg="disk copy progress" index=0 source="[mtv-nfs-rhos-v8] mtv-func-win2019/mtv-func-win2019.vmdk" target=/dev/block0 percent=30
time=2026-08-10T10:49:34.241Z level=INFO msg="disk copy progress" index=0 source="[mtv-nfs-rhos-v8] mtv-func-win2019/mtv-func-win2019.vmdk" target=/dev/block0 percent=35
time=2026-08-10T10:50:12.930Z level=INFO msg="disk copy progress" index=0 source="[mtv-nfs-rhos-v8] mtv-func-win2019/mtv-func-win2019.vmdk" target=/dev/block0 percent=40
time=2026-08-10T10:50:51.956Z level=INFO msg="disk copy progress" index=0 source="[mtv-nfs-rhos-v8] mtv-func-win2019/mtv-func-win2019.vmdk" target=/dev/block0 percent=45
time=2026-08-10T10:51:25.635Z level=INFO msg="disk copy progress" index=0 source="[mtv-nfs-rhos-v8] mtv-func-win2019/mtv-func-win2019.vmdk" target=/dev/block0 percent=50
time=2026-08-10T10:51:58.249Z level=INFO msg="disk copy progress" index=0 source="[mtv-nfs-rhos-v8] mtv-func-win2019/mtv-func-win2019.vmdk" target=/dev/block0 percent=55
time=2026-08-10T10:52:29.781Z level=INFO msg="disk copy progress" index=0 source="[mtv-nfs-rhos-v8] mtv-func-win2019/mtv-func-win2019.vmdk" target=/dev/block0 percent=60
time=2026-08-10T10:53:00.350Z level=INFO msg="disk copy progress" index=0 source="[mtv-nfs-rhos-v8] mtv-func-win2019/mtv-func-win2019.vmdk" target=/dev/block0 percent=65
time=2026-08-10T10:53:34.939Z level=INFO msg="disk copy progress" index=0 source="[mtv-nfs-rhos-v8] mtv-func-win2019/mtv-func-win2019.vmdk" target=/dev/block0 percent=70
time=2026-08-10T10:54:04.727Z level=INFO msg="disk copy progress" index=0 source="[mtv-nfs-rhos-v8] mtv-func-win2019/mtv-func-win2019.vmdk" target=/dev/block0 percent=75
time=2026-08-10T10:54:38.528Z level=INFO msg="disk copy progress" index=0 source="[mtv-nfs-rhos-v8] mtv-func-win2019/mtv-func-win2019.vmdk" target=/dev/block0 percent=80
time=2026-08-10T10:55:12.916Z level=INFO msg="disk copy progress" index=0 source="[mtv-nfs-rhos-v8] mtv-func-win2019/mtv-func-win2019.vmdk" target=/dev/block0 percent=85
time=2026-08-10T10:55:47.877Z level=INFO msg="disk copy progress" index=0 source="[mtv-nfs-rhos-v8] mtv-func-win2019/mtv-func-win2019.vmdk" target=/dev/block0 percent=90
time=2026-08-10T10:56:19.444Z level=INFO msg="disk download finished" index=0 source="[mtv-nfs-rhos-v8] mtv-func-win2019/mtv-func-win2019.vmdk" target=/dev/block0 duration=11m8s
time=2026-08-10T10:56:19.446Z level=INFO msg="disk copy recorded" completed=4/4 index=0
time=2026-08-10T10:56:19.456Z level=INFO msg="NFC disk copy complete" disks=4
time=2026-08-10T10:56:19.458Z level=INFO msg="discovered conversion disks" count=4
time=2026-08-10T10:56:19.458Z level=INFO msg="conversion disk" index=0 path=/dev/block0 kind=block
time=2026-08-10T10:56:19.458Z level=INFO msg="conversion disk" index=1 path=/dev/block1 kind=block
time=2026-08-10T10:56:19.458Z level=INFO msg="conversion disk" index=2 path=/dev/block2 kind=block
time=2026-08-10T10:56:19.458Z level=INFO msg="conversion disk" index=3 path=/dev/block3 kind=block
time=2026-08-10T10:56:19.458Z level=INFO msg="qcow2 overlay enabled" disks=4 workdir=/var/tmp/v2v
time=2026-08-10T10:56:19.459Z level=INFO msg="creating qcow2 overlay" index=0 backing=/dev/block0 overlay=/var/tmp/v2v/overlay-0-block0.qcow2
Formatting '/var/tmp/v2v/overlay-0-block0.qcow2', fmt=qcow2 cluster_size=65536 extended_l2=off compression_type=zlib size=12884901888 backing_file=/dev/block0 backing_fmt=raw lazy_refcounts=off refcount_bits=16
time=2026-08-10T10:56:19.477Z level=INFO msg="creating qcow2 overlay" index=1 backing=/dev/block1 overlay=/var/tmp/v2v/overlay-1-block1.qcow2
Formatting '/var/tmp/v2v/overlay-1-block1.qcow2', fmt=qcow2 cluster_size=65536 extended_l2=off compression_type=zlib size=1073741824 backing_file=/dev/block1 backing_fmt=raw lazy_refcounts=off refcount_bits=16
time=2026-08-10T10:56:19.490Z level=INFO msg="creating qcow2 overlay" index=2 backing=/dev/block2 overlay=/var/tmp/v2v/overlay-2-block2.qcow2
Formatting '/var/tmp/v2v/overlay-2-block2.qcow2', fmt=qcow2 cluster_size=65536 extended_l2=off compression_type=zlib size=2147483648 backing_file=/dev/block2 backing_fmt=raw lazy_refcounts=off refcount_bits=16
time=2026-08-10T10:56:19.502Z level=INFO msg="creating qcow2 overlay" index=3 backing=/dev/block3 overlay=/var/tmp/v2v/overlay-3-block3.qcow2
Formatting '/var/tmp/v2v/overlay-3-block3.qcow2', fmt=qcow2 cluster_size=65536 extended_l2=off compression_type=zlib size=3221225472 backing_file=/dev/block3 backing_fmt=raw lazy_refcounts=off refcount_bits=16
time=2026-08-10T10:56:19.513Z level=INFO msg="qcow2 overlays ready" count=4
time=2026-08-10T10:56:19.514Z level=INFO msg="guestfish listen starting" bin=guestfish
time=2026-08-10T10:56:19.598Z level=INFO msg="guestfish listen socket ready" pid=134 socket=/tmp/.guestfish-107/socket-134 bin=guestfish
time=2026-08-10T10:56:19.598Z level=INFO msg="guestfish shared listener started" pid=134
time=2026-08-10T10:56:19.598Z level=INFO msg=exec bin=/usr/lib/kc-utils/kc-prepare args="[--input /var/tmp/v2v/prepare-input.json --output /var/tmp/v2v/pipeline.json --mount-root /tmp/kc-guest --log-level info --guestfs]"
time=2026-08-10T10:56:19.602Z level=INFO msg="kc-prepare starting" input=/var/tmp/v2v/prepare-input.json output=/var/tmp/v2v/pipeline.json mountRoot=/tmp/kc-guest guestfs=true logLevel=info
time=2026-08-10T10:56:19.602Z level=INFO msg="kc-prepare input loaded" disks=4 root=first firmwareHint=bios sourceType=vsphere
time=2026-08-10T10:56:19.603Z level=INFO msg="opening guest disks" backend=guestfs disks=4 mountRoot=/tmp/kc-guest
time=2026-08-10T10:56:19.603Z level=INFO msg="guestfish adopting shared session" pid=134 guestfishPID=134 shared=true HOME=/var/tmp socket=/tmp/.guestfish-107/socket-134
time=2026-08-10T10:56:19.603Z level=INFO msg="guestfish ensureLaunched" pid=134 disks=4 paths="[/var/tmp/v2v/overlay-0-block0.qcow2 /var/tmp/v2v/overlay-1-block1.qcow2 /var/tmp/v2v/overlay-2-block2.qcow2 /var/tmp/v2v/overlay-3-block3.qcow2]" HOME=/var/tmp LIBGUESTFS_BACKEND=direct socket=/tmp/.guestfish-107/socket-134 sessionAlive=true
time=2026-08-10T10:56:19.603Z level=INFO msg="guestfs exec" bin=guestfish args="[--remote=134]" scriptLines=1 script=-list-devices
time=2026-08-10T10:56:19.640Z level=INFO msg="guestfs exec ok" bin=guestfish duration=37ms outputBytes=0 output=""
time=2026-08-10T10:56:19.640Z level=INFO msg="guestfish ready probe" pid=134 ready=false devices=""
time=2026-08-10T10:56:19.640Z level=INFO msg="guestfish launching appliance" pid=134 disks=4 network=false
time=2026-08-10T10:56:19.640Z level=INFO msg="guestfs exec" bin=guestfish args="[--remote=134]" scriptLines=5 script="-add-drive-opts /var/tmp/v2v/overlay-0-block0.qcow2 readonly:false\n-add-drive-opts /var/tmp/v2v/overlay-1-block1.qcow2 readonly:false\n-add-drive-opts /var/tmp/v2v/overlay-2-block2.qcow2 readonly:false\n-add-drive-opts /var/tmp/v2v/overlay-3-block3.qcow2 rea…"
time=2026-08-10T10:56:26.931Z level=INFO msg="guestfs exec ok" bin=guestfish duration=7.291s outputBytes=0 output=""
time=2026-08-10T10:56:26.932Z level=INFO msg="guestfish launch script finished" pid=134 sessionAlive=true
time=2026-08-10T10:56:26.932Z level=INFO msg="guestfs exec" bin=guestfish args="[--remote=134]" scriptLines=1 script=-list-devices
time=2026-08-10T10:56:27.035Z level=INFO msg="guestfs exec ok" bin=guestfish duration=103ms outputBytes=36 output="/dev/sda\n/dev/sdb\n/dev/sdc\n/dev/sdd"
time=2026-08-10T10:56:27.035Z level=INFO msg="guestfish ready probe" pid=134 ready=true devices="/dev/sda\n/dev/sdb\n/dev/sdc\n/dev/sdd"
time=2026-08-10T10:56:27.035Z level=INFO msg="guestfish appliance launched" pid=134 disks=4 devices="/dev/sda\n/dev/sdb\n/dev/sdc\n/dev/sdd"
time=2026-08-10T10:56:27.035Z level=INFO msg="guestfs backend setup" disks=4 mountRoot=/tmp/kc-guest LIBGUESTFS_BACKEND=direct paths="[/var/tmp/v2v/overlay-0-block0.qcow2 /var/tmp/v2v/overlay-1-block1.qcow2 /var/tmp/v2v/overlay-2-block2.qcow2 /var/tmp/v2v/overlay-3-block3.qcow2]" guestfishPID=134 shared=true
time=2026-08-10T10:56:27.036Z level=INFO msg="guestfs exec" bin=guestfish args="[--remote=134 -- list-devices]" stdinBytes=0
time=2026-08-10T10:56:27.137Z level=INFO msg="guestfs exec ok" bin=guestfish duration=101ms outputBytes=36 output="/dev/sda\n/dev/sdb\n/dev/sdc\n/dev/sdd"
time=2026-08-10T10:56:27.137Z level=INFO msg="guestfs exec" bin=guestfish args="[--remote=134 -- list-filesystems]" stdinBytes=0
time=2026-08-10T10:56:28.661Z level=INFO msg="guestfs exec ok" bin=guestfish duration=1.525s outputBytes=80 output="/dev/sda1: ntfs\n/dev/sda2: ntfs\n/dev/sdb1: ntfs\n/dev/sdc1: ntfs\n/dev/sdd1: ntfs"
time=2026-08-10T10:56:28.662Z level=INFO msg="guestfs exec" bin=guestfish args="[--remote=134]" scriptLines=1 script="-blockdev-getsize64 /dev/sda1"
time=2026-08-10T10:56:28.726Z level=INFO msg="guestfs exec ok" bin=guestfish duration=65ms outputBytes=10 output=575668224
time=2026-08-10T10:56:28.726Z level=INFO msg="guestfs exec" bin=guestfish args="[--remote=134]" scriptLines=1 script="-blockdev-getsize64 /dev/sda2"
time=2026-08-10T10:56:28.792Z level=INFO msg="guestfs exec ok" bin=guestfish duration=65ms outputBytes=12 output=12307136512
time=2026-08-10T10:56:28.792Z level=INFO msg="discovered partition" disk=/var/tmp/v2v/overlay-0-block0.qcow2 index=1 device=/dev/sda1 fstype=ntfs
time=2026-08-10T10:56:28.792Z level=INFO msg="discovered partition" disk=/var/tmp/v2v/overlay-0-block0.qcow2 index=2 device=/dev/sda2 fstype=ntfs
time=2026-08-10T10:56:28.792Z level=INFO msg="guestfs exec" bin=guestfish args="[--remote=134 -- list-devices]" stdinBytes=0
time=2026-08-10T10:56:28.892Z level=INFO msg="guestfs exec ok" bin=guestfish duration=99ms outputBytes=36 output="/dev/sda\n/dev/sdb\n/dev/sdc\n/dev/sdd"
time=2026-08-10T10:56:28.892Z level=INFO msg="guestfs exec" bin=guestfish args="[--remote=134 -- list-filesystems]" stdinBytes=0
time=2026-08-10T10:56:30.471Z level=INFO msg="guestfs exec ok" bin=guestfish duration=1.579s outputBytes=80 output="/dev/sda1: ntfs\n/dev/sda2: ntfs\n/dev/sdb1: ntfs\n/dev/sdc1: ntfs\n/dev/sdd1: ntfs"
time=2026-08-10T10:56:30.471Z level=INFO msg="guestfs exec" bin=guestfish args="[--remote=134]" scriptLines=1 script="-blockdev-getsize64 /dev/sdb1"
time=2026-08-10T10:56:30.524Z level=INFO msg="guestfs exec ok" bin=guestfish duration=53ms outputBytes=11 output=1070596096
time=2026-08-10T10:56:30.524Z level=INFO msg="discovered partition" disk=/var/tmp/v2v/overlay-1-block1.qcow2 index=1 device=/dev/sdb1 fstype=ntfs
time=2026-08-10T10:56:30.524Z level=INFO msg="guestfs exec" bin=guestfish args="[--remote=134 -- list-devices]" stdinBytes=0
time=2026-08-10T10:56:30.610Z level=INFO msg="guestfs exec ok" bin=guestfish duration=87ms outputBytes=36 output="/dev/sda\n/dev/sdb\n/dev/sdc\n/dev/sdd"
time=2026-08-10T10:56:30.611Z level=INFO msg="guestfs exec" bin=guestfish args="[--remote=134 -- list-filesystems]" stdinBytes=0
time=2026-08-10T10:56:32.029Z level=INFO msg="guestfs exec ok" bin=guestfish duration=1.418s outputBytes=80 output="/dev/sda1: ntfs\n/dev/sda2: ntfs\n/dev/sdb1: ntfs\n/dev/sdc1: ntfs\n/dev/sdd1: ntfs"
time=2026-08-10T10:56:32.029Z level=INFO msg="guestfs exec" bin=guestfish args="[--remote=134]" scriptLines=1 script="-blockdev-getsize64 /dev/sdc1"
time=2026-08-10T10:56:32.082Z level=INFO msg="guestfs exec ok" bin=guestfish duration=53ms outputBytes=11 output=2144337920
time=2026-08-10T10:56:32.082Z level=INFO msg="discovered partition" disk=/var/tmp/v2v/overlay-2-block2.qcow2 index=1 device=/dev/sdc1 fstype=ntfs
time=2026-08-10T10:56:32.082Z level=INFO msg="guestfs exec" bin=guestfish args="[--remote=134 -- list-devices]" stdinBytes=0
time=2026-08-10T10:56:32.169Z level=INFO msg="guestfs exec ok" bin=guestfish duration=87ms outputBytes=36 output="/dev/sda\n/dev/sdb\n/dev/sdc\n/dev/sdd"
time=2026-08-10T10:56:32.169Z level=INFO msg="guestfs exec" bin=guestfish args="[--remote=134 -- list-filesystems]" stdinBytes=0
time=2026-08-10T10:56:33.582Z level=INFO msg="guestfs exec ok" bin=guestfish duration=1.413s outputBytes=80 output="/dev/sda1: ntfs\n/dev/sda2: ntfs\n/dev/sdb1: ntfs\n/dev/sdc1: ntfs\n/dev/sdd1: ntfs"
time=2026-08-10T10:56:33.582Z level=INFO msg="guestfs exec" bin=guestfish args="[--remote=134]" scriptLines=1 script="-blockdev-getsize64 /dev/sdd1"
time=2026-08-10T10:56:33.648Z level=INFO msg="guestfs exec ok" bin=guestfish duration=66ms outputBytes=11 output=3218079744
time=2026-08-10T10:56:33.648Z level=INFO msg="discovered partition" disk=/var/tmp/v2v/overlay-3-block3.qcow2 index=1 device=/dev/sdd1 fstype=ntfs
time=2026-08-10T10:56:33.648Z level=INFO msg="guestfs exec" bin=guestfish args="[--remote=134]" scriptLines=1 script=-lvs
time=2026-08-10T10:56:33.704Z level=INFO msg="guestfs exec ok" bin=guestfish duration=56ms outputBytes=0 output=""
time=2026-08-10T10:56:33.704Z level=INFO msg="guest disk layout" disks=4 partitions=5 lvs=0
time=2026-08-10T10:56:33.704Z level=INFO msg="guestfs exec" bin=guestfish args="[--remote=134 -- ntfsfix /dev/sda1]" stdinBytes=0
time=2026-08-10T10:56:33.772Z level=INFO msg="guestfs exec ok" bin=guestfish duration=67ms outputBytes=0 output=""
time=2026-08-10T10:56:33.772Z level=INFO msg="guestfs exec" bin=guestfish args="[--remote=134 -- ntfsfix /dev/sda2]" stdinBytes=0
time=2026-08-10T10:56:33.831Z level=INFO msg="guestfs exec ok" bin=guestfish duration=59ms outputBytes=0 output=""
time=2026-08-10T10:56:33.831Z level=INFO msg="guestfs exec" bin=guestfish args="[--remote=134 -- ntfsfix /dev/sdb1]" stdinBytes=0
time=2026-08-10T10:56:33.886Z level=INFO msg="guestfs exec ok" bin=guestfish duration=55ms outputBytes=0 output=""
time=2026-08-10T10:56:33.886Z level=INFO msg="guestfs exec" bin=guestfish args="[--remote=134 -- ntfsfix /dev/sdc1]" stdinBytes=0
time=2026-08-10T10:56:33.948Z level=INFO msg="guestfs exec ok" bin=guestfish duration=62ms outputBytes=0 output=""
time=2026-08-10T10:56:33.948Z level=INFO msg="guestfs exec" bin=guestfish args="[--remote=134 -- ntfsfix /dev/sdd1]" stdinBytes=0
time=2026-08-10T10:56:34.021Z level=INFO msg="guestfs exec ok" bin=guestfish duration=73ms outputBytes=0 output=""
time=2026-08-10T10:56:34.021Z level=INFO msg="detected firmware" type=bios espDevices=[]
time=2026-08-10T10:56:34.022Z level=INFO msg="guestfs exec" bin=guestfish args="[--remote=134]" scriptLines=12 script="-umount-all\n-mount /dev/sda1 /\n-copy-out /etc/os-release /tmp/kc-scan-_dev_sda1/etc\n-copy-out /etc/redhat-release /tmp/kc-scan-_dev_sda1/etc\n-copy-out /etc/debian_version /tmp/kc-scan-_dev_sda1/etc\n-copy-out /Windows/System32/config/SYSTEM /tmp/kc-scan-_de…" soft=true
time=2026-08-10T10:56:34.130Z level=INFO msg="guestfs exec ok" bin=guestfish duration=108ms outputBytes=0 output="" soft=true
time=2026-08-10T10:56:34.130Z level=INFO msg="root probe miss" device=/dev/sda1 fstype=ntfs diskIndex=0 partIndex=1 scanPath=/tmp/kc-scan-_dev_sda1
time=2026-08-10T10:56:34.131Z level=INFO msg="guestfs exec" bin=guestfish args="[--remote=134]" scriptLines=12 script="-umount-all\n-mount /dev/sda2 /\n-copy-out /etc/os-release /tmp/kc-scan-_dev_sda2/etc\n-copy-out /etc/redhat-release /tmp/kc-scan-_dev_sda2/etc\n-copy-out /etc/debian_version /tmp/kc-scan-_dev_sda2/etc\n-copy-out /Windows/System32/config/SYSTEM /tmp/kc-scan-_de…" soft=true
time=2026-08-10T10:56:35.494Z level=INFO msg="guestfs exec ok" bin=guestfish duration=1.362s outputBytes=0 output="" soft=true
time=2026-08-10T10:56:35.499Z level=INFO msg="root probe hit" device=/dev/sda2 fstype=ntfs os=windows distro=windows product="Windows Server 2019 Standard\x00"
time=2026-08-10T10:56:35.505Z level=INFO msg="guestfs exec" bin=guestfish args="[--remote=134]" scriptLines=12 script="-umount-all\n-mount /dev/sdb1 /\n-copy-out /etc/os-release /tmp/kc-scan-_dev_sdb1/etc\n-copy-out /etc/redhat-release /tmp/kc-scan-_dev_sdb1/etc\n-copy-out /etc/debian_version /tmp/kc-scan-_dev_sdb1/etc\n-copy-out /Windows/System32/config/SYSTEM /tmp/kc-scan-_de…" soft=true
time=2026-08-10T10:56:35.623Z level=INFO msg="guestfs exec ok" bin=guestfish duration=118ms outputBytes=0 output="" soft=true
time=2026-08-10T10:56:35.624Z level=INFO msg="root probe miss" device=/dev/sdb1 fstype=ntfs diskIndex=1 partIndex=1 scanPath=/tmp/kc-scan-_dev_sdb1
time=2026-08-10T10:56:35.625Z level=INFO msg="guestfs exec" bin=guestfish args="[--remote=134]" scriptLines=12 script="-umount-all\n-mount /dev/sdc1 /\n-copy-out /etc/os-release /tmp/kc-scan-_dev_sdc1/etc\n-copy-out /etc/redhat-release /tmp/kc-scan-_dev_sdc1/etc\n-copy-out /etc/debian_version /tmp/kc-scan-_dev_sdc1/etc\n-copy-out /Windows/System32/config/SYSTEM /tmp/kc-scan-_de…" soft=true
time=2026-08-10T10:56:35.734Z level=INFO msg="guestfs exec ok" bin=guestfish duration=109ms outputBytes=0 output="" soft=true
time=2026-08-10T10:56:35.735Z level=INFO msg="root probe miss" device=/dev/sdc1 fstype=ntfs diskIndex=2 partIndex=1 scanPath=/tmp/kc-scan-_dev_sdc1
time=2026-08-10T10:56:35.736Z level=INFO msg="guestfs exec" bin=guestfish args="[--remote=134]" scriptLines=12 script="-umount-all\n-mount /dev/sdd1 /\n-copy-out /etc/os-release /tmp/kc-scan-_dev_sdd1/etc\n-copy-out /etc/redhat-release /tmp/kc-scan-_dev_sdd1/etc\n-copy-out /etc/debian_version /tmp/kc-scan-_dev_sdd1/etc\n-copy-out /Windows/System32/config/SYSTEM /tmp/kc-scan-_de…" soft=true
time=2026-08-10T10:56:35.830Z level=INFO msg="guestfs exec ok" bin=guestfish duration=94ms outputBytes=0 output="" soft=true
time=2026-08-10T10:56:35.830Z level=INFO msg="root probe miss" device=/dev/sdd1 fstype=ntfs diskIndex=3 partIndex=1 scanPath=/tmp/kc-scan-_dev_sdd1
time=2026-08-10T10:56:35.830Z level=INFO msg="root candidates" count=1 selector=first
time=2026-08-10T10:56:35.830Z level=INFO msg="root candidate" index=1 device=/dev/sda2 product="Windows Server 2019 Standard\x00" os=windows distro=windows
time=2026-08-10T10:56:35.830Z level=INFO msg="selected root" device=/dev/sda2 product="Windows Server 2019 Standard\x00" selector=first os=windows
time=2026-08-10T10:56:35.830Z level=INFO msg="mount planner selected" planner=windows initialMounts=1
time=2026-08-10T10:56:35.831Z level=INFO msg="mounting filesystem" device=/dev/sda2 mountpoint=/ fstype=ntfs readOnly=false
time=2026-08-10T10:56:35.831Z level=INFO msg="guestfs exec" bin=guestfish args="[--remote=134]" scriptLines=1 script="-vfs-type /dev/sda2"
time=2026-08-10T10:56:35.881Z level=INFO msg="guestfs exec ok" bin=guestfish duration=50ms outputBytes=5 output=ntfs
time=2026-08-10T10:56:35.881Z level=INFO msg="firmware after mount" type=bios espDevices=[]
time=2026-08-10T10:56:35.881Z level=INFO msg="guestfs exec" bin=guestfish args="[--remote=134]" scriptLines=1 script=-inspect-os
time=2026-08-10T10:56:39.947Z level=INFO msg="guestfs exec ok" bin=guestfish duration=4.066s outputBytes=10 output=/dev/sda2
time=2026-08-10T10:56:39.948Z level=INFO msg="guestfs exec" bin=guestfish args="[--remote=134]" scriptLines=1 script="-inspect-get-mountpoints /dev/sda2"
time=2026-08-10T10:56:39.994Z level=INFO msg="guestfs exec ok" bin=guestfish duration=47ms outputBytes=13 output="/: /dev/sda2"
time=2026-08-10T10:56:39.995Z level=INFO msg="discovered mount points via inspection" root=/dev/sda2 preferred=/dev/sda2 count=1
time=2026-08-10T10:56:39.995Z level=INFO msg="guestfs exec" bin=guestfish args="[--remote=134]" scriptLines=2 script="-umount-all\n-mount /dev/sda2 /"
time=2026-08-10T10:56:40.059Z level=INFO msg="guestfs exec ok" bin=guestfish duration=65ms outputBytes=0 output=""
time=2026-08-10T10:56:40.059Z level=INFO msg="guestfs exec" bin=guestfish args="[--remote=134]" scriptLines=1 script="-exists /boot"
time=2026-08-10T10:56:40.096Z level=INFO msg="guestfs exec ok" bin=guestfish duration=37ms outputBytes=6 output=false
time=2026-08-10T10:56:40.096Z level=INFO msg="guestfs exec" bin=guestfish args="[--remote=134]" scriptLines=1 script="-exists /"
time=2026-08-10T10:56:40.130Z level=INFO msg="guestfs exec ok" bin=guestfish duration=34ms outputBytes=5 output=true
time=2026-08-10T10:56:40.130Z level=INFO msg="guestfs exec" bin=guestfish args="[--remote=134]" scriptLines=1 script="-is-dir /"
time=2026-08-10T10:56:40.161Z level=INFO msg="guestfs exec ok" bin=guestfish duration=31ms outputBytes=5 output=true
time=2026-08-10T10:56:40.161Z level=INFO msg="guestfs exec" bin=guestfish args="[--remote=134]" scriptLines=1 script="-statvfs /"
time=2026-08-10T10:56:40.198Z level=INFO msg="guestfs exec ok" bin=guestfish duration=37ms outputBytes=148 output="bsize: 4096\nfrsize: 4096\nblocks: 3004671\nbfree: 388108\nbavail: 388108\nfiles: 1650736\nffree: 1557756\nfavail: 1557756\nfsid: 0\nflag: 4096\nnamemax: 255"
time=2026-08-10T10:56:40.198Z level=INFO msg="guestfs exec" bin=guestfish args="[--remote=134]" scriptLines=1 script="-exists /boot/efi"
time=2026-08-10T10:56:40.227Z level=INFO msg="guestfs exec ok" bin=guestfish duration=28ms outputBytes=6 output=false
time=2026-08-10T10:56:40.227Z level=INFO msg="guestfs exec" bin=guestfish args="[--remote=134]" scriptLines=1 script="-is-dir /Windows/System32"
time=2026-08-10T10:56:40.261Z level=INFO msg="guestfs exec ok" bin=guestfish duration=34ms outputBytes=5 output=true
time=2026-08-10T10:56:40.261Z level=INFO msg="guestfs exec" bin=guestfish args="[--remote=134]" scriptLines=1 script="-is-dir /"
time=2026-08-10T10:56:40.289Z level=INFO msg="guestfs exec ok" bin=guestfish duration=28ms outputBytes=5 output=true
time=2026-08-10T10:56:40.289Z level=INFO msg="guestfs exec" bin=guestfish args="[--remote=134]" scriptLines=1 script="-ll /"
time=2026-08-10T10:56:40.335Z level=INFO msg="guestfs exec ok" bin=guestfish duration=46ms outputBytes=969 output="total 393261\ndrwxrwxrwx  1 root root         0 Apr 28  2021 $Recycle.Bin\ndrwxrwxrwx  1 root root      4096 Aug  4  2025 .\ndrwxr-xr-x 20 root root      4096 Aug 10 10:56 ..\ndrwxrwxrwx  1 root root         0 Jan 31  2025 Config.Msi\nlrwxrwxrwx  2 root root        14 Apr 27  2021 Documents and Settings -> /sysroot/Users\ndrwxrwxrwx  1 root root         0 Aug 20  2024 MTV\ndrwxrwxrwx  1 root root         0 Sep 15  2018 PerfLogs\ndrwxrwxrwx  1 root root      4096 Jan 31  2025 Program Files\ndrwxrwxrwx  1 root root   …"
time=2026-08-10T10:56:40.335Z level=INFO msg="guestfs exec" bin=guestfish args="[--remote=134]" scriptLines=1 script="-exists /Windows/SysWOW64"
time=2026-08-10T10:56:40.370Z level=INFO msg="guestfs exec ok" bin=guestfish duration=35ms outputBytes=5 output=true
time=2026-08-10T10:56:40.371Z level=INFO msg="guestfs exec" bin=guestfish args="[--remote=134]" scriptLines=1 script="-is-dir /Windows/System32/config/SOFTWARE"
time=2026-08-10T10:56:40.404Z level=INFO msg="guestfs exec ok" bin=guestfish duration=33ms outputBytes=6 output=false
time=2026-08-10T10:56:40.404Z level=INFO msg="guestfs exec" bin=guestfish args="[--remote=134]" scriptLines=1 script="-download /Windows/System32/config/SOFTWARE /tmp/kc-checkout-ro-SOFTWARE-2396160243"
time=2026-08-10T10:56:40.675Z level=INFO msg="guestfs exec ok" bin=guestfish duration=271ms outputBytes=0 output=""
time=2026-08-10T10:56:40.681Z level=INFO msg="guestfs exec" bin=guestfish args="[--remote=134]" scriptLines=1 script="-is-dir /Windows/System32/config/SYSTEM"
time=2026-08-10T10:56:40.721Z level=INFO msg="guestfs exec ok" bin=guestfish duration=40ms outputBytes=6 output=false
time=2026-08-10T10:56:40.721Z level=INFO msg="guestfs exec" bin=guestfish args="[--remote=134]" scriptLines=1 script="-download /Windows/System32/config/SYSTEM /tmp/kc-checkout-ro-SYSTEM-3276656698"
time=2026-08-10T10:56:40.837Z level=INFO msg="guestfs exec ok" bin=guestfish duration=116ms outputBytes=0 output=""
time=2026-08-10T10:56:40.843Z level=INFO msg="guestfs exec" bin=guestfish args="[--remote=134]" scriptLines=1 script="-is-dir /"
time=2026-08-10T10:56:40.877Z level=INFO msg="guestfs exec ok" bin=guestfish duration=33ms outputBytes=5 output=true
time=2026-08-10T10:56:40.877Z level=INFO msg="guestfs exec" bin=guestfish args="[--remote=134]" scriptLines=1 script="-ll /"
time=2026-08-10T10:56:40.912Z level=INFO msg="guestfs exec ok" bin=guestfish duration=36ms outputBytes=969 output="total 393261\ndrwxrwxrwx  1 root root         0 Apr 28  2021 $Recycle.Bin\ndrwxrwxrwx  1 root root      4096 Aug  4  2025 .\ndrwxr-xr-x 20 root root      4096 Aug 10 10:56 ..\ndrwxrwxrwx  1 root root         0 Jan 31  2025 Config.Msi\nlrwxrwxrwx  2 root root        14 Apr 27  2021 Documents and Settings -> /sysroot/Users\ndrwxrwxrwx  1 root root         0 Aug 20  2024 MTV\ndrwxrwxrwx  1 root root         0 Sep 15  2018 PerfLogs\ndrwxrwxrwx  1 root root      4096 Jan 31  2025 Program Files\ndrwxrwxrwx  1 root root   …"
time=2026-08-10T10:56:40.913Z level=INFO msg="guestfs exec" bin=guestfish args="[--remote=134]" scriptLines=1 script="-is-dir /Windows/System32/config/SOFTWARE"
time=2026-08-10T10:56:40.949Z level=INFO msg="guestfs exec ok" bin=guestfish duration=36ms outputBytes=6 output=false
time=2026-08-10T10:56:40.949Z level=INFO msg="guestfs exec" bin=guestfish args="[--remote=134]" scriptLines=1 script="-download /Windows/System32/config/SOFTWARE /tmp/kc-checkout-ro-SOFTWARE-3486721034"
time=2026-08-10T10:56:41.172Z level=INFO msg="guestfs exec ok" bin=guestfish duration=223ms outputBytes=0 output=""
time=2026-08-10T10:56:41.179Z level=INFO msg="guestfs exec" bin=guestfish args="[--remote=134]" scriptLines=1 script="-is-dir /Windows/System32/config/SYSTEM"
time=2026-08-10T10:56:41.211Z level=INFO msg="guestfs exec ok" bin=guestfish duration=32ms outputBytes=6 output=false
time=2026-08-10T10:56:41.211Z level=INFO msg="guestfs exec" bin=guestfish args="[--remote=134]" scriptLines=1 script="-download /Windows/System32/config/SYSTEM /tmp/kc-checkout-ro-SYSTEM-3149434965"
time=2026-08-10T10:56:41.312Z level=INFO msg="guestfs exec ok" bin=guestfish duration=101ms outputBytes=0 output=""
time=2026-08-10T10:56:41.319Z level=INFO msg="guestfs exec" bin=guestfish args="[--remote=134]" scriptLines=1 script="-exists /boot/grub2/grub.cfg"
time=2026-08-10T10:56:41.357Z level=INFO msg="guestfs exec ok" bin=guestfish duration=38ms outputBytes=6 output=false
time=2026-08-10T10:56:41.358Z level=INFO msg="guestfs exec" bin=guestfish args="[--remote=134]" scriptLines=1 script="-exists /boot/grub/grub.cfg"
time=2026-08-10T10:56:41.392Z level=INFO msg="guestfs exec ok" bin=guestfish duration=34ms outputBytes=6 output=false
time=2026-08-10T10:56:41.392Z level=INFO msg="guestfs exec" bin=guestfish args="[--remote=134]" scriptLines=1 script="-exists /boot/efi/EFI"
time=2026-08-10T10:56:41.422Z level=INFO msg="guestfs exec ok" bin=guestfish duration=30ms outputBytes=6 output=false
time=2026-08-10T10:56:41.422Z level=INFO msg="guestfs exec" bin=guestfish args="[--remote=134]" scriptLines=1 script="-exists /"
time=2026-08-10T10:56:41.458Z level=INFO msg="guestfs exec ok" bin=guestfish duration=36ms outputBytes=5 output=true
time=2026-08-10T10:56:41.458Z level=INFO msg="guestfs exec" bin=guestfish args="[--remote=134]" scriptLines=1 script="-exists /boot"
time=2026-08-10T10:56:41.498Z level=INFO msg="guestfs exec ok" bin=guestfish duration=40ms outputBytes=6 output=false
time=2026-08-10T10:56:41.498Z level=INFO msg="guestfs exec" bin=guestfish args="[--remote=134]" scriptLines=1 script="-exists /boot/efi"
time=2026-08-10T10:56:41.528Z level=INFO msg="guestfs exec ok" bin=guestfish duration=30ms outputBytes=6 output=false
time=2026-08-10T10:56:41.528Z level=INFO msg="guestfs exec" bin=guestfish args="[--remote=134]" scriptLines=1 script="-exists /"
time=2026-08-10T10:56:41.559Z level=INFO msg="guestfs exec ok" bin=guestfish duration=31ms outputBytes=5 output=true
time=2026-08-10T10:56:41.559Z level=INFO msg="guestfs exec" bin=guestfish args="[--remote=134]" scriptLines=1 script="-is-dir /"
time=2026-08-10T10:56:41.596Z level=INFO msg="guestfs exec ok" bin=guestfish duration=37ms outputBytes=5 output=true
time=2026-08-10T10:56:41.596Z level=INFO msg="guestfs exec" bin=guestfish args="[--remote=134]" scriptLines=1 script="-statvfs /"
time=2026-08-10T10:56:41.635Z level=INFO msg="guestfs exec ok" bin=guestfish duration=39ms outputBytes=148 output="bsize: 4096\nfrsize: 4096\nblocks: 3004671\nbfree: 388108\nbavail: 388108\nfiles: 1650736\nffree: 1557756\nfavail: 1557756\nfsid: 0\nflag: 4096\nnamemax: 255"
time=2026-08-10T10:56:41.636Z level=INFO msg="pipeline complete"
time=2026-08-10T10:56:41.636Z level=INFO msg="guestfs exec" bin=guestfish args="[--remote=134]" scriptLines=1 script=-umount-all
time=2026-08-10T10:56:41.700Z level=INFO msg="guestfs exec ok" bin=guestfish duration=64ms outputBytes=0 output=""
time=2026-08-10T10:56:41.700Z level=INFO msg="kc-prepare completed" output=/var/tmp/v2v/pipeline.json
time=2026-08-10T10:56:41.702Z level=INFO msg=exec bin=/usr/lib/kc-utils/kc-convert-windows args="[--input /var/tmp/v2v/pipeline.json --output /var/tmp/v2v/pipeline.json --mount-root /tmp/kc-guest --log-level info --guestfs]"
time=2026-08-10T10:56:41.707Z level=INFO msg="guestfish adopting shared session" pid=134 guestfishPID=134 shared=true
time=2026-08-10T10:56:41.708Z level=INFO msg="guestfish ensureLaunched" pid=134 disks=4 paths="[/var/tmp/v2v/overlay-0-block0.qcow2 /var/tmp/v2v/overlay-1-block1.qcow2 /var/tmp/v2v/overlay-2-block2.qcow2 /var/tmp/v2v/overlay-3-block3.qcow2]" HOME=/var/tmp LIBGUESTFS_BACKEND=direct socket=/tmp/.guestfish-107/socket-134 sessionAlive=true
time=2026-08-10T10:56:41.708Z level=INFO msg="guestfs exec" bin=guestfish args="[--remote=134]" scriptLines=1 script=-list-devices
time=2026-08-10T10:56:41.798Z level=INFO msg="guestfs exec ok" bin=guestfish duration=91ms outputBytes=36 output="/dev/sda\n/dev/sdb\n/dev/sdc\n/dev/sdd"
time=2026-08-10T10:56:41.799Z level=INFO msg="guestfish ready probe" pid=134 ready=true devices="/dev/sda\n/dev/sdb\n/dev/sdc\n/dev/sdd"
time=2026-08-10T10:56:41.799Z level=INFO msg="guestfish session already launched" pid=134 devices="/dev/sda\n/dev/sdb\n/dev/sdc\n/dev/sdd"
time=2026-08-10T10:56:41.799Z level=INFO msg="guestfs exec" bin=guestfish args="[--remote=134]" scriptLines=1 script=-inspect-os
time=2026-08-10T10:56:45.381Z level=INFO msg="guestfs exec ok" bin=guestfish duration=3.582s outputBytes=10 output=/dev/sda2
time=2026-08-10T10:56:45.382Z level=INFO msg="guestfs exec" bin=guestfish args="[--remote=134]" scriptLines=1 script="-inspect-get-mountpoints /dev/sda2"
time=2026-08-10T10:56:45.431Z level=INFO msg="guestfs exec ok" bin=guestfish duration=49ms outputBytes=13 output="/: /dev/sda2"
time=2026-08-10T10:56:45.431Z level=INFO msg="discovered mount points via inspection" root=/dev/sda2 preferred=/dev/sda2 count=1
time=2026-08-10T10:56:45.431Z level=INFO msg="guestfs exec" bin=guestfish args="[--remote=134]" scriptLines=2 script="-umount-all\n-mount /dev/sda2 /"
time=2026-08-10T10:56:45.507Z level=INFO msg="guestfs exec ok" bin=guestfish duration=76ms outputBytes=0 output=""
time=2026-08-10T10:56:45.507Z level=INFO msg="guestfs exec" bin=guestfish args="[--remote=134]" scriptLines=1 script="-is-dir /Windows/System32/config/SYSTEM"
time=2026-08-10T10:56:45.558Z level=INFO msg="guestfs exec ok" bin=guestfish duration=51ms outputBytes=6 output=false
time=2026-08-10T10:56:45.558Z level=INFO msg="guestfs exec" bin=guestfish args="[--remote=134]" scriptLines=1 script="-download /Windows/System32/config/SYSTEM /tmp/kc-checkout-SYSTEM-3872696263"
time=2026-08-10T10:56:45.711Z level=INFO msg="guestfs exec ok" bin=guestfish duration=153ms outputBytes=0 output=""
time=2026-08-10T10:56:45.711Z level=INFO msg="guestfs exec" bin=guestfish args="[--remote=134]" scriptLines=1 script="-is-dir /Windows/System32/config/SOFTWARE"
time=2026-08-10T10:56:45.754Z level=INFO msg="guestfs exec ok" bin=guestfish duration=42ms outputBytes=6 output=false
time=2026-08-10T10:56:45.754Z level=INFO msg="guestfs exec" bin=guestfish args="[--remote=134]" scriptLines=1 script="-download /Windows/System32/config/SOFTWARE /tmp/kc-checkout-SOFTWARE-1219383218"
time=2026-08-10T10:56:46.058Z level=INFO msg="guestfs exec ok" bin=guestfish duration=304ms outputBytes=0 output=""
time=2026-08-10T10:56:46.058Z level=INFO msg="matched version handler" name=win10
time=2026-08-10T10:56:46.058Z level=INFO msg="found drivers" count=19 source=directory arch=x86_64 osVersion="Windows Server 2019 Standard\x00"
time=2026-08-10T10:56:46.119Z level=WARN msg="RealTimeIsUniversal not found, assuming local time" error="value not found: ControlSet001\\Control\\TimeZoneInformation\\RealTimeIsUniversal"
time=2026-08-10T10:56:46.119Z level=INFO msg="removing hypervisor software" plugins="[virtualbox vmware citrix ec2 hyperv parallels awspv ec2launch nutanix]"
time=2026-08-10T10:56:46.119Z level=INFO msg="guestfs exec" bin=guestfish args="[--remote=134]" scriptLines=1 script="-exists \"/Program Files/Citrix/XenTools\""
time=2026-08-10T10:56:46.157Z level=INFO msg="guestfs exec ok" bin=guestfish duration=38ms outputBytes=6 output=false
time=2026-08-10T10:56:46.161Z level=INFO msg="guestfs exec" bin=guestfish args="[--remote=134]" scriptLines=1 script="-exists \"/Program Files/Amazon\""
time=2026-08-10T10:56:46.203Z level=INFO msg="guestfs exec ok" bin=guestfish duration=42ms outputBytes=6 output=false
time=2026-08-10T10:56:46.203Z level=INFO msg="guestfs exec" bin=guestfish args="[--remote=134]" scriptLines=1 script="-exists \"/Program Files/Parallels/Parallels Tools\""
time=2026-08-10T10:56:46.247Z level=INFO msg="guestfs exec ok" bin=guestfish duration=44ms outputBytes=6 output=false
time=2026-08-10T10:56:46.247Z level=INFO msg="guestfs exec" bin=guestfish args="[--remote=134]" scriptLines=1 script="-exists \"/Program Files (x86)/Parallels/Parallels Tools\""
time=2026-08-10T10:56:46.296Z level=INFO msg="guestfs exec ok" bin=guestfish duration=50ms outputBytes=6 output=false
time=2026-08-10T10:56:46.302Z level=INFO msg="guestfs exec" bin=guestfish args="[--remote=134]" scriptLines=1 script="-is-dir /Windows/System32/drivers"
time=2026-08-10T10:56:46.348Z level=INFO msg="guestfs exec ok" bin=guestfish duration=46ms outputBytes=5 output=true
time=2026-08-10T10:56:46.348Z level=INFO msg="guestfs exec" bin=guestfish args="[--remote=134]" scriptLines=1 script="-ll /Windows/System32/drivers"
time=2026-08-10T10:56:46.508Z level=INFO msg="guestfs exec ok" bin=guestfish duration=159ms outputBytes=22925 output="total 93484\ndrwxrwxrwx 1 root root   65536 Jan 31  2025 .\ndrwxrwxrwx 1 root root  786432 Jan 25  2026 ..\n-rwxrwxrwx 3 root root  245248 Sep 15  2018 1394ohci.sys\n-rwxrwxrwx 3 root root  107520 Sep 15  2018 3ware.sys\n-rwxrwxrwx 3 root root   19968 Sep 15  2018 AcpiDev.sys\n-rwxrwxrwx 2 root root  137016 Sep 15  2018 AppVStrm.sys\n-rwxrwxrwx 3 root root  172560 Sep 15  2018 AppvVemgr.sys\n-rwxrwxrwx 2 root root  153400 Sep 15  2018 AppvVfs.sys\n-rwxrwxrwx 3 root root   92672 Sep 15  2018 BTHUSB.SYS\n-rwxrwxrwx 3 r…"
time=2026-08-10T10:56:46.518Z level=INFO msg="guestfs exec" bin=guestfish args="[--remote=134]" scriptLines=1 script="-exists \"/Program Files/Amazon/EC2Launch\""
time=2026-08-10T10:56:46.551Z level=INFO msg="guestfs exec ok" bin=guestfish duration=33ms outputBytes=6 output=false
time=2026-08-10T10:56:46.551Z level=INFO msg="guestfs exec" bin=guestfish args="[--remote=134]" scriptLines=1 script="-exists \"/Program Files/Amazon/Ec2ConfigService\""
time=2026-08-10T10:56:46.583Z level=INFO msg="guestfs exec ok" bin=guestfish duration=32ms outputBytes=6 output=false
time=2026-08-10T10:56:46.583Z level=INFO msg="guestfs exec" bin=guestfish args="[--remote=134]" scriptLines=1 script="-exists \"/Program Files/Nutanix\""
time=2026-08-10T10:56:46.618Z level=INFO msg="guestfs exec ok" bin=guestfish duration=34ms outputBytes=6 output=false
time=2026-08-10T10:56:46.618Z level=INFO msg="guestfs exec" bin=guestfish args="[--remote=134]" scriptLines=1 script="-exists \"/Program Files (x86)/Nutanix\""
time=2026-08-10T10:56:46.647Z level=INFO msg="guestfs exec ok" bin=guestfish duration=29ms outputBytes=6 output=false
time=2026-08-10T10:56:46.650Z level=INFO msg="guestfs exec" bin=guestfish args="[--remote=134]" scriptLines=1 script="-exists \"/Program Files/Oracle/VirtualBox Guest Additions\""
time=2026-08-10T10:56:46.678Z level=INFO msg="guestfs exec ok" bin=guestfish duration=29ms outputBytes=6 output=false
time=2026-08-10T10:56:46.681Z level=INFO msg="guestfs exec" bin=guestfish args="[--remote=134]" scriptLines=1 script="-exists \"/Program Files/VMware/VMware Tools\""
time=2026-08-10T10:56:46.716Z level=INFO msg="guestfs exec ok" bin=guestfish duration=34ms outputBytes=5 output=true
time=2026-08-10T10:56:46.716Z level=INFO msg="running hypervisor remove" name=vmware
time=2026-08-10T10:56:46.716Z level=INFO msg="guestfs exec" bin=guestfish args="[--remote=134]" scriptLines=1 script="-rm-rf \"/Program Files/VMware/VMware Tools\""
time=2026-08-10T10:56:46.861Z level=INFO msg="guestfs exec ok" bin=guestfish duration=144ms outputBytes=0 output=""
time=2026-08-10T10:56:46.909Z level=INFO msg="removing MSI product entry" guid=46E471FAFC2268349ACE372F58379989 name="VMware Tools\x00"
time=2026-08-10T10:56:46.975Z level=INFO msg="removing MSI user-data entry" guid=46E471FAFC2268349ACE372F58379989
time=2026-08-10T10:56:46.985Z level=INFO msg="guestfs exec" bin=guestfish args="[--remote=134]" scriptLines=1 script="-mkdir-p \"/Program Files/Guestfs/Firstboot/scripts\""
time=2026-08-10T10:56:47.026Z level=INFO msg="guestfs exec ok" bin=guestfish duration=41ms outputBytes=0 output=""
time=2026-08-10T10:56:47.026Z level=INFO msg="guestfs exec" bin=guestfish args="[--remote=134]" scriptLines=3 script="-mkdir-p \"/Program Files/Guestfs/Firstboot/scripts\"\n-upload /tmp/kc-gfs-write-642261540 \"/Program Files/Guestfs/Firstboot/scripts/0010-vmware-msi-uninstall.ps1\"\n-chmod 0644 \"/Program Files/Guestfs/Firstboot/scripts/0010-vmware-msi-uninstall.ps1\""
time=2026-08-10T10:56:47.089Z level=INFO msg="guestfs exec ok" bin=guestfish duration=62ms outputBytes=0 output=""
time=2026-08-10T10:56:47.089Z level=INFO msg="hypervisor remove complete" name=vmware
time=2026-08-10T10:56:47.096Z level=INFO msg="running hypervisor remove" name=hyperv
time=2026-08-10T10:56:47.096Z level=INFO msg="guestfs exec" bin=guestfish args="[--remote=134]" scriptLines=1 script="-exists /Windows/System32/drivers/vmbus.sys"
time=2026-08-10T10:56:47.133Z level=INFO msg="guestfs exec ok" bin=guestfish duration=37ms outputBytes=5 output=true
time=2026-08-10T10:56:47.133Z level=INFO msg="found Hyper-V inbox driver, leaving in place" driver=vmbus.sys
time=2026-08-10T10:56:47.133Z level=INFO msg="guestfs exec" bin=guestfish args="[--remote=134]" scriptLines=1 script="-exists /Windows/System32/drivers/storvsc.sys"
time=2026-08-10T10:56:47.170Z level=INFO msg="guestfs exec ok" bin=guestfish duration=36ms outputBytes=5 output=true
time=2026-08-10T10:56:47.170Z level=INFO msg="found Hyper-V inbox driver, leaving in place" driver=storvsc.sys
time=2026-08-10T10:56:47.170Z level=INFO msg="guestfs exec" bin=guestfish args="[--remote=134]" scriptLines=1 script="-exists /Windows/System32/drivers/netvsc.sys"
time=2026-08-10T10:56:47.198Z level=INFO msg="guestfs exec ok" bin=guestfish duration=28ms outputBytes=5 output=true
time=2026-08-10T10:56:47.198Z level=INFO msg="found Hyper-V inbox driver, leaving in place" driver=netvsc.sys
time=2026-08-10T10:56:47.198Z level=INFO msg="guestfs exec" bin=guestfish args="[--remote=134]" scriptLines=1 script="-exists /Windows/System32/drivers/VMBusHID.sys"
time=2026-08-10T10:56:47.233Z level=INFO msg="guestfs exec ok" bin=guestfish duration=35ms outputBytes=5 output=true
time=2026-08-10T10:56:47.233Z level=INFO msg="found Hyper-V inbox driver, leaving in place" driver=VMBusHID.sys
time=2026-08-10T10:56:47.234Z level=INFO msg="guestfs exec" bin=guestfish args="[--remote=134]" scriptLines=1 script="-exists /Windows/System32/drivers/hypervideo.sys"
time=2026-08-10T10:56:47.263Z level=INFO msg="guestfs exec ok" bin=guestfish duration=30ms outputBytes=6 output=false
time=2026-08-10T10:56:47.264Z level=INFO msg="hypervisor remove complete" name=hyperv
time=2026-08-10T10:56:47.264Z level=INFO msg="guestfs exec" bin=guestfish args="[--remote=134]" scriptLines=1 script="-mkdir-p /Windows/Drivers/VirtIO"
time=2026-08-10T10:56:47.303Z level=INFO msg="guestfs exec ok" bin=guestfish duration=39ms outputBytes=0 output=""
time=2026-08-10T10:56:47.303Z level=INFO msg="guestfs exec" bin=guestfish args="[--remote=134]" scriptLines=1 script="-mkdir-p /Windows/System32/drivers"
time=2026-08-10T10:56:47.338Z level=INFO msg="guestfs exec ok" bin=guestfish duration=36ms outputBytes=0 output=""
time=2026-08-10T10:56:47.339Z level=INFO msg="guestfs exec" bin=guestfish args="[--remote=134]" scriptLines=2 script="-mkdir-p /Windows/Drivers/VirtIO\n-upload /usr/share/virtio-win/drivers/by-os/amd64/2k19/balloon.cat /Windows/Drivers/VirtIO/balloon.cat"
time=2026-08-10T10:56:47.394Z level=INFO msg="guestfs exec ok" bin=guestfish duration=55ms outputBytes=0 output=""
time=2026-08-10T10:56:47.394Z level=INFO msg="guestfs exec" bin=guestfish args="[--remote=134]" scriptLines=2 script="-mkdir-p /Windows/Drivers/VirtIO\n-upload /usr/share/virtio-win/drivers/by-os/amd64/2k19/balloon.inf /Windows/Drivers/VirtIO/balloon.inf"
time=2026-08-10T10:56:47.448Z level=INFO msg="guestfs exec ok" bin=guestfish duration=53ms outputBytes=0 output=""
time=2026-08-10T10:56:47.448Z level=INFO msg="guestfs exec" bin=guestfish args="[--remote=134]" scriptLines=2 script="-mkdir-p /Windows/Drivers/VirtIO\n-upload /usr/share/virtio-win/drivers/by-os/amd64/2k19/balloon.sys /Windows/Drivers/VirtIO/balloon.sys"
time=2026-08-10T10:56:47.504Z level=INFO msg="guestfs exec ok" bin=guestfish duration=57ms outputBytes=0 output=""
time=2026-08-10T10:56:47.505Z level=INFO msg="guestfs exec" bin=guestfish args="[--remote=134]" scriptLines=2 script="-mkdir-p /Windows/Drivers/VirtIO\n-upload /usr/share/virtio-win/drivers/by-os/amd64/2k19/fwcfg.cat /Windows/Drivers/VirtIO/fwcfg.cat"
time=2026-08-10T10:56:47.559Z level=INFO msg="guestfs exec ok" bin=guestfish duration=55ms outputBytes=0 output=""
time=2026-08-10T10:56:47.559Z level=INFO msg="guestfs exec" bin=guestfish args="[--remote=134]" scriptLines=2 script="-mkdir-p /Windows/Drivers/VirtIO\n-upload /usr/share/virtio-win/drivers/by-os/amd64/2k19/fwcfg.inf /Windows/Drivers/VirtIO/fwcfg.inf"
time=2026-08-10T10:56:47.618Z level=INFO msg="guestfs exec ok" bin=guestfish duration=59ms outputBytes=0 output=""
time=2026-08-10T10:56:47.618Z level=INFO msg="guestfs exec" bin=guestfish args="[--remote=134]" scriptLines=2 script="-mkdir-p /Windows/Drivers/VirtIO\n-upload /usr/share/virtio-win/drivers/by-os/amd64/2k19/fwcfg.sys /Windows/Drivers/VirtIO/fwcfg.sys"
time=2026-08-10T10:56:47.673Z level=INFO msg="guestfs exec ok" bin=guestfish duration=55ms outputBytes=0 output=""
time=2026-08-10T10:56:47.673Z level=INFO msg="guestfs exec" bin=guestfish args="[--remote=134]" scriptLines=2 script="-mkdir-p /Windows/Drivers/VirtIO\n-upload /usr/share/virtio-win/drivers/by-os/amd64/2k19/netkvm.cat /Windows/Drivers/VirtIO/netkvm.cat"
time=2026-08-10T10:56:47.733Z level=INFO msg="guestfs exec ok" bin=guestfish duration=60ms outputBytes=0 output=""
time=2026-08-10T10:56:47.733Z level=INFO msg="guestfs exec" bin=guestfish args="[--remote=134]" scriptLines=2 script="-mkdir-p /Windows/Drivers/VirtIO\n-upload /usr/share/virtio-win/drivers/by-os/amd64/2k19/netkvm.inf /Windows/Drivers/VirtIO/netkvm.inf"
time=2026-08-10T10:56:47.792Z level=INFO msg="guestfs exec ok" bin=guestfish duration=59ms outputBytes=0 output=""
time=2026-08-10T10:56:47.792Z level=INFO msg="guestfs exec" bin=guestfish args="[--remote=134]" scriptLines=2 script="-mkdir-p /Windows/Drivers/VirtIO\n-upload /usr/share/virtio-win/drivers/by-os/amd64/2k19/netkvm.sys /Windows/Drivers/VirtIO/netkvm.sys"
time=2026-08-10T10:56:47.852Z level=INFO msg="guestfs exec ok" bin=guestfish duration=60ms outputBytes=0 output=""
time=2026-08-10T10:56:47.852Z level=INFO msg="guestfs exec" bin=guestfish args="[--remote=134]" scriptLines=2 script="-mkdir-p /Windows/Drivers/VirtIO\n-upload /usr/share/virtio-win/drivers/by-os/amd64/2k19/pvpanic-pci.cat /Windows/Drivers/VirtIO/pvpanic-pci.cat"
time=2026-08-10T10:56:47.899Z level=INFO msg="guestfs exec ok" bin=guestfish duration=48ms outputBytes=0 output=""
time=2026-08-10T10:56:47.900Z level=INFO msg="guestfs exec" bin=guestfish args="[--remote=134]" scriptLines=2 script="-mkdir-p /Windows/Drivers/VirtIO\n-upload /usr/share/virtio-win/drivers/by-os/amd64/2k19/pvpanic-pci.inf /Windows/Drivers/VirtIO/pvpanic-pci.inf"
time=2026-08-10T10:56:47.968Z level=INFO msg="guestfs exec ok" bin=guestfish duration=68ms outputBytes=0 output=""
time=2026-08-10T10:56:47.968Z level=INFO msg="guestfs exec" bin=guestfish args="[--remote=134]" scriptLines=2 script="-mkdir-p /Windows/Drivers/VirtIO\n-upload /usr/share/virtio-win/drivers/by-os/amd64/2k19/pvpanic.cat /Windows/Drivers/VirtIO/pvpanic.cat"
time=2026-08-10T10:56:48.022Z level=INFO msg="guestfs exec ok" bin=guestfish duration=54ms outputBytes=0 output=""
time=2026-08-10T10:56:48.022Z level=INFO msg="guestfs exec" bin=guestfish args="[--remote=134]" scriptLines=2 script="-mkdir-p /Windows/Drivers/VirtIO\n-upload /usr/share/virtio-win/drivers/by-os/amd64/2k19/pvpanic.inf /Windows/Drivers/VirtIO/pvpanic.inf"
time=2026-08-10T10:56:48.073Z level=INFO msg="guestfs exec ok" bin=guestfish duration=51ms outputBytes=0 output=""
time=2026-08-10T10:56:48.074Z level=INFO msg="guestfs exec" bin=guestfish args="[--remote=134]" scriptLines=2 script="-mkdir-p /Windows/Drivers/VirtIO\n-upload /usr/share/virtio-win/drivers/by-os/amd64/2k19/pvpanic.sys /Windows/Drivers/VirtIO/pvpanic.sys"
time=2026-08-10T10:56:48.133Z level=INFO msg="guestfs exec ok" bin=guestfish duration=60ms outputBytes=0 output=""
time=2026-08-10T10:56:48.133Z level=INFO msg="guestfs exec" bin=guestfish args="[--remote=134]" scriptLines=2 script="-mkdir-p /Windows/Drivers/VirtIO\n-upload /usr/share/virtio-win/drivers/by-os/amd64/2k19/qemufwcfg.cat /Windows/Drivers/VirtIO/qemufwcfg.cat"
time=2026-08-10T10:56:48.201Z level=INFO msg="guestfs exec ok" bin=guestfish duration=67ms outputBytes=0 output=""
time=2026-08-10T10:56:48.201Z level=INFO msg="guestfs exec" bin=guestfish args="[--remote=134]" scriptLines=2 script="-mkdir-p /Windows/Drivers/VirtIO\n-upload /usr/share/virtio-win/drivers/by-os/amd64/2k19/qemufwcfg.inf /Windows/Drivers/VirtIO/qemufwcfg.inf"
time=2026-08-10T10:56:48.262Z level=INFO msg="guestfs exec ok" bin=guestfish duration=60ms outputBytes=0 output=""
time=2026-08-10T10:56:48.262Z level=INFO msg="guestfs exec" bin=guestfish args="[--remote=134]" scriptLines=2 script="-mkdir-p /Windows/Drivers/VirtIO\n-upload /usr/share/virtio-win/drivers/by-os/amd64/2k19/qemupciserial.cat /Windows/Drivers/VirtIO/qemupciserial.cat"
time=2026-08-10T10:56:48.320Z level=INFO msg="guestfs exec ok" bin=guestfish duration=58ms outputBytes=0 output=""
time=2026-08-10T10:56:48.320Z level=INFO msg="guestfs exec" bin=guestfish args="[--remote=134]" scriptLines=2 script="-mkdir-p /Windows/Drivers/VirtIO\n-upload /usr/share/virtio-win/drivers/by-os/amd64/2k19/qemupciserial.inf /Windows/Drivers/VirtIO/qemupciserial.inf"
time=2026-08-10T10:56:48.382Z level=INFO msg="guestfs exec ok" bin=guestfish duration=62ms outputBytes=0 output=""
time=2026-08-10T10:56:48.382Z level=INFO msg="guestfs exec" bin=guestfish args="[--remote=134]" scriptLines=2 script="-mkdir-p /Windows/Drivers/VirtIO\n-upload /usr/share/virtio-win/drivers/by-os/amd64/2k19/qxldod.cat /Windows/Drivers/VirtIO/qxldod.cat"
time=2026-08-10T10:56:48.435Z level=INFO msg="guestfs exec ok" bin=guestfish duration=53ms outputBytes=0 output=""
time=2026-08-10T10:56:48.436Z level=INFO msg="guestfs exec" bin=guestfish args="[--remote=134]" scriptLines=2 script="-mkdir-p /Windows/Drivers/VirtIO\n-upload /usr/share/virtio-win/drivers/by-os/amd64/2k19/qxldod.inf /Windows/Drivers/VirtIO/qxldod.inf"
time=2026-08-10T10:56:48.491Z level=INFO msg="guestfs exec ok" bin=guestfish duration=55ms outputBytes=0 output=""
time=2026-08-10T10:56:48.491Z level=INFO msg="guestfs exec" bin=guestfish args="[--remote=134]" scriptLines=2 script="-mkdir-p /Windows/Drivers/VirtIO\n-upload /usr/share/virtio-win/drivers/by-os/amd64/2k19/qxldod.sys /Windows/Drivers/VirtIO/qxldod.sys"
time=2026-08-10T10:56:48.549Z level=INFO msg="guestfs exec ok" bin=guestfish duration=58ms outputBytes=0 output=""
time=2026-08-10T10:56:48.549Z level=INFO msg="guestfs exec" bin=guestfish args="[--remote=134]" scriptLines=2 script="-mkdir-p /Windows/Drivers/VirtIO\n-upload /usr/share/virtio-win/drivers/by-os/amd64/2k19/viofs.cat /Windows/Drivers/VirtIO/viofs.cat"
time=2026-08-10T10:56:48.613Z level=INFO msg="guestfs exec ok" bin=guestfish duration=64ms outputBytes=0 output=""
time=2026-08-10T10:56:48.613Z level=INFO msg="guestfs exec" bin=guestfish args="[--remote=134]" scriptLines=2 script="-mkdir-p /Windows/Drivers/VirtIO\n-upload /usr/share/virtio-win/drivers/by-os/amd64/2k19/viofs.inf /Windows/Drivers/VirtIO/viofs.inf"
time=2026-08-10T10:56:48.681Z level=INFO msg="guestfs exec ok" bin=guestfish duration=68ms outputBytes=0 output=""
time=2026-08-10T10:56:48.682Z level=INFO msg="guestfs exec" bin=guestfish args="[--remote=134]" scriptLines=2 script="-mkdir-p /Windows/Drivers/VirtIO\n-upload /usr/share/virtio-win/drivers/by-os/amd64/2k19/viofs.sys /Windows/Drivers/VirtIO/viofs.sys"
time=2026-08-10T10:56:48.749Z level=INFO msg="guestfs exec ok" bin=guestfish duration=67ms outputBytes=0 output=""
time=2026-08-10T10:56:48.749Z level=INFO msg="guestfs exec" bin=guestfish args="[--remote=134]" scriptLines=2 script="-mkdir-p /Windows/Drivers/VirtIO\n-upload /usr/share/virtio-win/drivers/by-os/amd64/2k19/viogpudo.cat /Windows/Drivers/VirtIO/viogpudo.cat"
time=2026-08-10T10:56:48.817Z level=INFO msg="guestfs exec ok" bin=guestfish duration=68ms outputBytes=0 output=""
time=2026-08-10T10:56:48.817Z level=INFO msg="guestfs exec" bin=guestfish args="[--remote=134]" scriptLines=2 script="-mkdir-p /Windows/Drivers/VirtIO\n-upload /usr/share/virtio-win/drivers/by-os/amd64/2k19/viogpudo.inf /Windows/Drivers/VirtIO/viogpudo.inf"
time=2026-08-10T10:56:48.877Z level=INFO msg="guestfs exec ok" bin=guestfish duration=60ms outputBytes=0 output=""
time=2026-08-10T10:56:48.877Z level=INFO msg="guestfs exec" bin=guestfish args="[--remote=134]" scriptLines=2 script="-mkdir-p /Windows/Drivers/VirtIO\n-upload /usr/share/virtio-win/drivers/by-os/amd64/2k19/viogpudo.sys /Windows/Drivers/VirtIO/viogpudo.sys"
time=2026-08-10T10:56:48.932Z level=INFO msg="guestfs exec ok" bin=guestfish duration=55ms outputBytes=0 output=""
time=2026-08-10T10:56:48.932Z level=INFO msg="guestfs exec" bin=guestfish args="[--remote=134]" scriptLines=2 script="-mkdir-p /Windows/Drivers/VirtIO\n-upload /usr/share/virtio-win/drivers/by-os/amd64/2k19/viohidkmdf.sys /Windows/Drivers/VirtIO/viohidkmdf.sys"
time=2026-08-10T10:56:48.992Z level=INFO msg="guestfs exec ok" bin=guestfish duration=59ms outputBytes=0 output=""
time=2026-08-10T10:56:48.992Z level=INFO msg="guestfs exec" bin=guestfish args="[--remote=134]" scriptLines=2 script="-mkdir-p /Windows/Drivers/VirtIO\n-upload /usr/share/virtio-win/drivers/by-os/amd64/2k19/vioinput.cat /Windows/Drivers/VirtIO/vioinput.cat"
time=2026-08-10T10:56:49.052Z level=INFO msg="guestfs exec ok" bin=guestfish duration=60ms outputBytes=0 output=""
time=2026-08-10T10:56:49.052Z level=INFO msg="guestfs exec" bin=guestfish args="[--remote=134]" scriptLines=2 script="-mkdir-p /Windows/Drivers/VirtIO\n-upload /usr/share/virtio-win/drivers/by-os/amd64/2k19/vioinput.inf /Windows/Drivers/VirtIO/vioinput.inf"
time=2026-08-10T10:56:49.110Z level=INFO msg="guestfs exec ok" bin=guestfish duration=58ms outputBytes=0 output=""
time=2026-08-10T10:56:49.110Z level=INFO msg="guestfs exec" bin=guestfish args="[--remote=134]" scriptLines=2 script="-mkdir-p /Windows/Drivers/VirtIO\n-upload /usr/share/virtio-win/drivers/by-os/amd64/2k19/vioinput.sys /Windows/Drivers/VirtIO/vioinput.sys"
time=2026-08-10T10:56:49.166Z level=INFO msg="guestfs exec ok" bin=guestfish duration=56ms outputBytes=0 output=""
time=2026-08-10T10:56:49.166Z level=INFO msg="guestfs exec" bin=guestfish args="[--remote=134]" scriptLines=2 script="-mkdir-p /Windows/Drivers/VirtIO\n-upload /usr/share/virtio-win/drivers/by-os/amd64/2k19/viomem.cat /Windows/Drivers/VirtIO/viomem.cat"
time=2026-08-10T10:56:49.227Z level=INFO msg="guestfs exec ok" bin=guestfish duration=60ms outputBytes=0 output=""
time=2026-08-10T10:56:49.227Z level=INFO msg="guestfs exec" bin=guestfish args="[--remote=134]" scriptLines=2 script="-mkdir-p /Windows/Drivers/VirtIO\n-upload /usr/share/virtio-win/drivers/by-os/amd64/2k19/viomem.inf /Windows/Drivers/VirtIO/viomem.inf"
time=2026-08-10T10:56:49.289Z level=INFO msg="guestfs exec ok" bin=guestfish duration=62ms outputBytes=0 output=""
time=2026-08-10T10:56:49.289Z level=INFO msg="guestfs exec" bin=guestfish args="[--remote=134]" scriptLines=2 script="-mkdir-p /Windows/Drivers/VirtIO\n-upload /usr/share/virtio-win/drivers/by-os/amd64/2k19/viomem.sys /Windows/Drivers/VirtIO/viomem.sys"
time=2026-08-10T10:56:49.352Z level=INFO msg="guestfs exec ok" bin=guestfish duration=63ms outputBytes=0 output=""
time=2026-08-10T10:56:49.353Z level=INFO msg="guestfs exec" bin=guestfish args="[--remote=134]" scriptLines=2 script="-mkdir-p /Windows/Drivers/VirtIO\n-upload /usr/share/virtio-win/drivers/by-os/amd64/2k19/vioprot.cat /Windows/Drivers/VirtIO/vioprot.cat"
time=2026-08-10T10:56:49.409Z level=INFO msg="guestfs exec ok" bin=guestfish duration=57ms outputBytes=0 output=""
time=2026-08-10T10:56:49.409Z level=INFO msg="guestfs exec" bin=guestfish args="[--remote=134]" scriptLines=2 script="-mkdir-p /Windows/Drivers/VirtIO\n-upload /usr/share/virtio-win/drivers/by-os/amd64/2k19/vioprot.inf /Windows/Drivers/VirtIO/vioprot.inf"
time=2026-08-10T10:56:49.476Z level=INFO msg="guestfs exec ok" bin=guestfish duration=66ms outputBytes=0 output=""
time=2026-08-10T10:56:49.476Z level=INFO msg="guestfs exec" bin=guestfish args="[--remote=134]" scriptLines=2 script="-mkdir-p /Windows/Drivers/VirtIO\n-upload /usr/share/virtio-win/drivers/by-os/amd64/2k19/viorng.cat /Windows/Drivers/VirtIO/viorng.cat"
time=2026-08-10T10:56:49.544Z level=INFO msg="guestfs exec ok" bin=guestfish duration=67ms outputBytes=0 output=""
time=2026-08-10T10:56:49.544Z level=INFO msg="guestfs exec" bin=guestfish args="[--remote=134]" scriptLines=2 script="-mkdir-p /Windows/Drivers/VirtIO\n-upload /usr/share/virtio-win/drivers/by-os/amd64/2k19/viorng.inf /Windows/Drivers/VirtIO/viorng.inf"
time=2026-08-10T10:56:49.613Z level=INFO msg="guestfs exec ok" bin=guestfish duration=69ms outputBytes=0 output=""
time=2026-08-10T10:56:49.613Z level=INFO msg="guestfs exec" bin=guestfish args="[--remote=134]" scriptLines=2 script="-mkdir-p /Windows/Drivers/VirtIO\n-upload /usr/share/virtio-win/drivers/by-os/amd64/2k19/viorng.sys /Windows/Drivers/VirtIO/viorng.sys"
time=2026-08-10T10:56:49.689Z level=INFO msg="guestfs exec ok" bin=guestfish duration=76ms outputBytes=0 output=""
time=2026-08-10T10:56:49.689Z level=INFO msg="guestfs exec" bin=guestfish args="[--remote=134]" scriptLines=2 script="-mkdir-p /Windows/Drivers/VirtIO\n-upload /usr/share/virtio-win/drivers/by-os/amd64/2k19/vioscsi.cat /Windows/Drivers/VirtIO/vioscsi.cat"
time=2026-08-10T10:56:49.758Z level=INFO msg="guestfs exec ok" bin=guestfish duration=69ms outputBytes=0 output=""
time=2026-08-10T10:56:49.758Z level=INFO msg="guestfs exec" bin=guestfish args="[--remote=134]" scriptLines=2 script="-mkdir-p /Windows/Drivers/VirtIO\n-upload /usr/share/virtio-win/drivers/by-os/amd64/2k19/vioscsi.inf /Windows/Drivers/VirtIO/vioscsi.inf"
time=2026-08-10T10:56:49.822Z level=INFO msg="guestfs exec ok" bin=guestfish duration=64ms outputBytes=0 output=""
time=2026-08-10T10:56:49.822Z level=INFO msg="guestfs exec" bin=guestfish args="[--remote=134]" scriptLines=2 script="-mkdir-p /Windows/Drivers/VirtIO\n-upload /usr/share/virtio-win/drivers/by-os/amd64/2k19/vioscsi.sys /Windows/Drivers/VirtIO/vioscsi.sys"
time=2026-08-10T10:56:49.883Z level=INFO msg="guestfs exec ok" bin=guestfish duration=61ms outputBytes=0 output=""
time=2026-08-10T10:56:49.883Z level=INFO msg="guestfs exec" bin=guestfish args="[--remote=134]" scriptLines=2 script="-mkdir-p /Windows/System32/drivers\n-upload /usr/share/virtio-win/drivers/by-os/amd64/2k19/vioscsi.sys /Windows/System32/drivers/vioscsi.sys"
time=2026-08-10T10:56:49.952Z level=INFO msg="guestfs exec ok" bin=guestfish duration=68ms outputBytes=0 output=""
time=2026-08-10T10:56:49.952Z level=INFO msg="guestfs exec" bin=guestfish args="[--remote=134]" scriptLines=2 script="-mkdir-p /Windows/Drivers/VirtIO\n-upload /usr/share/virtio-win/drivers/by-os/amd64/2k19/vioser.cat /Windows/Drivers/VirtIO/vioser.cat"
time=2026-08-10T10:56:50.016Z level=INFO msg="guestfs exec ok" bin=guestfish duration=64ms outputBytes=0 output=""
time=2026-08-10T10:56:50.016Z level=INFO msg="guestfs exec" bin=guestfish args="[--remote=134]" scriptLines=2 script="-mkdir-p /Windows/Drivers/VirtIO\n-upload /usr/share/virtio-win/drivers/by-os/amd64/2k19/vioser.inf /Windows/Drivers/VirtIO/vioser.inf"
time=2026-08-10T10:56:50.077Z level=INFO msg="guestfs exec ok" bin=guestfish duration=61ms outputBytes=0 output=""
time=2026-08-10T10:56:50.078Z level=INFO msg="guestfs exec" bin=guestfish args="[--remote=134]" scriptLines=2 script="-mkdir-p /Windows/Drivers/VirtIO\n-upload /usr/share/virtio-win/drivers/by-os/amd64/2k19/vioser.sys /Windows/Drivers/VirtIO/vioser.sys"
time=2026-08-10T10:56:50.144Z level=INFO msg="guestfs exec ok" bin=guestfish duration=67ms outputBytes=0 output=""
time=2026-08-10T10:56:50.145Z level=INFO msg="guestfs exec" bin=guestfish args="[--remote=134]" scriptLines=2 script="-mkdir-p /Windows/Drivers/VirtIO\n-upload /usr/share/virtio-win/drivers/by-os/amd64/2k19/viosock.cat /Windows/Drivers/VirtIO/viosock.cat"
time=2026-08-10T10:56:50.208Z level=INFO msg="guestfs exec ok" bin=guestfish duration=63ms outputBytes=0 output=""
time=2026-08-10T10:56:50.208Z level=INFO msg="guestfs exec" bin=guestfish args="[--remote=134]" scriptLines=2 script="-mkdir-p /Windows/Drivers/VirtIO\n-upload /usr/share/virtio-win/drivers/by-os/amd64/2k19/viosock.inf /Windows/Drivers/VirtIO/viosock.inf"
time=2026-08-10T10:56:50.259Z level=INFO msg="guestfs exec ok" bin=guestfish duration=51ms outputBytes=0 output=""
time=2026-08-10T10:56:50.259Z level=INFO msg="guestfs exec" bin=guestfish args="[--remote=134]" scriptLines=2 script="-mkdir-p /Windows/Drivers/VirtIO\n-upload /usr/share/virtio-win/drivers/by-os/amd64/2k19/viosock.sys /Windows/Drivers/VirtIO/viosock.sys"
time=2026-08-10T10:56:50.313Z level=INFO msg="guestfs exec ok" bin=guestfish duration=54ms outputBytes=0 output=""
time=2026-08-10T10:56:50.314Z level=INFO msg="guestfs exec" bin=guestfish args="[--remote=134]" scriptLines=2 script="-mkdir-p /Windows/Drivers/VirtIO\n-upload /usr/share/virtio-win/drivers/by-os/amd64/2k19/viostor.cat /Windows/Drivers/VirtIO/viostor.cat"
time=2026-08-10T10:56:50.373Z level=INFO msg="guestfs exec ok" bin=guestfish duration=59ms outputBytes=0 output=""
time=2026-08-10T10:56:50.373Z level=INFO msg="guestfs exec" bin=guestfish args="[--remote=134]" scriptLines=2 script="-mkdir-p /Windows/Drivers/VirtIO\n-upload /usr/share/virtio-win/drivers/by-os/amd64/2k19/viostor.inf /Windows/Drivers/VirtIO/viostor.inf"
time=2026-08-10T10:56:50.430Z level=INFO msg="guestfs exec ok" bin=guestfish duration=57ms outputBytes=0 output=""
time=2026-08-10T10:56:50.430Z level=INFO msg="guestfs exec" bin=guestfish args="[--remote=134]" scriptLines=2 script="-mkdir-p /Windows/Drivers/VirtIO\n-upload /usr/share/virtio-win/drivers/by-os/amd64/2k19/viostor.sys /Windows/Drivers/VirtIO/viostor.sys"
time=2026-08-10T10:56:50.493Z level=INFO msg="guestfs exec ok" bin=guestfish duration=63ms outputBytes=0 output=""
time=2026-08-10T10:56:50.493Z level=INFO msg="guestfs exec" bin=guestfish args="[--remote=134]" scriptLines=2 script="-mkdir-p /Windows/System32/drivers\n-upload /usr/share/virtio-win/drivers/by-os/amd64/2k19/viostor.sys /Windows/System32/drivers/viostor.sys"
time=2026-08-10T10:56:50.540Z level=INFO msg="guestfs exec ok" bin=guestfish duration=47ms outputBytes=0 output=""
time=2026-08-10T10:56:50.540Z level=INFO msg="copied driver" name=balloon
time=2026-08-10T10:56:50.540Z level=INFO msg="guestfs exec" bin=guestfish args="[--remote=134]" scriptLines=2 script="-mkdir-p /Windows/Drivers/VirtIO\n-upload /usr/share/virtio-win/drivers/by-os/amd64/2k19/balloon.cat /Windows/Drivers/VirtIO/balloon.cat"
time=2026-08-10T10:56:50.594Z level=INFO msg="guestfs exec ok" bin=guestfish duration=54ms outputBytes=0 output=""
time=2026-08-10T10:56:50.594Z level=INFO msg="guestfs exec" bin=guestfish args="[--remote=134]" scriptLines=2 script="-mkdir-p /Windows/Drivers/VirtIO\n-upload /usr/share/virtio-win/drivers/by-os/amd64/2k19/balloon.inf /Windows/Drivers/VirtIO/balloon.inf"
time=2026-08-10T10:56:50.652Z level=INFO msg="guestfs exec ok" bin=guestfish duration=58ms outputBytes=0 output=""
time=2026-08-10T10:56:50.653Z level=INFO msg="guestfs exec" bin=guestfish args="[--remote=134]" scriptLines=2 script="-mkdir-p /Windows/Drivers/VirtIO\n-upload /usr/share/virtio-win/drivers/by-os/amd64/2k19/balloon.sys /Windows/Drivers/VirtIO/balloon.sys"
time=2026-08-10T10:56:50.708Z level=INFO msg="guestfs exec ok" bin=guestfish duration=55ms outputBytes=0 output=""
time=2026-08-10T10:56:50.708Z level=INFO msg="guestfs exec" bin=guestfish args="[--remote=134]" scriptLines=2 script="-mkdir-p /Windows/Drivers/VirtIO\n-upload /usr/share/virtio-win/drivers/by-os/amd64/2k19/fwcfg.cat /Windows/Drivers/VirtIO/fwcfg.cat"
time=2026-08-10T10:56:50.762Z level=INFO msg="guestfs exec ok" bin=guestfish duration=54ms outputBytes=0 output=""
time=2026-08-10T10:56:50.762Z level=INFO msg="guestfs exec" bin=guestfish args="[--remote=134]" scriptLines=2 script="-mkdir-p /Windows/Drivers/VirtIO\n-upload /usr/share/virtio-win/drivers/by-os/amd64/2k19/fwcfg.inf /Windows/Drivers/VirtIO/fwcfg.inf"
time=2026-08-10T10:56:50.814Z level=INFO msg="guestfs exec ok" bin=guestfish duration=52ms outputBytes=0 output=""
time=2026-08-10T10:56:50.815Z level=INFO msg="guestfs exec" bin=guestfish args="[--remote=134]" scriptLines=2 script="-mkdir-p /Windows/Drivers/VirtIO\n-upload /usr/share/virtio-win/drivers/by-os/amd64/2k19/fwcfg.sys /Windows/Drivers/VirtIO/fwcfg.sys"
time=2026-08-10T10:56:50.875Z level=INFO msg="guestfs exec ok" bin=guestfish duration=60ms outputBytes=0 output=""
time=2026-08-10T10:56:50.875Z level=INFO msg="guestfs exec" bin=guestfish args="[--remote=134]" scriptLines=2 script="-mkdir-p /Windows/Drivers/VirtIO\n-upload /usr/share/virtio-win/drivers/by-os/amd64/2k19/netkvm.cat /Windows/Drivers/VirtIO/netkvm.cat"
time=2026-08-10T10:56:50.930Z level=INFO msg="guestfs exec ok" bin=guestfish duration=55ms outputBytes=0 output=""
time=2026-08-10T10:56:50.930Z level=INFO msg="guestfs exec" bin=guestfish args="[--remote=134]" scriptLines=2 script="-mkdir-p /Windows/Drivers/VirtIO\n-upload /usr/share/virtio-win/drivers/by-os/amd64/2k19/netkvm.inf /Windows/Drivers/VirtIO/netkvm.inf"
time=2026-08-10T10:56:50.980Z level=INFO msg="guestfs exec ok" bin=guestfish duration=50ms outputBytes=0 output=""
time=2026-08-10T10:56:50.981Z level=INFO msg="guestfs exec" bin=guestfish args="[--remote=134]" scriptLines=2 script="-mkdir-p /Windows/Drivers/VirtIO\n-upload /usr/share/virtio-win/drivers/by-os/amd64/2k19/netkvm.sys /Windows/Drivers/VirtIO/netkvm.sys"
time=2026-08-10T10:56:51.039Z level=INFO msg="guestfs exec ok" bin=guestfish duration=58ms outputBytes=0 output=""
time=2026-08-10T10:56:51.039Z level=INFO msg="guestfs exec" bin=guestfish args="[--remote=134]" scriptLines=2 script="-mkdir-p /Windows/Drivers/VirtIO\n-upload /usr/share/virtio-win/drivers/by-os/amd64/2k19/pvpanic-pci.cat /Windows/Drivers/VirtIO/pvpanic-pci.cat"
time=2026-08-10T10:56:51.092Z level=INFO msg="guestfs exec ok" bin=guestfish duration=53ms outputBytes=0 output=""
time=2026-08-10T10:56:51.092Z level=INFO msg="guestfs exec" bin=guestfish args="[--remote=134]" scriptLines=2 script="-mkdir-p /Windows/Drivers/VirtIO\n-upload /usr/share/virtio-win/drivers/by-os/amd64/2k19/pvpanic-pci.inf /Windows/Drivers/VirtIO/pvpanic-pci.inf"
time=2026-08-10T10:56:51.151Z level=INFO msg="guestfs exec ok" bin=guestfish duration=58ms outputBytes=0 output=""
time=2026-08-10T10:56:51.151Z level=INFO msg="guestfs exec" bin=guestfish args="[--remote=134]" scriptLines=2 script="-mkdir-p /Windows/Drivers/VirtIO\n-upload /usr/share/virtio-win/drivers/by-os/amd64/2k19/pvpanic.cat /Windows/Drivers/VirtIO/pvpanic.cat"
time=2026-08-10T10:56:51.211Z level=INFO msg="guestfs exec ok" bin=guestfish duration=60ms outputBytes=0 output=""
time=2026-08-10T10:56:51.211Z level=INFO msg="guestfs exec" bin=guestfish args="[--remote=134]" scriptLines=2 script="-mkdir-p /Windows/Drivers/VirtIO\n-upload /usr/share/virtio-win/drivers/by-os/amd64/2k19/pvpanic.inf /Windows/Drivers/VirtIO/pvpanic.inf"
time=2026-08-10T10:56:51.276Z level=INFO msg="guestfs exec ok" bin=guestfish duration=65ms outputBytes=0 output=""
time=2026-08-10T10:56:51.276Z level=INFO msg="guestfs exec" bin=guestfish args="[--remote=134]" scriptLines=2 script="-mkdir-p /Windows/Drivers/VirtIO\n-upload /usr/share/virtio-win/drivers/by-os/amd64/2k19/pvpanic.sys /Windows/Drivers/VirtIO/pvpanic.sys"
time=2026-08-10T10:56:51.336Z level=INFO msg="guestfs exec ok" bin=guestfish duration=59ms outputBytes=0 output=""
time=2026-08-10T10:56:51.336Z level=INFO msg="guestfs exec" bin=guestfish args="[--remote=134]" scriptLines=2 script="-mkdir-p /Windows/Drivers/VirtIO\n-upload /usr/share/virtio-win/drivers/by-os/amd64/2k19/qemufwcfg.cat /Windows/Drivers/VirtIO/qemufwcfg.cat"
time=2026-08-10T10:56:51.397Z level=INFO msg="guestfs exec ok" bin=guestfish duration=62ms outputBytes=0 output=""
time=2026-08-10T10:56:51.398Z level=INFO msg="guestfs exec" bin=guestfish args="[--remote=134]" scriptLines=2 script="-mkdir-p /Windows/Drivers/VirtIO\n-upload /usr/share/virtio-win/drivers/by-os/amd64/2k19/qemufwcfg.inf /Windows/Drivers/VirtIO/qemufwcfg.inf"
time=2026-08-10T10:56:51.445Z level=INFO msg="guestfs exec ok" bin=guestfish duration=48ms outputBytes=0 output=""
time=2026-08-10T10:56:51.445Z level=INFO msg="guestfs exec" bin=guestfish args="[--remote=134]" scriptLines=2 script="-mkdir-p /Windows/Drivers/VirtIO\n-upload /usr/share/virtio-win/drivers/by-os/amd64/2k19/qemupciserial.cat /Windows/Drivers/VirtIO/qemupciserial.cat"
time=2026-08-10T10:56:51.506Z level=INFO msg="guestfs exec ok" bin=guestfish duration=61ms outputBytes=0 output=""
time=2026-08-10T10:56:51.506Z level=INFO msg="guestfs exec" bin=guestfish args="[--remote=134]" scriptLines=2 script="-mkdir-p /Windows/Drivers/VirtIO\n-upload /usr/share/virtio-win/drivers/by-os/amd64/2k19/qemupciserial.inf /Windows/Drivers/VirtIO/qemupciserial.inf"
time=2026-08-10T10:56:51.570Z level=INFO msg="guestfs exec ok" bin=guestfish duration=63ms outputBytes=0 output=""
time=2026-08-10T10:56:51.570Z level=INFO msg="guestfs exec" bin=guestfish args="[--remote=134]" scriptLines=2 script="-mkdir-p /Windows/Drivers/VirtIO\n-upload /usr/share/virtio-win/drivers/by-os/amd64/2k19/qxldod.cat /Windows/Drivers/VirtIO/qxldod.cat"
time=2026-08-10T10:56:51.637Z level=INFO msg="guestfs exec ok" bin=guestfish duration=67ms outputBytes=0 output=""
time=2026-08-10T10:56:51.637Z level=INFO msg="guestfs exec" bin=guestfish args="[--remote=134]" scriptLines=2 script="-mkdir-p /Windows/Drivers/VirtIO\n-upload /usr/share/virtio-win/drivers/by-os/amd64/2k19/qxldod.inf /Windows/Drivers/VirtIO/qxldod.inf"
time=2026-08-10T10:56:51.693Z level=INFO msg="guestfs exec ok" bin=guestfish duration=56ms outputBytes=0 output=""
time=2026-08-10T10:56:51.693Z level=INFO msg="guestfs exec" bin=guestfish args="[--remote=134]" scriptLines=2 script="-mkdir-p /Windows/Drivers/VirtIO\n-upload /usr/share/virtio-win/drivers/by-os/amd64/2k19/qxldod.sys /Windows/Drivers/VirtIO/qxldod.sys"
time=2026-08-10T10:56:51.746Z level=INFO msg="guestfs exec ok" bin=guestfish duration=53ms outputBytes=0 output=""
time=2026-08-10T10:56:51.746Z level=INFO msg="guestfs exec" bin=guestfish args="[--remote=134]" scriptLines=2 script="-mkdir-p /Windows/Drivers/VirtIO\n-upload /usr/share/virtio-win/drivers/by-os/amd64/2k19/viofs.cat /Windows/Drivers/VirtIO/viofs.cat"
time=2026-08-10T10:56:51.800Z level=INFO msg="guestfs exec ok" bin=guestfish duration=54ms outputBytes=0 output=""
time=2026-08-10T10:56:51.800Z level=INFO msg="guestfs exec" bin=guestfish args="[--remote=134]" scriptLines=2 script="-mkdir-p /Windows/Drivers/VirtIO\n-upload /usr/share/virtio-win/drivers/by-os/amd64/2k19/viofs.inf /Windows/Drivers/VirtIO/viofs.inf"
time=2026-08-10T10:56:51.854Z level=INFO msg="guestfs exec ok" bin=guestfish duration=54ms outputBytes=0 output=""
time=2026-08-10T10:56:51.855Z level=INFO msg="guestfs exec" bin=guestfish args="[--remote=134]" scriptLines=2 script="-mkdir-p /Windows/Drivers/VirtIO\n-upload /usr/share/virtio-win/drivers/by-os/amd64/2k19/viofs.sys /Windows/Drivers/VirtIO/viofs.sys"
time=2026-08-10T10:56:51.917Z level=INFO msg="guestfs exec ok" bin=guestfish duration=63ms outputBytes=0 output=""
time=2026-08-10T10:56:51.918Z level=INFO msg="guestfs exec" bin=guestfish args="[--remote=134]" scriptLines=2 script="-mkdir-p /Windows/Drivers/VirtIO\n-upload /usr/share/virtio-win/drivers/by-os/amd64/2k19/viogpudo.cat /Windows/Drivers/VirtIO/viogpudo.cat"
time=2026-08-10T10:56:51.971Z level=INFO msg="guestfs exec ok" bin=guestfish duration=53ms outputBytes=0 output=""
time=2026-08-10T10:56:51.971Z level=INFO msg="guestfs exec" bin=guestfish args="[--remote=134]" scriptLines=2 script="-mkdir-p /Windows/Drivers/VirtIO\n-upload /usr/share/virtio-win/drivers/by-os/amd64/2k19/viogpudo.inf /Windows/Drivers/VirtIO/viogpudo.inf"
time=2026-08-10T10:56:52.037Z level=INFO msg="guestfs exec ok" bin=guestfish duration=66ms outputBytes=0 output=""
time=2026-08-10T10:56:52.037Z level=INFO msg="guestfs exec" bin=guestfish args="[--remote=134]" scriptLines=2 script="-mkdir-p /Windows/Drivers/VirtIO\n-upload /usr/share/virtio-win/drivers/by-os/amd64/2k19/viogpudo.sys /Windows/Drivers/VirtIO/viogpudo.sys"
time=2026-08-10T10:56:52.102Z level=INFO msg="guestfs exec ok" bin=guestfish duration=65ms outputBytes=0 output=""
time=2026-08-10T10:56:52.103Z level=INFO msg="guestfs exec" bin=guestfish args="[--remote=134]" scriptLines=2 script="-mkdir-p /Windows/Drivers/VirtIO\n-upload /usr/share/virtio-win/drivers/by-os/amd64/2k19/viohidkmdf.sys /Windows/Drivers/VirtIO/viohidkmdf.sys"
time=2026-08-10T10:56:52.159Z level=INFO msg="guestfs exec ok" bin=guestfish duration=56ms outputBytes=0 output=""
time=2026-08-10T10:56:52.159Z level=INFO msg="guestfs exec" bin=guestfish args="[--remote=134]" scriptLines=2 script="-mkdir-p /Windows/Drivers/VirtIO\n-upload /usr/share/virtio-win/drivers/by-os/amd64/2k19/vioinput.cat /Windows/Drivers/VirtIO/vioinput.cat"
time=2026-08-10T10:56:52.217Z level=INFO msg="guestfs exec ok" bin=guestfish duration=58ms outputBytes=0 output=""
time=2026-08-10T10:56:52.218Z level=INFO msg="guestfs exec" bin=guestfish args="[--remote=134]" scriptLines=2 script="-mkdir-p /Windows/Drivers/VirtIO\n-upload /usr/share/virtio-win/drivers/by-os/amd64/2k19/vioinput.inf /Windows/Drivers/VirtIO/vioinput.inf"
time=2026-08-10T10:56:52.272Z level=INFO msg="guestfs exec ok" bin=guestfish duration=54ms outputBytes=0 output=""
time=2026-08-10T10:56:52.272Z level=INFO msg="guestfs exec" bin=guestfish args="[--remote=134]" scriptLines=2 script="-mkdir-p /Windows/Drivers/VirtIO\n-upload /usr/share/virtio-win/drivers/by-os/amd64/2k19/vioinput.sys /Windows/Drivers/VirtIO/vioinput.sys"
time=2026-08-10T10:56:52.319Z level=INFO msg="guestfs exec ok" bin=guestfish duration=47ms outputBytes=0 output=""
time=2026-08-10T10:56:52.319Z level=INFO msg="guestfs exec" bin=guestfish args="[--remote=134]" scriptLines=2 script="-mkdir-p /Windows/Drivers/VirtIO\n-upload /usr/share/virtio-win/drivers/by-os/amd64/2k19/viomem.cat /Windows/Drivers/VirtIO/viomem.cat"
time=2026-08-10T10:56:52.373Z level=INFO msg="guestfs exec ok" bin=guestfish duration=54ms outputBytes=0 output=""
time=2026-08-10T10:56:52.374Z level=INFO msg="guestfs exec" bin=guestfish args="[--remote=134]" scriptLines=2 script="-mkdir-p /Windows/Drivers/VirtIO\n-upload /usr/share/virtio-win/drivers/by-os/amd64/2k19/viomem.inf /Windows/Drivers/VirtIO/viomem.inf"
time=2026-08-10T10:56:52.425Z level=INFO msg="guestfs exec ok" bin=guestfish duration=51ms outputBytes=0 output=""
time=2026-08-10T10:56:52.425Z level=INFO msg="guestfs exec" bin=guestfish args="[--remote=134]" scriptLines=2 script="-mkdir-p /Windows/Drivers/VirtIO\n-upload /usr/share/virtio-win/drivers/by-os/amd64/2k19/viomem.sys /Windows/Drivers/VirtIO/viomem.sys"
time=2026-08-10T10:56:52.473Z level=INFO msg="guestfs exec ok" bin=guestfish duration=48ms outputBytes=0 output=""
time=2026-08-10T10:56:52.474Z level=INFO msg="guestfs exec" bin=guestfish args="[--remote=134]" scriptLines=2 script="-mkdir-p /Windows/Drivers/VirtIO\n-upload /usr/share/virtio-win/drivers/by-os/amd64/2k19/vioprot.cat /Windows/Drivers/VirtIO/vioprot.cat"
time=2026-08-10T10:56:52.531Z level=INFO msg="guestfs exec ok" bin=guestfish duration=57ms outputBytes=0 output=""
time=2026-08-10T10:56:52.531Z level=INFO msg="guestfs exec" bin=guestfish args="[--remote=134]" scriptLines=2 script="-mkdir-p /Windows/Drivers/VirtIO\n-upload /usr/share/virtio-win/drivers/by-os/amd64/2k19/vioprot.inf /Windows/Drivers/VirtIO/vioprot.inf"
time=2026-08-10T10:56:52.584Z level=INFO msg="guestfs exec ok" bin=guestfish duration=53ms outputBytes=0 output=""
time=2026-08-10T10:56:52.584Z level=INFO msg="guestfs exec" bin=guestfish args="[--remote=134]" scriptLines=2 script="-mkdir-p /Windows/Drivers/VirtIO\n-upload /usr/share/virtio-win/drivers/by-os/amd64/2k19/viorng.cat /Windows/Drivers/VirtIO/viorng.cat"
time=2026-08-10T10:56:52.636Z level=INFO msg="guestfs exec ok" bin=guestfish duration=51ms outputBytes=0 output=""
time=2026-08-10T10:56:52.636Z level=INFO msg="guestfs exec" bin=guestfish args="[--remote=134]" scriptLines=2 script="-mkdir-p /Windows/Drivers/VirtIO\n-upload /usr/share/virtio-win/drivers/by-os/amd64/2k19/viorng.inf /Windows/Drivers/VirtIO/viorng.inf"
time=2026-08-10T10:56:52.689Z level=INFO msg="guestfs exec ok" bin=guestfish duration=53ms outputBytes=0 output=""
time=2026-08-10T10:56:52.689Z level=INFO msg="guestfs exec" bin=guestfish args="[--remote=134]" scriptLines=2 script="-mkdir-p /Windows/Drivers/VirtIO\n-upload /usr/share/virtio-win/drivers/by-os/amd64/2k19/viorng.sys /Windows/Drivers/VirtIO/viorng.sys"
time=2026-08-10T10:56:52.734Z level=INFO msg="guestfs exec ok" bin=guestfish duration=45ms outputBytes=0 output=""
time=2026-08-10T10:56:52.735Z level=INFO msg="guestfs exec" bin=guestfish args="[--remote=134]" scriptLines=2 script="-mkdir-p /Windows/Drivers/VirtIO\n-upload /usr/share/virtio-win/drivers/by-os/amd64/2k19/vioscsi.cat /Windows/Drivers/VirtIO/vioscsi.cat"
time=2026-08-10T10:56:52.788Z level=INFO msg="guestfs exec ok" bin=guestfish duration=54ms outputBytes=0 output=""
time=2026-08-10T10:56:52.788Z level=INFO msg="guestfs exec" bin=guestfish args="[--remote=134]" scriptLines=2 script="-mkdir-p /Windows/Drivers/VirtIO\n-upload /usr/share/virtio-win/drivers/by-os/amd64/2k19/vioscsi.inf /Windows/Drivers/VirtIO/vioscsi.inf"
time=2026-08-10T10:56:52.835Z level=INFO msg="guestfs exec ok" bin=guestfish duration=46ms outputBytes=0 output=""
time=2026-08-10T10:56:52.835Z level=INFO msg="guestfs exec" bin=guestfish args="[--remote=134]" scriptLines=2 script="-mkdir-p /Windows/Drivers/VirtIO\n-upload /usr/share/virtio-win/drivers/by-os/amd64/2k19/vioscsi.sys /Windows/Drivers/VirtIO/vioscsi.sys"
time=2026-08-10T10:56:52.887Z level=INFO msg="guestfs exec ok" bin=guestfish duration=52ms outputBytes=0 output=""
time=2026-08-10T10:56:52.887Z level=INFO msg="guestfs exec" bin=guestfish args="[--remote=134]" scriptLines=2 script="-mkdir-p /Windows/System32/drivers\n-upload /usr/share/virtio-win/drivers/by-os/amd64/2k19/vioscsi.sys /Windows/System32/drivers/vioscsi.sys"
time=2026-08-10T10:56:52.946Z level=INFO msg="guestfs exec ok" bin=guestfish duration=59ms outputBytes=0 output=""
time=2026-08-10T10:56:52.946Z level=INFO msg="guestfs exec" bin=guestfish args="[--remote=134]" scriptLines=2 script="-mkdir-p /Windows/Drivers/VirtIO\n-upload /usr/share/virtio-win/drivers/by-os/amd64/2k19/vioser.cat /Windows/Drivers/VirtIO/vioser.cat"
time=2026-08-10T10:56:52.994Z level=INFO msg="guestfs exec ok" bin=guestfish duration=47ms outputBytes=0 output=""
time=2026-08-10T10:56:52.994Z level=INFO msg="guestfs exec" bin=guestfish args="[--remote=134]" scriptLines=2 script="-mkdir-p /Windows/Drivers/VirtIO\n-upload /usr/share/virtio-win/drivers/by-os/amd64/2k19/vioser.inf /Windows/Drivers/VirtIO/vioser.inf"
time=2026-08-10T10:56:53.058Z level=INFO msg="guestfs exec ok" bin=guestfish duration=64ms outputBytes=0 output=""
time=2026-08-10T10:56:53.058Z level=INFO msg="guestfs exec" bin=guestfish args="[--remote=134]" scriptLines=2 script="-mkdir-p /Windows/Drivers/VirtIO\n-upload /usr/share/virtio-win/drivers/by-os/amd64/2k19/vioser.sys /Windows/Drivers/VirtIO/vioser.sys"
time=2026-08-10T10:56:53.111Z level=INFO msg="guestfs exec ok" bin=guestfish duration=53ms outputBytes=0 output=""
time=2026-08-10T10:56:53.112Z level=INFO msg="guestfs exec" bin=guestfish args="[--remote=134]" scriptLines=2 script="-mkdir-p /Windows/Drivers/VirtIO\n-upload /usr/share/virtio-win/drivers/by-os/amd64/2k19/viosock.cat /Windows/Drivers/VirtIO/viosock.cat"
time=2026-08-10T10:56:53.165Z level=INFO msg="guestfs exec ok" bin=guestfish duration=53ms outputBytes=0 output=""
time=2026-08-10T10:56:53.165Z level=INFO msg="guestfs exec" bin=guestfish args="[--remote=134]" scriptLines=2 script="-mkdir-p /Windows/Drivers/VirtIO\n-upload /usr/share/virtio-win/drivers/by-os/amd64/2k19/viosock.inf /Windows/Drivers/VirtIO/viosock.inf"
time=2026-08-10T10:56:53.214Z level=INFO msg="guestfs exec ok" bin=guestfish duration=49ms outputBytes=0 output=""
time=2026-08-10T10:56:53.214Z level=INFO msg="guestfs exec" bin=guestfish args="[--remote=134]" scriptLines=2 script="-mkdir-p /Windows/Drivers/VirtIO\n-upload /usr/share/virtio-win/drivers/by-os/amd64/2k19/viosock.sys /Windows/Drivers/VirtIO/viosock.sys"
time=2026-08-10T10:56:53.263Z level=INFO msg="guestfs exec ok" bin=guestfish duration=49ms outputBytes=0 output=""
time=2026-08-10T10:56:53.263Z level=INFO msg="guestfs exec" bin=guestfish args="[--remote=134]" scriptLines=2 script="-mkdir-p /Windows/Drivers/VirtIO\n-upload /usr/share/virtio-win/drivers/by-os/amd64/2k19/viostor.cat /Windows/Drivers/VirtIO/viostor.cat"
time=2026-08-10T10:56:53.320Z level=INFO msg="guestfs exec ok" bin=guestfish duration=57ms outputBytes=0 output=""
time=2026-08-10T10:56:53.321Z level=INFO msg="guestfs exec" bin=guestfish args="[--remote=134]" scriptLines=2 script="-mkdir-p /Windows/Drivers/VirtIO\n-upload /usr/share/virtio-win/drivers/by-os/amd64/2k19/viostor.inf /Windows/Drivers/VirtIO/viostor.inf"
time=2026-08-10T10:56:53.374Z level=INFO msg="guestfs exec ok" bin=guestfish duration=53ms outputBytes=0 output=""
time=2026-08-10T10:56:53.374Z level=INFO msg="guestfs exec" bin=guestfish args="[--remote=134]" scriptLines=2 script="-mkdir-p /Windows/Drivers/VirtIO\n-upload /usr/share/virtio-win/drivers/by-os/amd64/2k19/viostor.sys /Windows/Drivers/VirtIO/viostor.sys"
time=2026-08-10T10:56:53.428Z level=INFO msg="guestfs exec ok" bin=guestfish duration=54ms outputBytes=0 output=""
time=2026-08-10T10:56:53.429Z level=INFO msg="guestfs exec" bin=guestfish args="[--remote=134]" scriptLines=2 script="-mkdir-p /Windows/System32/drivers\n-upload /usr/share/virtio-win/drivers/by-os/amd64/2k19/viostor.sys /Windows/System32/drivers/viostor.sys"
time=2026-08-10T10:56:53.474Z level=INFO msg="guestfs exec ok" bin=guestfish duration=46ms outputBytes=0 output=""
time=2026-08-10T10:56:53.474Z level=INFO msg="copied driver" name=fwcfg
time=2026-08-10T10:56:53.475Z level=INFO msg="guestfs exec" bin=guestfish args="[--remote=134]" scriptLines=2 script="-mkdir-p /Windows/Drivers/VirtIO\n-upload /usr/share/virtio-win/drivers/by-os/amd64/2k19/balloon.cat /Windows/Drivers/VirtIO/balloon.cat"
time=2026-08-10T10:56:53.525Z level=INFO msg="guestfs exec ok" bin=guestfish duration=51ms outputBytes=0 output=""
time=2026-08-10T10:56:53.525Z level=INFO msg="guestfs exec" bin=guestfish args="[--remote=134]" scriptLines=2 script="-mkdir-p /Windows/Drivers/VirtIO\n-upload /usr/share/virtio-win/drivers/by-os/amd64/2k19/balloon.inf /Windows/Drivers/VirtIO/balloon.inf"
time=2026-08-10T10:56:53.574Z level=INFO msg="guestfs exec ok" bin=guestfish duration=49ms outputBytes=0 output=""
time=2026-08-10T10:56:53.574Z level=INFO msg="guestfs exec" bin=guestfish args="[--remote=134]" scriptLines=2 script="-mkdir-p /Windows/Drivers/VirtIO\n-upload /usr/share/virtio-win/drivers/by-os/amd64/2k19/balloon.sys /Windows/Drivers/VirtIO/balloon.sys"
time=2026-08-10T10:56:53.630Z level=INFO msg="guestfs exec ok" bin=guestfish duration=56ms outputBytes=0 output=""
time=2026-08-10T10:56:53.630Z level=INFO msg="guestfs exec" bin=guestfish args="[--remote=134]" scriptLines=2 script="-mkdir-p /Windows/Drivers/VirtIO\n-upload /usr/share/virtio-win/drivers/by-os/amd64/2k19/fwcfg.cat /Windows/Drivers/VirtIO/fwcfg.cat"
time=2026-08-10T10:56:53.689Z level=INFO msg="guestfs exec ok" bin=guestfish duration=59ms outputBytes=0 output=""
time=2026-08-10T10:56:53.689Z level=INFO msg="guestfs exec" bin=guestfish args="[--remote=134]" scriptLines=2 script="-mkdir-p /Windows/Drivers/VirtIO\n-upload /usr/share/virtio-win/drivers/by-os/amd64/2k19/fwcfg.inf /Windows/Drivers/VirtIO/fwcfg.inf"
time=2026-08-10T10:56:53.741Z level=INFO msg="guestfs exec ok" bin=guestfish duration=52ms outputBytes=0 output=""
time=2026-08-10T10:56:53.742Z level=INFO msg="guestfs exec" bin=guestfish args="[--remote=134]" scriptLines=2 script="-mkdir-p /Windows/Drivers/VirtIO\n-upload /usr/share/virtio-win/drivers/by-os/amd64/2k19/fwcfg.sys /Windows/Drivers/VirtIO/fwcfg.sys"
time=2026-08-10T10:56:53.802Z level=INFO msg="guestfs exec ok" bin=guestfish duration=61ms outputBytes=0 output=""
time=2026-08-10T10:56:53.802Z level=INFO msg="guestfs exec" bin=guestfish args="[--remote=134]" scriptLines=2 script="-mkdir-p /Windows/Drivers/VirtIO\n-upload /usr/share/virtio-win/drivers/by-os/amd64/2k19/netkvm.cat /Windows/Drivers/VirtIO/netkvm.cat"
time=2026-08-10T10:56:53.859Z level=INFO msg="guestfs exec ok" bin=guestfish duration=57ms outputBytes=0 output=""
time=2026-08-10T10:56:53.859Z level=INFO msg="guestfs exec" bin=guestfish args="[--remote=134]" scriptLines=2 script="-mkdir-p /Windows/Drivers/VirtIO\n-upload /usr/share/virtio-win/drivers/by-os/amd64/2k19/netkvm.inf /Windows/Drivers/VirtIO/netkvm.inf"
time=2026-08-10T10:56:53.910Z level=INFO msg="guestfs exec ok" bin=guestfish duration=51ms outputBytes=0 output=""
time=2026-08-10T10:56:53.910Z level=INFO msg="guestfs exec" bin=guestfish args="[--remote=134]" scriptLines=2 script="-mkdir-p /Windows/Drivers/VirtIO\n-upload /usr/share/virtio-win/drivers/by-os/amd64/2k19/netkvm.sys /Windows/Drivers/VirtIO/netkvm.sys"
time=2026-08-10T10:56:53.960Z level=INFO msg="guestfs exec ok" bin=guestfish duration=50ms outputBytes=0 output=""
time=2026-08-10T10:56:53.960Z level=INFO msg="guestfs exec" bin=guestfish args="[--remote=134]" scriptLines=2 script="-mkdir-p /Windows/Drivers/VirtIO\n-upload /usr/share/virtio-win/drivers/by-os/amd64/2k19/pvpanic-pci.cat /Windows/Drivers/VirtIO/pvpanic-pci.cat"
time=2026-08-10T10:56:54.012Z level=INFO msg="guestfs exec ok" bin=guestfish duration=52ms outputBytes=0 output=""
time=2026-08-10T10:56:54.012Z level=INFO msg="guestfs exec" bin=guestfish args="[--remote=134]" scriptLines=2 script="-mkdir-p /Windows/Drivers/VirtIO\n-upload /usr/share/virtio-win/drivers/by-os/amd64/2k19/pvpanic-pci.inf /Windows/Drivers/VirtIO/pvpanic-pci.inf"
time=2026-08-10T10:56:54.067Z level=INFO msg="guestfs exec ok" bin=guestfish duration=55ms outputBytes=0 output=""
time=2026-08-10T10:56:54.067Z level=INFO msg="guestfs exec" bin=guestfish args="[--remote=134]" scriptLines=2 script="-mkdir-p /Windows/Drivers/VirtIO\n-upload /usr/share/virtio-win/drivers/by-os/amd64/2k19/pvpanic.cat /Windows/Drivers/VirtIO/pvpanic.cat"
time=2026-08-10T10:56:54.123Z level=INFO msg="guestfs exec ok" bin=guestfish duration=57ms outputBytes=0 output=""
time=2026-08-10T10:56:54.123Z level=INFO msg="guestfs exec" bin=guestfish args="[--remote=134]" scriptLines=2 script="-mkdir-p /Windows/Drivers/VirtIO\n-upload /usr/share/virtio-win/drivers/by-os/amd64/2k19/pvpanic.inf /Windows/Drivers/VirtIO/pvpanic.inf"
time=2026-08-10T10:56:54.177Z level=INFO msg="guestfs exec ok" bin=guestfish duration=53ms outputBytes=0 output=""
time=2026-08-10T10:56:54.177Z level=INFO msg="guestfs exec" bin=guestfish args="[--remote=134]" scriptLines=2 script="-mkdir-p /Windows/Drivers/VirtIO\n-upload /usr/share/virtio-win/drivers/by-os/amd64/2k19/pvpanic.sys /Windows/Drivers/VirtIO/pvpanic.sys"
time=2026-08-10T10:56:54.227Z level=INFO msg="guestfs exec ok" bin=guestfish duration=50ms outputBytes=0 output=""
time=2026-08-10T10:56:54.227Z level=INFO msg="guestfs exec" bin=guestfish args="[--remote=134]" scriptLines=2 script="-mkdir-p /Windows/Drivers/VirtIO\n-upload /usr/share/virtio-win/drivers/by-os/amd64/2k19/qemufwcfg.cat /Windows/Drivers/VirtIO/qemufwcfg.cat"
time=2026-08-10T10:56:54.279Z level=INFO msg="guestfs exec ok" bin=guestfish duration=51ms outputBytes=0 output=""
time=2026-08-10T10:56:54.279Z level=INFO msg="guestfs exec" bin=guestfish args="[--remote=134]" scriptLines=2 script="-mkdir-p /Windows/Drivers/VirtIO\n-upload /usr/share/virtio-win/drivers/by-os/amd64/2k19/qemufwcfg.inf /Windows/Drivers/VirtIO/qemufwcfg.inf"
time=2026-08-10T10:56:54.333Z level=INFO msg="guestfs exec ok" bin=guestfish duration=54ms outputBytes=0 output=""
time=2026-08-10T10:56:54.333Z level=INFO msg="guestfs exec" bin=guestfish args="[--remote=134]" scriptLines=2 script="-mkdir-p /Windows/Drivers/VirtIO\n-upload /usr/share/virtio-win/drivers/by-os/amd64/2k19/qemupciserial.cat /Windows/Drivers/VirtIO/qemupciserial.cat"
time=2026-08-10T10:56:54.386Z level=INFO msg="guestfs exec ok" bin=guestfish duration=53ms outputBytes=0 output=""
time=2026-08-10T10:56:54.386Z level=INFO msg="guestfs exec" bin=guestfish args="[--remote=134]" scriptLines=2 script="-mkdir-p /Windows/Drivers/VirtIO\n-upload /usr/share/virtio-win/drivers/by-os/amd64/2k19/qemupciserial.inf /Windows/Drivers/VirtIO/qemupciserial.inf"
time=2026-08-10T10:56:54.438Z level=INFO msg="guestfs exec ok" bin=guestfish duration=52ms outputBytes=0 output=""
time=2026-08-10T10:56:54.438Z level=INFO msg="guestfs exec" bin=guestfish args="[--remote=134]" scriptLines=2 script="-mkdir-p /Windows/Drivers/VirtIO\n-upload /usr/share/virtio-win/drivers/by-os/amd64/2k19/qxldod.cat /Windows/Drivers/VirtIO/qxldod.cat"
time=2026-08-10T10:56:54.494Z level=INFO msg="guestfs exec ok" bin=guestfish duration=56ms outputBytes=0 output=""
time=2026-08-10T10:56:54.495Z level=INFO msg="guestfs exec" bin=guestfish args="[--remote=134]" scriptLines=2 script="-mkdir-p /Windows/Drivers/VirtIO\n-upload /usr/share/virtio-win/drivers/by-os/amd64/2k19/qxldod.inf /Windows/Drivers/VirtIO/qxldod.inf"
time=2026-08-10T10:56:54.554Z level=INFO msg="guestfs exec ok" bin=guestfish duration=59ms outputBytes=0 output=""
time=2026-08-10T10:56:54.554Z level=INFO msg="guestfs exec" bin=guestfish args="[--remote=134]" scriptLines=2 script="-mkdir-p /Windows/Drivers/VirtIO\n-upload /usr/share/virtio-win/drivers/by-os/amd64/2k19/qxldod.sys /Windows/Drivers/VirtIO/qxldod.sys"
time=2026-08-10T10:56:54.621Z level=INFO msg="guestfs exec ok" bin=guestfish duration=67ms outputBytes=0 output=""
time=2026-08-10T10:56:54.621Z level=INFO msg="guestfs exec" bin=guestfish args="[--remote=134]" scriptLines=2 script="-mkdir-p /Windows/Drivers/VirtIO\n-upload /usr/share/virtio-win/drivers/by-os/amd64/2k19/viofs.cat /Windows/Drivers/VirtIO/viofs.cat"
time=2026-08-10T10:56:54.685Z level=INFO msg="guestfs exec ok" bin=guestfish duration=64ms outputBytes=0 output=""
time=2026-08-10T10:56:54.685Z level=INFO msg="guestfs exec" bin=guestfish args="[--remote=134]" scriptLines=2 script="-mkdir-p /Windows/Drivers/VirtIO\n-upload /usr/share/virtio-win/drivers/by-os/amd64/2k19/viofs.inf /Windows/Drivers/VirtIO/viofs.inf"
time=2026-08-10T10:56:54.739Z level=INFO msg="guestfs exec ok" bin=guestfish duration=54ms outputBytes=0 output=""
time=2026-08-10T10:56:54.739Z level=INFO msg="guestfs exec" bin=guestfish args="[--remote=134]" scriptLines=2 script="-mkdir-p /Windows/Drivers/VirtIO\n-upload /usr/share/virtio-win/drivers/by-os/amd64/2k19/viofs.sys /Windows/Drivers/VirtIO/viofs.sys"
time=2026-08-10T10:56:54.796Z level=INFO msg="guestfs exec ok" bin=guestfish duration=56ms outputBytes=0 output=""
time=2026-08-10T10:56:54.796Z level=INFO msg="guestfs exec" bin=guestfish args="[--remote=134]" scriptLines=2 script="-mkdir-p /Windows/Drivers/VirtIO\n-upload /usr/share/virtio-win/drivers/by-os/amd64/2k19/viogpudo.cat /Windows/Drivers/VirtIO/viogpudo.cat"
time=2026-08-10T10:56:54.853Z level=INFO msg="guestfs exec ok" bin=guestfish duration=57ms outputBytes=0 output=""
time=2026-08-10T10:56:54.853Z level=INFO msg="guestfs exec" bin=guestfish args="[--remote=134]" scriptLines=2 script="-mkdir-p /Windows/Drivers/VirtIO\n-upload /usr/share/virtio-win/drivers/by-os/amd64/2k19/viogpudo.inf /Windows/Drivers/VirtIO/viogpudo.inf"
time=2026-08-10T10:56:54.901Z level=INFO msg="guestfs exec ok" bin=guestfish duration=48ms outputBytes=0 output=""
time=2026-08-10T10:56:54.901Z level=INFO msg="guestfs exec" bin=guestfish args="[--remote=134]" scriptLines=2 script="-mkdir-p /Windows/Drivers/VirtIO\n-upload /usr/share/virtio-win/drivers/by-os/amd64/2k19/viogpudo.sys /Windows/Drivers/VirtIO/viogpudo.sys"
time=2026-08-10T10:56:54.957Z level=INFO msg="guestfs exec ok" bin=guestfish duration=56ms outputBytes=0 output=""
time=2026-08-10T10:56:54.957Z level=INFO msg="guestfs exec" bin=guestfish args="[--remote=134]" scriptLines=2 script="-mkdir-p /Windows/Drivers/VirtIO\n-upload /usr/share/virtio-win/drivers/by-os/amd64/2k19/viohidkmdf.sys /Windows/Drivers/VirtIO/viohidkmdf.sys"
time=2026-08-10T10:56:55.028Z level=INFO msg="guestfs exec ok" bin=guestfish duration=70ms outputBytes=0 output=""
time=2026-08-10T10:56:55.028Z level=INFO msg="guestfs exec" bin=guestfish args="[--remote=134]" scriptLines=2 script="-mkdir-p /Windows/Drivers/VirtIO\n-upload /usr/share/virtio-win/drivers/by-os/amd64/2k19/vioinput.cat /Windows/Drivers/VirtIO/vioinput.cat"
time=2026-08-10T10:56:55.092Z level=INFO msg="guestfs exec ok" bin=guestfish duration=64ms outputBytes=0 output=""
time=2026-08-10T10:56:55.092Z level=INFO msg="guestfs exec" bin=guestfish args="[--remote=134]" scriptLines=2 script="-mkdir-p /Windows/Drivers/VirtIO\n-upload /usr/share/virtio-win/drivers/by-os/amd64/2k19/vioinput.inf /Windows/Drivers/VirtIO/vioinput.inf"
time=2026-08-10T10:56:55.160Z level=INFO msg="guestfs exec ok" bin=guestfish duration=68ms outputBytes=0 output=""
time=2026-08-10T10:56:55.160Z level=INFO msg="guestfs exec" bin=guestfish args="[--remote=134]" scriptLines=2 script="-mkdir-p /Windows/Drivers/VirtIO\n-upload /usr/share/virtio-win/drivers/by-os/amd64/2k19/vioinput.sys /Windows/Drivers/VirtIO/vioinput.sys"
time=2026-08-10T10:56:55.226Z level=INFO msg="guestfs exec ok" bin=guestfish duration=65ms outputBytes=0 output=""
time=2026-08-10T10:56:55.226Z level=INFO msg="guestfs exec" bin=guestfish args="[--remote=134]" scriptLines=2 script="-mkdir-p /Windows/Drivers/VirtIO\n-upload /usr/share/virtio-win/drivers/by-os/amd64/2k19/viomem.cat /Windows/Drivers/VirtIO/viomem.cat"
time=2026-08-10T10:56:55.278Z level=INFO msg="guestfs exec ok" bin=guestfish duration=52ms outputBytes=0 output=""
time=2026-08-10T10:56:55.278Z level=INFO msg="guestfs exec" bin=guestfish args="[--remote=134]" scriptLines=2 script="-mkdir-p /Windows/Drivers/VirtIO\n-upload /usr/share/virtio-win/drivers/by-os/amd64/2k19/viomem.inf /Windows/Drivers/VirtIO/viomem.inf"
time=2026-08-10T10:56:55.328Z level=INFO msg="guestfs exec ok" bin=guestfish duration=50ms outputBytes=0 output=""
time=2026-08-10T10:56:55.328Z level=INFO msg="guestfs exec" bin=guestfish args="[--remote=134]" scriptLines=2 script="-mkdir-p /Windows/Drivers/VirtIO\n-upload /usr/share/virtio-win/drivers/by-os/amd64/2k19/viomem.sys /Windows/Drivers/VirtIO/viomem.sys"
time=2026-08-10T10:56:55.379Z level=INFO msg="guestfs exec ok" bin=guestfish duration=50ms outputBytes=0 output=""
time=2026-08-10T10:56:55.379Z level=INFO msg="guestfs exec" bin=guestfish args="[--remote=134]" scriptLines=2 script="-mkdir-p /Windows/Drivers/VirtIO\n-upload /usr/share/virtio-win/drivers/by-os/amd64/2k19/vioprot.cat /Windows/Drivers/VirtIO/vioprot.cat"
time=2026-08-10T10:56:55.430Z level=INFO msg="guestfs exec ok" bin=guestfish duration=51ms outputBytes=0 output=""
time=2026-08-10T10:56:55.430Z level=INFO msg="guestfs exec" bin=guestfish args="[--remote=134]" scriptLines=2 script="-mkdir-p /Windows/Drivers/VirtIO\n-upload /usr/share/virtio-win/drivers/by-os/amd64/2k19/vioprot.inf /Windows/Drivers/VirtIO/vioprot.inf"
time=2026-08-10T10:56:55.488Z level=INFO msg="guestfs exec ok" bin=guestfish duration=59ms outputBytes=0 output=""
time=2026-08-10T10:56:55.489Z level=INFO msg="guestfs exec" bin=guestfish args="[--remote=134]" scriptLines=2 script="-mkdir-p /Windows/Drivers/VirtIO\n-upload /usr/share/virtio-win/drivers/by-os/amd64/2k19/viorng.cat /Windows/Drivers/VirtIO/viorng.cat"
time=2026-08-10T10:56:55.550Z level=INFO msg="guestfs exec ok" bin=guestfish duration=62ms outputBytes=0 output=""
time=2026-08-10T10:56:55.550Z level=INFO msg="guestfs exec" bin=guestfish args="[--remote=134]" scriptLines=2 script="-mkdir-p /Windows/Drivers/VirtIO\n-upload /usr/share/virtio-win/drivers/by-os/amd64/2k19/viorng.inf /Windows/Drivers/VirtIO/viorng.inf"
time=2026-08-10T10:56:55.620Z level=INFO msg="guestfs exec ok" bin=guestfish duration=69ms outputBytes=0 output=""
time=2026-08-10T10:56:55.620Z level=INFO msg="guestfs exec" bin=guestfish args="[--remote=134]" scriptLines=2 script="-mkdir-p /Windows/Drivers/VirtIO\n-upload /usr/share/virtio-win/drivers/by-os/amd64/2k19/viorng.sys /Windows/Drivers/VirtIO/viorng.sys"
time=2026-08-10T10:56:55.681Z level=INFO msg="guestfs exec ok" bin=guestfish duration=61ms outputBytes=0 output=""
time=2026-08-10T10:56:55.681Z level=INFO msg="guestfs exec" bin=guestfish args="[--remote=134]" scriptLines=2 script="-mkdir-p /Windows/Drivers/VirtIO\n-upload /usr/share/virtio-win/drivers/by-os/amd64/2k19/vioscsi.cat /Windows/Drivers/VirtIO/vioscsi.cat"
time=2026-08-10T10:56:55.747Z level=INFO msg="guestfs exec ok" bin=guestfish duration=66ms outputBytes=0 output=""
time=2026-08-10T10:56:55.747Z level=INFO msg="guestfs exec" bin=guestfish args="[--remote=134]" scriptLines=2 script="-mkdir-p /Windows/Drivers/VirtIO\n-upload /usr/share/virtio-win/drivers/by-os/amd64/2k19/vioscsi.inf /Windows/Drivers/VirtIO/vioscsi.inf"
time=2026-08-10T10:56:55.805Z level=INFO msg="guestfs exec ok" bin=guestfish duration=58ms outputBytes=0 output=""
time=2026-08-10T10:56:55.805Z level=INFO msg="guestfs exec" bin=guestfish args="[--remote=134]" scriptLines=2 script="-mkdir-p /Windows/Drivers/VirtIO\n-upload /usr/share/virtio-win/drivers/by-os/amd64/2k19/vioscsi.sys /Windows/Drivers/VirtIO/vioscsi.sys"
time=2026-08-10T10:56:55.863Z level=INFO msg="guestfs exec ok" bin=guestfish duration=58ms outputBytes=0 output=""
time=2026-08-10T10:56:55.864Z level=INFO msg="guestfs exec" bin=guestfish args="[--remote=134]" scriptLines=2 script="-mkdir-p /Windows/System32/drivers\n-upload /usr/share/virtio-win/drivers/by-os/amd64/2k19/vioscsi.sys /Windows/System32/drivers/vioscsi.sys"
time=2026-08-10T10:56:55.916Z level=INFO msg="guestfs exec ok" bin=guestfish duration=53ms outputBytes=0 output=""
time=2026-08-10T10:56:55.916Z level=INFO msg="guestfs exec" bin=guestfish args="[--remote=134]" scriptLines=2 script="-mkdir-p /Windows/Drivers/VirtIO\n-upload /usr/share/virtio-win/drivers/by-os/amd64/2k19/vioser.cat /Windows/Drivers/VirtIO/vioser.cat"
time=2026-08-10T10:56:55.974Z level=INFO msg="guestfs exec ok" bin=guestfish duration=58ms outputBytes=0 output=""
time=2026-08-10T10:56:55.974Z level=INFO msg="guestfs exec" bin=guestfish args="[--remote=134]" scriptLines=2 script="-mkdir-p /Windows/Drivers/VirtIO\n-upload /usr/share/virtio-win/drivers/by-os/amd64/2k19/vioser.inf /Windows/Drivers/VirtIO/vioser.inf"
time=2026-08-10T10:56:56.031Z level=INFO msg="guestfs exec ok" bin=guestfish duration=57ms outputBytes=0 output=""
time=2026-08-10T10:56:56.032Z level=INFO msg="guestfs exec" bin=guestfish args="[--remote=134]" scriptLines=2 script="-mkdir-p /Windows/Drivers/VirtIO\n-upload /usr/share/virtio-win/drivers/by-os/amd64/2k19/vioser.sys /Windows/Drivers/VirtIO/vioser.sys"
time=2026-08-10T10:56:56.087Z level=INFO msg="guestfs exec ok" bin=guestfish duration=55ms outputBytes=0 output=""
time=2026-08-10T10:56:56.087Z level=INFO msg="guestfs exec" bin=guestfish args="[--remote=134]" scriptLines=2 script="-mkdir-p /Windows/Drivers/VirtIO\n-upload /usr/share/virtio-win/drivers/by-os/amd64/2k19/viosock.cat /Windows/Drivers/VirtIO/viosock.cat"
time=2026-08-10T10:56:56.146Z level=INFO msg="guestfs exec ok" bin=guestfish duration=59ms outputBytes=0 output=""
time=2026-08-10T10:56:56.146Z level=INFO msg="guestfs exec" bin=guestfish args="[--remote=134]" scriptLines=2 script="-mkdir-p /Windows/Drivers/VirtIO\n-upload /usr/share/virtio-win/drivers/by-os/amd64/2k19/viosock.inf /Windows/Drivers/VirtIO/viosock.inf"
time=2026-08-10T10:56:56.211Z level=INFO msg="guestfs exec ok" bin=guestfish duration=65ms outputBytes=0 output=""
time=2026-08-10T10:56:56.211Z level=INFO msg="guestfs exec" bin=guestfish args="[--remote=134]" scriptLines=2 script="-mkdir-p /Windows/Drivers/VirtIO\n-upload /usr/share/virtio-win/drivers/by-os/amd64/2k19/viosock.sys /Windows/Drivers/VirtIO/viosock.sys"
time=2026-08-10T10:56:56.276Z level=INFO msg="guestfs exec ok" bin=guestfish duration=66ms outputBytes=0 output=""
time=2026-08-10T10:56:56.277Z level=INFO msg="guestfs exec" bin=guestfish args="[--remote=134]" scriptLines=2 script="-mkdir-p /Windows/Drivers/VirtIO\n-upload /usr/share/virtio-win/drivers/by-os/amd64/2k19/viostor.cat /Windows/Drivers/VirtIO/viostor.cat"
time=2026-08-10T10:56:56.336Z level=INFO msg="guestfs exec ok" bin=guestfish duration=59ms outputBytes=0 output=""
time=2026-08-10T10:56:56.336Z level=INFO msg="guestfs exec" bin=guestfish args="[--remote=134]" scriptLines=2 script="-mkdir-p /Windows/Drivers/VirtIO\n-upload /usr/share/virtio-win/drivers/by-os/amd64/2k19/viostor.inf /Windows/Drivers/VirtIO/viostor.inf"
time=2026-08-10T10:56:56.395Z level=INFO msg="guestfs exec ok" bin=guestfish duration=59ms outputBytes=0 output=""
time=2026-08-10T10:56:56.395Z level=INFO msg="guestfs exec" bin=guestfish args="[--remote=134]" scriptLines=2 script="-mkdir-p /Windows/Drivers/VirtIO\n-upload /usr/share/virtio-win/drivers/by-os/amd64/2k19/viostor.sys /Windows/Drivers/VirtIO/viostor.sys"
time=2026-08-10T10:56:56.459Z level=INFO msg="guestfs exec ok" bin=guestfish duration=64ms outputBytes=0 output=""
time=2026-08-10T10:56:56.459Z level=INFO msg="guestfs exec" bin=guestfish args="[--remote=134]" scriptLines=2 script="-mkdir-p /Windows/System32/drivers\n-upload /usr/share/virtio-win/drivers/by-os/amd64/2k19/viostor.sys /Windows/System32/drivers/viostor.sys"
time=2026-08-10T10:56:56.515Z level=INFO msg="guestfs exec ok" bin=guestfish duration=56ms outputBytes=0 output=""
time=2026-08-10T10:56:56.516Z level=INFO msg="copied driver" name=netkvm
time=2026-08-10T10:56:56.517Z level=INFO msg="guestfs exec" bin=guestfish args="[--remote=134]" scriptLines=2 script="-mkdir-p /Windows/Drivers/VirtIO\n-upload /usr/share/virtio-win/drivers/by-os/amd64/2k19/balloon.cat /Windows/Drivers/VirtIO/balloon.cat"
time=2026-08-10T10:56:56.573Z level=INFO msg="guestfs exec ok" bin=guestfish duration=56ms outputBytes=0 output=""
time=2026-08-10T10:56:56.573Z level=INFO msg="guestfs exec" bin=guestfish args="[--remote=134]" scriptLines=2 script="-mkdir-p /Windows/Drivers/VirtIO\n-upload /usr/share/virtio-win/drivers/by-os/amd64/2k19/balloon.inf /Windows/Drivers/VirtIO/balloon.inf"
time=2026-08-10T10:56:56.641Z level=INFO msg="guestfs exec ok" bin=guestfish duration=68ms outputBytes=0 output=""
time=2026-08-10T10:56:56.641Z level=INFO msg="guestfs exec" bin=guestfish args="[--remote=134]" scriptLines=2 script="-mkdir-p /Windows/Drivers/VirtIO\n-upload /usr/share/virtio-win/drivers/by-os/amd64/2k19/balloon.sys /Windows/Drivers/VirtIO/balloon.sys"
time=2026-08-10T10:56:56.700Z level=INFO msg="guestfs exec ok" bin=guestfish duration=59ms outputBytes=0 output=""
time=2026-08-10T10:56:56.700Z level=INFO msg="guestfs exec" bin=guestfish args="[--remote=134]" scriptLines=2 script="-mkdir-p /Windows/Drivers/VirtIO\n-upload /usr/share/virtio-win/drivers/by-os/amd64/2k19/fwcfg.cat /Windows/Drivers/VirtIO/fwcfg.cat"
time=2026-08-10T10:56:56.758Z level=INFO msg="guestfs exec ok" bin=guestfish duration=58ms outputBytes=0 output=""
time=2026-08-10T10:56:56.758Z level=INFO msg="guestfs exec" bin=guestfish args="[--remote=134]" scriptLines=2 script="-mkdir-p /Windows/Drivers/VirtIO\n-upload /usr/share/virtio-win/drivers/by-os/amd64/2k19/fwcfg.inf /Windows/Drivers/VirtIO/fwcfg.inf"
time=2026-08-10T10:56:56.819Z level=INFO msg="guestfs exec ok" bin=guestfish duration=61ms outputBytes=0 output=""
time=2026-08-10T10:56:56.819Z level=INFO msg="guestfs exec" bin=guestfish args="[--remote=134]" scriptLines=2 script="-mkdir-p /Windows/Drivers/VirtIO\n-upload /usr/share/virtio-win/drivers/by-os/amd64/2k19/fwcfg.sys /Windows/Drivers/VirtIO/fwcfg.sys"
time=2026-08-10T10:56:56.871Z level=INFO msg="guestfs exec ok" bin=guestfish duration=52ms outputBytes=0 output=""
time=2026-08-10T10:56:56.871Z level=INFO msg="guestfs exec" bin=guestfish args="[--remote=134]" scriptLines=2 script="-mkdir-p /Windows/Drivers/VirtIO\n-upload /usr/share/virtio-win/drivers/by-os/amd64/2k19/netkvm.cat /Windows/Drivers/VirtIO/netkvm.cat"
time=2026-08-10T10:56:56.928Z level=INFO msg="guestfs exec ok" bin=guestfish duration=57ms outputBytes=0 output=""
time=2026-08-10T10:56:56.928Z level=INFO msg="guestfs exec" bin=guestfish args="[--remote=134]" scriptLines=2 script="-mkdir-p /Windows/Drivers/VirtIO\n-upload /usr/share/virtio-win/drivers/by-os/amd64/2k19/netkvm.inf /Windows/Drivers/VirtIO/netkvm.inf"
time=2026-08-10T10:56:56.983Z level=INFO msg="guestfs exec ok" bin=guestfish duration=55ms outputBytes=0 output=""
time=2026-08-10T10:56:56.983Z level=INFO msg="guestfs exec" bin=guestfish args="[--remote=134]" scriptLines=2 script="-mkdir-p /Windows/Drivers/VirtIO\n-upload /usr/share/virtio-win/drivers/by-os/amd64/2k19/netkvm.sys /Windows/Drivers/VirtIO/netkvm.sys"
time=2026-08-10T10:56:57.043Z level=INFO msg="guestfs exec ok" bin=guestfish duration=61ms outputBytes=0 output=""
time=2026-08-10T10:56:57.044Z level=INFO msg="guestfs exec" bin=guestfish args="[--remote=134]" scriptLines=2 script="-mkdir-p /Windows/Drivers/VirtIO\n-upload /usr/share/virtio-win/drivers/by-os/amd64/2k19/pvpanic-pci.cat /Windows/Drivers/VirtIO/pvpanic-pci.cat"
time=2026-08-10T10:56:57.110Z level=INFO msg="guestfs exec ok" bin=guestfish duration=67ms outputBytes=0 output=""
time=2026-08-10T10:56:57.111Z level=INFO msg="guestfs exec" bin=guestfish args="[--remote=134]" scriptLines=2 script="-mkdir-p /Windows/Drivers/VirtIO\n-upload /usr/share/virtio-win/drivers/by-os/amd64/2k19/pvpanic-pci.inf /Windows/Drivers/VirtIO/pvpanic-pci.inf"
time=2026-08-10T10:56:57.177Z level=INFO msg="guestfs exec ok" bin=guestfish duration=66ms outputBytes=0 output=""
time=2026-08-10T10:56:57.177Z level=INFO msg="guestfs exec" bin=guestfish args="[--remote=134]" scriptLines=2 script="-mkdir-p /Windows/Drivers/VirtIO\n-upload /usr/share/virtio-win/drivers/by-os/amd64/2k19/pvpanic.cat /Windows/Drivers/VirtIO/pvpanic.cat"
time=2026-08-10T10:56:57.233Z level=INFO msg="guestfs exec ok" bin=guestfish duration=56ms outputBytes=0 output=""
time=2026-08-10T10:56:57.234Z level=INFO msg="guestfs exec" bin=guestfish args="[--remote=134]" scriptLines=2 script="-mkdir-p /Windows/Drivers/VirtIO\n-upload /usr/share/virtio-win/drivers/by-os/amd64/2k19/pvpanic.inf /Windows/Drivers/VirtIO/pvpanic.inf"
time=2026-08-10T10:56:57.298Z level=INFO msg="guestfs exec ok" bin=guestfish duration=64ms outputBytes=0 output=""
time=2026-08-10T10:56:57.298Z level=INFO msg="guestfs exec" bin=guestfish args="[--remote=134]" scriptLines=2 script="-mkdir-p /Windows/Drivers/VirtIO\n-upload /usr/share/virtio-win/drivers/by-os/amd64/2k19/pvpanic.sys /Windows/Drivers/VirtIO/pvpanic.sys"
time=2026-08-10T10:56:57.356Z level=INFO msg="guestfs exec ok" bin=guestfish duration=58ms outputBytes=0 output=""
time=2026-08-10T10:56:57.356Z level=INFO msg="guestfs exec" bin=guestfish args="[--remote=134]" scriptLines=2 script="-mkdir-p /Windows/Drivers/VirtIO\n-upload /usr/share/virtio-win/drivers/by-os/amd64/2k19/qemufwcfg.cat /Windows/Drivers/VirtIO/qemufwcfg.cat"
time=2026-08-10T10:56:57.408Z level=INFO msg="guestfs exec ok" bin=guestfish duration=51ms outputBytes=0 output=""
time=2026-08-10T10:56:57.408Z level=INFO msg="guestfs exec" bin=guestfish args="[--remote=134]" scriptLines=2 script="-mkdir-p /Windows/Drivers/VirtIO\n-upload /usr/share/virtio-win/drivers/by-os/amd64/2k19/qemufwcfg.inf /Windows/Drivers/VirtIO/qemufwcfg.inf"
time=2026-08-10T10:56:57.461Z level=INFO msg="guestfs exec ok" bin=guestfish duration=53ms outputBytes=0 output=""
time=2026-08-10T10:56:57.461Z level=INFO msg="guestfs exec" bin=guestfish args="[--remote=134]" scriptLines=2 script="-mkdir-p /Windows/Drivers/VirtIO\n-upload /usr/share/virtio-win/drivers/by-os/amd64/2k19/qemupciserial.cat /Windows/Drivers/VirtIO/qemupciserial.cat"
time=2026-08-10T10:56:57.508Z level=INFO msg="guestfs exec ok" bin=guestfish duration=47ms outputBytes=0 output=""
time=2026-08-10T10:56:57.508Z level=INFO msg="guestfs exec" bin=guestfish args="[--remote=134]" scriptLines=2 script="-mkdir-p /Windows/Drivers/VirtIO\n-upload /usr/share/virtio-win/drivers/by-os/amd64/2k19/qemupciserial.inf /Windows/Drivers/VirtIO/qemupciserial.inf"
time=2026-08-10T10:56:57.554Z level=INFO msg="guestfs exec ok" bin=guestfish duration=46ms outputBytes=0 output=""
time=2026-08-10T10:56:57.554Z level=INFO msg="guestfs exec" bin=guestfish args="[--remote=134]" scriptLines=2 script="-mkdir-p /Windows/Drivers/VirtIO\n-upload /usr/share/virtio-win/drivers/by-os/amd64/2k19/qxldod.cat /Windows/Drivers/VirtIO/qxldod.cat"
time=2026-08-10T10:56:57.606Z level=INFO msg="guestfs exec ok" bin=guestfish duration=52ms outputBytes=0 output=""
time=2026-08-10T10:56:57.606Z level=INFO msg="guestfs exec" bin=guestfish args="[--remote=134]" scriptLines=2 script="-mkdir-p /Windows/Drivers/VirtIO\n-upload /usr/share/virtio-win/drivers/by-os/amd64/2k19/qxldod.inf /Windows/Drivers/VirtIO/qxldod.inf"
time=2026-08-10T10:56:57.659Z level=INFO msg="guestfs exec ok" bin=guestfish duration=52ms outputBytes=0 output=""
time=2026-08-10T10:56:57.659Z level=INFO msg="guestfs exec" bin=guestfish args="[--remote=134]" scriptLines=2 script="-mkdir-p /Windows/Drivers/VirtIO\n-upload /usr/share/virtio-win/drivers/by-os/amd64/2k19/qxldod.sys /Windows/Drivers/VirtIO/qxldod.sys"
time=2026-08-10T10:56:57.712Z level=INFO msg="guestfs exec ok" bin=guestfish duration=54ms outputBytes=0 output=""
time=2026-08-10T10:56:57.713Z level=INFO msg="guestfs exec" bin=guestfish args="[--remote=134]" scriptLines=2 script="-mkdir-p /Windows/Drivers/VirtIO\n-upload /usr/share/virtio-win/drivers/by-os/amd64/2k19/viofs.cat /Windows/Drivers/VirtIO/viofs.cat"
time=2026-08-10T10:56:57.767Z level=INFO msg="guestfs exec ok" bin=guestfish duration=55ms outputBytes=0 output=""
time=2026-08-10T10:56:57.767Z level=INFO msg="guestfs exec" bin=guestfish args="[--remote=134]" scriptLines=2 script="-mkdir-p /Windows/Drivers/VirtIO\n-upload /usr/share/virtio-win/drivers/by-os/amd64/2k19/viofs.inf /Windows/Drivers/VirtIO/viofs.inf"
time=2026-08-10T10:56:57.826Z level=INFO msg="guestfs exec ok" bin=guestfish duration=59ms outputBytes=0 output=""
time=2026-08-10T10:56:57.827Z level=INFO msg="guestfs exec" bin=guestfish args="[--remote=134]" scriptLines=2 script="-mkdir-p /Windows/Drivers/VirtIO\n-upload /usr/share/virtio-win/drivers/by-os/amd64/2k19/viofs.sys /Windows/Drivers/VirtIO/viofs.sys"
time=2026-08-10T10:56:57.884Z level=INFO msg="guestfs exec ok" bin=guestfish duration=58ms outputBytes=0 output=""
time=2026-08-10T10:56:57.885Z level=INFO msg="guestfs exec" bin=guestfish args="[--remote=134]" scriptLines=2 script="-mkdir-p /Windows/Drivers/VirtIO\n-upload /usr/share/virtio-win/drivers/by-os/amd64/2k19/viogpudo.cat /Windows/Drivers/VirtIO/viogpudo.cat"
time=2026-08-10T10:56:57.941Z level=INFO msg="guestfs exec ok" bin=guestfish duration=57ms outputBytes=0 output=""
time=2026-08-10T10:56:57.941Z level=INFO msg="guestfs exec" bin=guestfish args="[--remote=134]" scriptLines=2 script="-mkdir-p /Windows/Drivers/VirtIO\n-upload /usr/share/virtio-win/drivers/by-os/amd64/2k19/viogpudo.inf /Windows/Drivers/VirtIO/viogpudo.inf"
time=2026-08-10T10:56:57.999Z level=INFO msg="guestfs exec ok" bin=guestfish duration=58ms outputBytes=0 output=""
time=2026-08-10T10:56:58.000Z level=INFO msg="guestfs exec" bin=guestfish args="[--remote=134]" scriptLines=2 script="-mkdir-p /Windows/Drivers/VirtIO\n-upload /usr/share/virtio-win/drivers/by-os/amd64/2k19/viogpudo.sys /Windows/Drivers/VirtIO/viogpudo.sys"
time=2026-08-10T10:56:58.052Z level=INFO msg="guestfs exec ok" bin=guestfish duration=53ms outputBytes=0 output=""
time=2026-08-10T10:56:58.052Z level=INFO msg="guestfs exec" bin=guestfish args="[--remote=134]" scriptLines=2 script="-mkdir-p /Windows/Drivers/VirtIO\n-upload /usr/share/virtio-win/drivers/by-os/amd64/2k19/viohidkmdf.sys /Windows/Drivers/VirtIO/viohidkmdf.sys"
time=2026-08-10T10:56:58.107Z level=INFO msg="guestfs exec ok" bin=guestfish duration=55ms outputBytes=0 output=""
time=2026-08-10T10:56:58.107Z level=INFO msg="guestfs exec" bin=guestfish args="[--remote=134]" scriptLines=2 script="-mkdir-p /Windows/Drivers/VirtIO\n-upload /usr/share/virtio-win/drivers/by-os/amd64/2k19/vioinput.cat /Windows/Drivers/VirtIO/vioinput.cat"
time=2026-08-10T10:56:58.169Z level=INFO msg="guestfs exec ok" bin=guestfish duration=62ms outputBytes=0 output=""
time=2026-08-10T10:56:58.169Z level=INFO msg="guestfs exec" bin=guestfish args="[--remote=134]" scriptLines=2 script="-mkdir-p /Windows/Drivers/VirtIO\n-upload /usr/share/virtio-win/drivers/by-os/amd64/2k19/vioinput.inf /Windows/Drivers/VirtIO/vioinput.inf"
time=2026-08-10T10:56:58.229Z level=INFO msg="guestfs exec ok" bin=guestfish duration=60ms outputBytes=0 output=""
time=2026-08-10T10:56:58.229Z level=INFO msg="guestfs exec" bin=guestfish args="[--remote=134]" scriptLines=2 script="-mkdir-p /Windows/Drivers/VirtIO\n-upload /usr/share/virtio-win/drivers/by-os/amd64/2k19/vioinput.sys /Windows/Drivers/VirtIO/vioinput.sys"
time=2026-08-10T10:56:58.285Z level=INFO msg="guestfs exec ok" bin=guestfish duration=56ms outputBytes=0 output=""
time=2026-08-10T10:56:58.285Z level=INFO msg="guestfs exec" bin=guestfish args="[--remote=134]" scriptLines=2 script="-mkdir-p /Windows/Drivers/VirtIO\n-upload /usr/share/virtio-win/drivers/by-os/amd64/2k19/viomem.cat /Windows/Drivers/VirtIO/viomem.cat"
time=2026-08-10T10:56:58.341Z level=INFO msg="guestfs exec ok" bin=guestfish duration=55ms outputBytes=0 output=""
time=2026-08-10T10:56:58.341Z level=INFO msg="guestfs exec" bin=guestfish args="[--remote=134]" scriptLines=2 script="-mkdir-p /Windows/Drivers/VirtIO\n-upload /usr/share/virtio-win/drivers/by-os/amd64/2k19/viomem.inf /Windows/Drivers/VirtIO/viomem.inf"
time=2026-08-10T10:56:58.404Z level=INFO msg="guestfs exec ok" bin=guestfish duration=63ms outputBytes=0 output=""
time=2026-08-10T10:56:58.404Z level=INFO msg="guestfs exec" bin=guestfish args="[--remote=134]" scriptLines=2 script="-mkdir-p /Windows/Drivers/VirtIO\n-upload /usr/share/virtio-win/drivers/by-os/amd64/2k19/viomem.sys /Windows/Drivers/VirtIO/viomem.sys"
time=2026-08-10T10:56:58.464Z level=INFO msg="guestfs exec ok" bin=guestfish duration=60ms outputBytes=0 output=""
time=2026-08-10T10:56:58.464Z level=INFO msg="guestfs exec" bin=guestfish args="[--remote=134]" scriptLines=2 script="-mkdir-p /Windows/Drivers/VirtIO\n-upload /usr/share/virtio-win/drivers/by-os/amd64/2k19/vioprot.cat /Windows/Drivers/VirtIO/vioprot.cat"
time=2026-08-10T10:56:58.524Z level=INFO msg="guestfs exec ok" bin=guestfish duration=60ms outputBytes=0 output=""
time=2026-08-10T10:56:58.524Z level=INFO msg="guestfs exec" bin=guestfish args="[--remote=134]" scriptLines=2 script="-mkdir-p /Windows/Drivers/VirtIO\n-upload /usr/share/virtio-win/drivers/by-os/amd64/2k19/vioprot.inf /Windows/Drivers/VirtIO/vioprot.inf"
time=2026-08-10T10:56:58.573Z level=INFO msg="guestfs exec ok" bin=guestfish duration=50ms outputBytes=0 output=""
time=2026-08-10T10:56:58.574Z level=INFO msg="guestfs exec" bin=guestfish args="[--remote=134]" scriptLines=2 script="-mkdir-p /Windows/Drivers/VirtIO\n-upload /usr/share/virtio-win/drivers/by-os/amd64/2k19/viorng.cat /Windows/Drivers/VirtIO/viorng.cat"
time=2026-08-10T10:56:58.631Z level=INFO msg="guestfs exec ok" bin=guestfish duration=58ms outputBytes=0 output=""
time=2026-08-10T10:56:58.631Z level=INFO msg="guestfs exec" bin=guestfish args="[--remote=134]" scriptLines=2 script="-mkdir-p /Windows/Drivers/VirtIO\n-upload /usr/share/virtio-win/drivers/by-os/amd64/2k19/viorng.inf /Windows/Drivers/VirtIO/viorng.inf"
time=2026-08-10T10:56:58.684Z level=INFO msg="guestfs exec ok" bin=guestfish duration=53ms outputBytes=0 output=""
time=2026-08-10T10:56:58.684Z level=INFO msg="guestfs exec" bin=guestfish args="[--remote=134]" scriptLines=2 script="-mkdir-p /Windows/Drivers/VirtIO\n-upload /usr/share/virtio-win/drivers/by-os/amd64/2k19/viorng.sys /Windows/Drivers/VirtIO/viorng.sys"
time=2026-08-10T10:56:58.742Z level=INFO msg="guestfs exec ok" bin=guestfish duration=58ms outputBytes=0 output=""
time=2026-08-10T10:56:58.742Z level=INFO msg="guestfs exec" bin=guestfish args="[--remote=134]" scriptLines=2 script="-mkdir-p /Windows/Drivers/VirtIO\n-upload /usr/share/virtio-win/drivers/by-os/amd64/2k19/vioscsi.cat /Windows/Drivers/VirtIO/vioscsi.cat"
time=2026-08-10T10:56:58.800Z level=INFO msg="guestfs exec ok" bin=guestfish duration=57ms outputBytes=0 output=""
time=2026-08-10T10:56:58.800Z level=INFO msg="guestfs exec" bin=guestfish args="[--remote=134]" scriptLines=2 script="-mkdir-p /Windows/Drivers/VirtIO\n-upload /usr/share/virtio-win/drivers/by-os/amd64/2k19/vioscsi.inf /Windows/Drivers/VirtIO/vioscsi.inf"
time=2026-08-10T10:56:58.855Z level=INFO msg="guestfs exec ok" bin=guestfish duration=55ms outputBytes=0 output=""
time=2026-08-10T10:56:58.855Z level=INFO msg="guestfs exec" bin=guestfish args="[--remote=134]" scriptLines=2 script="-mkdir-p /Windows/Drivers/VirtIO\n-upload /usr/share/virtio-win/drivers/by-os/amd64/2k19/vioscsi.sys /Windows/Drivers/VirtIO/vioscsi.sys"
time=2026-08-10T10:56:58.914Z level=INFO msg="guestfs exec ok" bin=guestfish duration=58ms outputBytes=0 output=""
time=2026-08-10T10:56:58.914Z level=INFO msg="guestfs exec" bin=guestfish args="[--remote=134]" scriptLines=2 script="-mkdir-p /Windows/System32/drivers\n-upload /usr/share/virtio-win/drivers/by-os/amd64/2k19/vioscsi.sys /Windows/System32/drivers/vioscsi.sys"
time=2026-08-10T10:56:58.985Z level=INFO msg="guestfs exec ok" bin=guestfish duration=72ms outputBytes=0 output=""
time=2026-08-10T10:56:58.986Z level=INFO msg="guestfs exec" bin=guestfish args="[--remote=134]" scriptLines=2 script="-mkdir-p /Windows/Drivers/VirtIO\n-upload /usr/share/virtio-win/drivers/by-os/amd64/2k19/vioser.cat /Windows/Drivers/VirtIO/vioser.cat"
time=2026-08-10T10:56:59.041Z level=INFO msg="guestfs exec ok" bin=guestfish duration=55ms outputBytes=0 output=""
time=2026-08-10T10:56:59.041Z level=INFO msg="guestfs exec" bin=guestfish args="[--remote=134]" scriptLines=2 script="-mkdir-p /Windows/Drivers/VirtIO\n-upload /usr/share/virtio-win/drivers/by-os/amd64/2k19/vioser.inf /Windows/Drivers/VirtIO/vioser.inf"
time=2026-08-10T10:56:59.100Z level=INFO msg="guestfs exec ok" bin=guestfish duration=59ms outputBytes=0 output=""
time=2026-08-10T10:56:59.100Z level=INFO msg="guestfs exec" bin=guestfish args="[--remote=134]" scriptLines=2 script="-mkdir-p /Windows/Drivers/VirtIO\n-upload /usr/share/virtio-win/drivers/by-os/amd64/2k19/vioser.sys /Windows/Drivers/VirtIO/vioser.sys"
time=2026-08-10T10:56:59.159Z level=INFO msg="guestfs exec ok" bin=guestfish duration=59ms outputBytes=0 output=""
time=2026-08-10T10:56:59.159Z level=INFO msg="guestfs exec" bin=guestfish args="[--remote=134]" scriptLines=2 script="-mkdir-p /Windows/Drivers/VirtIO\n-upload /usr/share/virtio-win/drivers/by-os/amd64/2k19/viosock.cat /Windows/Drivers/VirtIO/viosock.cat"
time=2026-08-10T10:56:59.216Z level=INFO msg="guestfs exec ok" bin=guestfish duration=57ms outputBytes=0 output=""
time=2026-08-10T10:56:59.217Z level=INFO msg="guestfs exec" bin=guestfish args="[--remote=134]" scriptLines=2 script="-mkdir-p /Windows/Drivers/VirtIO\n-upload /usr/share/virtio-win/drivers/by-os/amd64/2k19/viosock.inf /Windows/Drivers/VirtIO/viosock.inf"
time=2026-08-10T10:56:59.272Z level=INFO msg="guestfs exec ok" bin=guestfish duration=55ms outputBytes=0 output=""
time=2026-08-10T10:56:59.272Z level=INFO msg="guestfs exec" bin=guestfish args="[--remote=134]" scriptLines=2 script="-mkdir-p /Windows/Drivers/VirtIO\n-upload /usr/share/virtio-win/drivers/by-os/amd64/2k19/viosock.sys /Windows/Drivers/VirtIO/viosock.sys"
time=2026-08-10T10:56:59.332Z level=INFO msg="guestfs exec ok" bin=guestfish duration=60ms outputBytes=0 output=""
time=2026-08-10T10:56:59.332Z level=INFO msg="guestfs exec" bin=guestfish args="[--remote=134]" scriptLines=2 script="-mkdir-p /Windows/Drivers/VirtIO\n-upload /usr/share/virtio-win/drivers/by-os/amd64/2k19/viostor.cat /Windows/Drivers/VirtIO/viostor.cat"
time=2026-08-10T10:56:59.386Z level=INFO msg="guestfs exec ok" bin=guestfish duration=55ms outputBytes=0 output=""
time=2026-08-10T10:56:59.387Z level=INFO msg="guestfs exec" bin=guestfish args="[--remote=134]" scriptLines=2 script="-mkdir-p /Windows/Drivers/VirtIO\n-upload /usr/share/virtio-win/drivers/by-os/amd64/2k19/viostor.inf /Windows/Drivers/VirtIO/viostor.inf"
time=2026-08-10T10:56:59.437Z level=INFO msg="guestfs exec ok" bin=guestfish duration=50ms outputBytes=0 output=""
time=2026-08-10T10:56:59.437Z level=INFO msg="guestfs exec" bin=guestfish args="[--remote=134]" scriptLines=2 script="-mkdir-p /Windows/Drivers/VirtIO\n-upload /usr/share/virtio-win/drivers/by-os/amd64/2k19/viostor.sys /Windows/Drivers/VirtIO/viostor.sys"
time=2026-08-10T10:56:59.491Z level=INFO msg="guestfs exec ok" bin=guestfish duration=54ms outputBytes=0 output=""
time=2026-08-10T10:56:59.491Z level=INFO msg="guestfs exec" bin=guestfish args="[--remote=134]" scriptLines=2 script="-mkdir-p /Windows/System32/drivers\n-upload /usr/share/virtio-win/drivers/by-os/amd64/2k19/viostor.sys /Windows/System32/drivers/viostor.sys"
time=2026-08-10T10:56:59.547Z level=INFO msg="guestfs exec ok" bin=guestfish duration=56ms outputBytes=0 output=""
time=2026-08-10T10:56:59.547Z level=INFO msg="copied driver" name=pvpanic-pci
time=2026-08-10T10:56:59.547Z level=INFO msg="guestfs exec" bin=guestfish args="[--remote=134]" scriptLines=2 script="-mkdir-p /Windows/Drivers/VirtIO\n-upload /usr/share/virtio-win/drivers/by-os/amd64/2k19/balloon.cat /Windows/Drivers/VirtIO/balloon.cat"
time=2026-08-10T10:56:59.609Z level=INFO msg="guestfs exec ok" bin=guestfish duration=62ms outputBytes=0 output=""
time=2026-08-10T10:56:59.609Z level=INFO msg="guestfs exec" bin=guestfish args="[--remote=134]" scriptLines=2 script="-mkdir-p /Windows/Drivers/VirtIO\n-upload /usr/share/virtio-win/drivers/by-os/amd64/2k19/balloon.inf /Windows/Drivers/VirtIO/balloon.inf"
time=2026-08-10T10:56:59.661Z level=INFO msg="guestfs exec ok" bin=guestfish duration=52ms outputBytes=0 output=""
time=2026-08-10T10:56:59.661Z level=INFO msg="guestfs exec" bin=guestfish args="[--remote=134]" scriptLines=2 script="-mkdir-p /Windows/Drivers/VirtIO\n-upload /usr/share/virtio-win/drivers/by-os/amd64/2k19/balloon.sys /Windows/Drivers/VirtIO/balloon.sys"
time=2026-08-10T10:56:59.712Z level=INFO msg="guestfs exec ok" bin=guestfish duration=51ms outputBytes=0 output=""
time=2026-08-10T10:56:59.712Z level=INFO msg="guestfs exec" bin=guestfish args="[--remote=134]" scriptLines=2 script="-mkdir-p /Windows/Drivers/VirtIO\n-upload /usr/share/virtio-win/drivers/by-os/amd64/2k19/fwcfg.cat /Windows/Drivers/VirtIO/fwcfg.cat"
time=2026-08-10T10:56:59.769Z level=INFO msg="guestfs exec ok" bin=guestfish duration=57ms outputBytes=0 output=""
time=2026-08-10T10:56:59.769Z level=INFO msg="guestfs exec" bin=guestfish args="[--remote=134]" scriptLines=2 script="-mkdir-p /Windows/Drivers/VirtIO\n-upload /usr/share/virtio-win/drivers/by-os/amd64/2k19/fwcfg.inf /Windows/Drivers/VirtIO/fwcfg.inf"
time=2026-08-10T10:56:59.833Z level=INFO msg="guestfs exec ok" bin=guestfish duration=64ms outputBytes=0 output=""
time=2026-08-10T10:56:59.834Z level=INFO msg="guestfs exec" bin=guestfish args="[--remote=134]" scriptLines=2 script="-mkdir-p /Windows/Drivers/VirtIO\n-upload /usr/share/virtio-win/drivers/by-os/amd64/2k19/fwcfg.sys /Windows/Drivers/VirtIO/fwcfg.sys"
time=2026-08-10T10:56:59.883Z level=INFO msg="guestfs exec ok" bin=guestfish duration=49ms outputBytes=0 output=""
time=2026-08-10T10:56:59.883Z level=INFO msg="guestfs exec" bin=guestfish args="[--remote=134]" scriptLines=2 script="-mkdir-p /Windows/Drivers/VirtIO\n-upload /usr/share/virtio-win/drivers/by-os/amd64/2k19/netkvm.cat /Windows/Drivers/VirtIO/netkvm.cat"
time=2026-08-10T10:56:59.933Z level=INFO msg="guestfs exec ok" bin=guestfish duration=50ms outputBytes=0 output=""
time=2026-08-10T10:56:59.933Z level=INFO msg="guestfs exec" bin=guestfish args="[--remote=134]" scriptLines=2 script="-mkdir-p /Windows/Drivers/VirtIO\n-upload /usr/share/virtio-win/drivers/by-os/amd64/2k19/netkvm.inf /Windows/Drivers/VirtIO/netkvm.inf"
time=2026-08-10T10:56:59.992Z level=INFO msg="guestfs exec ok" bin=guestfish duration=59ms outputBytes=0 output=""
time=2026-08-10T10:56:59.992Z level=INFO msg="guestfs exec" bin=guestfish args="[--remote=134]" scriptLines=2 script="-mkdir-p /Windows/Drivers/VirtIO\n-upload /usr/share/virtio-win/drivers/by-os/amd64/2k19/netkvm.sys /Windows/Drivers/VirtIO/netkvm.sys"
time=2026-08-10T10:57:00.056Z level=INFO msg="guestfs exec ok" bin=guestfish duration=64ms outputBytes=0 output=""
time=2026-08-10T10:57:00.056Z level=INFO msg="guestfs exec" bin=guestfish args="[--remote=134]" scriptLines=2 script="-mkdir-p /Windows/Drivers/VirtIO\n-upload /usr/share/virtio-win/drivers/by-os/amd64/2k19/pvpanic-pci.cat /Windows/Drivers/VirtIO/pvpanic-pci.cat"
time=2026-08-10T10:57:00.116Z level=INFO msg="guestfs exec ok" bin=guestfish duration=60ms outputBytes=0 output=""
time=2026-08-10T10:57:00.117Z level=INFO msg="guestfs exec" bin=guestfish args="[--remote=134]" scriptLines=2 script="-mkdir-p /Windows/Drivers/VirtIO\n-upload /usr/share/virtio-win/drivers/by-os/amd64/2k19/pvpanic-pci.inf /Windows/Drivers/VirtIO/pvpanic-pci.inf"
time=2026-08-10T10:57:00.170Z level=INFO msg="guestfs exec ok" bin=guestfish duration=53ms outputBytes=0 output=""
time=2026-08-10T10:57:00.171Z level=INFO msg="guestfs exec" bin=guestfish args="[--remote=134]" scriptLines=2 script="-mkdir-p /Windows/Drivers/VirtIO\n-upload /usr/share/virtio-win/drivers/by-os/amd64/2k19/pvpanic.cat /Windows/Drivers/VirtIO/pvpanic.cat"
time=2026-08-10T10:57:00.236Z level=INFO msg="guestfs exec ok" bin=guestfish duration=66ms outputBytes=0 output=""
time=2026-08-10T10:57:00.236Z level=INFO msg="guestfs exec" bin=guestfish args="[--remote=134]" scriptLines=2 script="-mkdir-p /Windows/Drivers/VirtIO\n-upload /usr/share/virtio-win/drivers/by-os/amd64/2k19/pvpanic.inf /Windows/Drivers/VirtIO/pvpanic.inf"
time=2026-08-10T10:57:00.294Z level=INFO msg="guestfs exec ok" bin=guestfish duration=58ms outputBytes=0 output=""
time=2026-08-10T10:57:00.294Z level=INFO msg="guestfs exec" bin=guestfish args="[--remote=134]" scriptLines=2 script="-mkdir-p /Windows/Drivers/VirtIO\n-upload /usr/share/virtio-win/drivers/by-os/amd64/2k19/pvpanic.sys /Windows/Drivers/VirtIO/pvpanic.sys"
time=2026-08-10T10:57:00.345Z level=INFO msg="guestfs exec ok" bin=guestfish duration=50ms outputBytes=0 output=""
time=2026-08-10T10:57:00.345Z level=INFO msg="guestfs exec" bin=guestfish args="[--remote=134]" scriptLines=2 script="-mkdir-p /Windows/Drivers/VirtIO\n-upload /usr/share/virtio-win/drivers/by-os/amd64/2k19/qemufwcfg.cat /Windows/Drivers/VirtIO/qemufwcfg.cat"
time=2026-08-10T10:57:00.404Z level=INFO msg="guestfs exec ok" bin=guestfish duration=59ms outputBytes=0 output=""
time=2026-08-10T10:57:00.404Z level=INFO msg="guestfs exec" bin=guestfish args="[--remote=134]" scriptLines=2 script="-mkdir-p /Windows/Drivers/VirtIO\n-upload /usr/share/virtio-win/drivers/by-os/amd64/2k19/qemufwcfg.inf /Windows/Drivers/VirtIO/qemufwcfg.inf"
time=2026-08-10T10:57:00.456Z level=INFO msg="guestfs exec ok" bin=guestfish duration=51ms outputBytes=0 output=""
time=2026-08-10T10:57:00.456Z level=INFO msg="guestfs exec" bin=guestfish args="[--remote=134]" scriptLines=2 script="-mkdir-p /Windows/Drivers/VirtIO\n-upload /usr/share/virtio-win/drivers/by-os/amd64/2k19/qemupciserial.cat /Windows/Drivers/VirtIO/qemupciserial.cat"
time=2026-08-10T10:57:00.507Z level=INFO msg="guestfs exec ok" bin=guestfish duration=51ms outputBytes=0 output=""
time=2026-08-10T10:57:00.508Z level=INFO msg="guestfs exec" bin=guestfish args="[--remote=134]" scriptLines=2 script="-mkdir-p /Windows/Drivers/VirtIO\n-upload /usr/share/virtio-win/drivers/by-os/amd64/2k19/qemupciserial.inf /Windows/Drivers/VirtIO/qemupciserial.inf"
time=2026-08-10T10:57:00.565Z level=INFO msg="guestfs exec ok" bin=guestfish duration=58ms outputBytes=0 output=""
time=2026-08-10T10:57:00.566Z level=INFO msg="guestfs exec" bin=guestfish args="[--remote=134]" scriptLines=2 script="-mkdir-p /Windows/Drivers/VirtIO\n-upload /usr/share/virtio-win/drivers/by-os/amd64/2k19/qxldod.cat /Windows/Drivers/VirtIO/qxldod.cat"
time=2026-08-10T10:57:00.623Z level=INFO msg="guestfs exec ok" bin=guestfish duration=58ms outputBytes=0 output=""
time=2026-08-10T10:57:00.623Z level=INFO msg="guestfs exec" bin=guestfish args="[--remote=134]" scriptLines=2 script="-mkdir-p /Windows/Drivers/VirtIO\n-upload /usr/share/virtio-win/drivers/by-os/amd64/2k19/qxldod.inf /Windows/Drivers/VirtIO/qxldod.inf"
time=2026-08-10T10:57:00.685Z level=INFO msg="guestfs exec ok" bin=guestfish duration=62ms outputBytes=0 output=""
time=2026-08-10T10:57:00.685Z level=INFO msg="guestfs exec" bin=guestfish args="[--remote=134]" scriptLines=2 script="-mkdir-p /Windows/Drivers/VirtIO\n-upload /usr/share/virtio-win/drivers/by-os/amd64/2k19/qxldod.sys /Windows/Drivers/VirtIO/qxldod.sys"
time=2026-08-10T10:57:00.748Z level=INFO msg="guestfs exec ok" bin=guestfish duration=63ms outputBytes=0 output=""
time=2026-08-10T10:57:00.748Z level=INFO msg="guestfs exec" bin=guestfish args="[--remote=134]" scriptLines=2 script="-mkdir-p /Windows/Drivers/VirtIO\n-upload /usr/share/virtio-win/drivers/by-os/amd64/2k19/viofs.cat /Windows/Drivers/VirtIO/viofs.cat"
time=2026-08-10T10:57:00.811Z level=INFO msg="guestfs exec ok" bin=guestfish duration=63ms outputBytes=0 output=""
time=2026-08-10T10:57:00.811Z level=INFO msg="guestfs exec" bin=guestfish args="[--remote=134]" scriptLines=2 script="-mkdir-p /Windows/Drivers/VirtIO\n-upload /usr/share/virtio-win/drivers/by-os/amd64/2k19/viofs.inf /Windows/Drivers/VirtIO/viofs.inf"
time=2026-08-10T10:57:00.872Z level=INFO msg="guestfs exec ok" bin=guestfish duration=60ms outputBytes=0 output=""
time=2026-08-10T10:57:00.872Z level=INFO msg="guestfs exec" bin=guestfish args="[--remote=134]" scriptLines=2 script="-mkdir-p /Windows/Drivers/VirtIO\n-upload /usr/share/virtio-win/drivers/by-os/amd64/2k19/viofs.sys /Windows/Drivers/VirtIO/viofs.sys"
time=2026-08-10T10:57:00.935Z level=INFO msg="guestfs exec ok" bin=guestfish duration=63ms outputBytes=0 output=""
time=2026-08-10T10:57:00.935Z level=INFO msg="guestfs exec" bin=guestfish args="[--remote=134]" scriptLines=2 script="-mkdir-p /Windows/Drivers/VirtIO\n-upload /usr/share/virtio-win/drivers/by-os/amd64/2k19/viogpudo.cat /Windows/Drivers/VirtIO/viogpudo.cat"
time=2026-08-10T10:57:01.000Z level=INFO msg="guestfs exec ok" bin=guestfish duration=65ms outputBytes=0 output=""
time=2026-08-10T10:57:01.000Z level=INFO msg="guestfs exec" bin=guestfish args="[--remote=134]" scriptLines=2 script="-mkdir-p /Windows/Drivers/VirtIO\n-upload /usr/share/virtio-win/drivers/by-os/amd64/2k19/viogpudo.inf /Windows/Drivers/VirtIO/viogpudo.inf"
time=2026-08-10T10:57:01.053Z level=INFO msg="guestfs exec ok" bin=guestfish duration=53ms outputBytes=0 output=""
time=2026-08-10T10:57:01.053Z level=INFO msg="guestfs exec" bin=guestfish args="[--remote=134]" scriptLines=2 script="-mkdir-p /Windows/Drivers/VirtIO\n-upload /usr/share/virtio-win/drivers/by-os/amd64/2k19/viogpudo.sys /Windows/Drivers/VirtIO/viogpudo.sys"
time=2026-08-10T10:57:01.114Z level=INFO msg="guestfs exec ok" bin=guestfish duration=61ms outputBytes=0 output=""
time=2026-08-10T10:57:01.114Z level=INFO msg="guestfs exec" bin=guestfish args="[--remote=134]" scriptLines=2 script="-mkdir-p /Windows/Drivers/VirtIO\n-upload /usr/share/virtio-win/drivers/by-os/amd64/2k19/viohidkmdf.sys /Windows/Drivers/VirtIO/viohidkmdf.sys"
time=2026-08-10T10:57:01.174Z level=INFO msg="guestfs exec ok" bin=guestfish duration=60ms outputBytes=0 output=""
time=2026-08-10T10:57:01.174Z level=INFO msg="guestfs exec" bin=guestfish args="[--remote=134]" scriptLines=2 script="-mkdir-p /Windows/Drivers/VirtIO\n-upload /usr/share/virtio-win/drivers/by-os/amd64/2k19/vioinput.cat /Windows/Drivers/VirtIO/vioinput.cat"
time=2026-08-10T10:57:01.229Z level=INFO msg="guestfs exec ok" bin=guestfish duration=55ms outputBytes=0 output=""
time=2026-08-10T10:57:01.229Z level=INFO msg="guestfs exec" bin=guestfish args="[--remote=134]" scriptLines=2 script="-mkdir-p /Windows/Drivers/VirtIO\n-upload /usr/share/virtio-win/drivers/by-os/amd64/2k19/vioinput.inf /Windows/Drivers/VirtIO/vioinput.inf"
time=2026-08-10T10:57:01.291Z level=INFO msg="guestfs exec ok" bin=guestfish duration=62ms outputBytes=0 output=""
time=2026-08-10T10:57:01.291Z level=INFO msg="guestfs exec" bin=guestfish args="[--remote=134]" scriptLines=2 script="-mkdir-p /Windows/Drivers/VirtIO\n-upload /usr/share/virtio-win/drivers/by-os/amd64/2k19/vioinput.sys /Windows/Drivers/VirtIO/vioinput.sys"
time=2026-08-10T10:57:01.365Z level=INFO msg="guestfs exec ok" bin=guestfish duration=73ms outputBytes=0 output=""
time=2026-08-10T10:57:01.365Z level=INFO msg="guestfs exec" bin=guestfish args="[--remote=134]" scriptLines=2 script="-mkdir-p /Windows/Drivers/VirtIO\n-upload /usr/share/virtio-win/drivers/by-os/amd64/2k19/viomem.cat /Windows/Drivers/VirtIO/viomem.cat"
time=2026-08-10T10:57:01.431Z level=INFO msg="guestfs exec ok" bin=guestfish duration=66ms outputBytes=0 output=""
time=2026-08-10T10:57:01.431Z level=INFO msg="guestfs exec" bin=guestfish args="[--remote=134]" scriptLines=2 script="-mkdir-p /Windows/Drivers/VirtIO\n-upload /usr/share/virtio-win/drivers/by-os/amd64/2k19/viomem.inf /Windows/Drivers/VirtIO/viomem.inf"
time=2026-08-10T10:57:01.498Z level=INFO msg="guestfs exec ok" bin=guestfish duration=66ms outputBytes=0 output=""
time=2026-08-10T10:57:01.498Z level=INFO msg="guestfs exec" bin=guestfish args="[--remote=134]" scriptLines=2 script="-mkdir-p /Windows/Drivers/VirtIO\n-upload /usr/share/virtio-win/drivers/by-os/amd64/2k19/viomem.sys /Windows/Drivers/VirtIO/viomem.sys"
time=2026-08-10T10:57:01.560Z level=INFO msg="guestfs exec ok" bin=guestfish duration=62ms outputBytes=0 output=""
time=2026-08-10T10:57:01.560Z level=INFO msg="guestfs exec" bin=guestfish args="[--remote=134]" scriptLines=2 script="-mkdir-p /Windows/Drivers/VirtIO\n-upload /usr/share/virtio-win/drivers/by-os/amd64/2k19/vioprot.cat /Windows/Drivers/VirtIO/vioprot.cat"
time=2026-08-10T10:57:01.632Z level=INFO msg="guestfs exec ok" bin=guestfish duration=71ms outputBytes=0 output=""
time=2026-08-10T10:57:01.632Z level=INFO msg="guestfs exec" bin=guestfish args="[--remote=134]" scriptLines=2 script="-mkdir-p /Windows/Drivers/VirtIO\n-upload /usr/share/virtio-win/drivers/by-os/amd64/2k19/vioprot.inf /Windows/Drivers/VirtIO/vioprot.inf"
time=2026-08-10T10:57:01.694Z level=INFO msg="guestfs exec ok" bin=guestfish duration=62ms outputBytes=0 output=""
time=2026-08-10T10:57:01.694Z level=INFO msg="guestfs exec" bin=guestfish args="[--remote=134]" scriptLines=2 script="-mkdir-p /Windows/Drivers/VirtIO\n-upload /usr/share/virtio-win/drivers/by-os/amd64/2k19/viorng.cat /Windows/Drivers/VirtIO/viorng.cat"
time=2026-08-10T10:57:01.747Z level=INFO msg="guestfs exec ok" bin=guestfish duration=53ms outputBytes=0 output=""
time=2026-08-10T10:57:01.747Z level=INFO msg="guestfs exec" bin=guestfish args="[--remote=134]" scriptLines=2 script="-mkdir-p /Windows/Drivers/VirtIO\n-upload /usr/share/virtio-win/drivers/by-os/amd64/2k19/viorng.inf /Windows/Drivers/VirtIO/viorng.inf"
time=2026-08-10T10:57:01.792Z level=INFO msg="guestfs exec ok" bin=guestfish duration=45ms outputBytes=0 output=""
time=2026-08-10T10:57:01.792Z level=INFO msg="guestfs exec" bin=guestfish args="[--remote=134]" scriptLines=2 script="-mkdir-p /Windows/Drivers/VirtIO\n-upload /usr/share/virtio-win/drivers/by-os/amd64/2k19/viorng.sys /Windows/Drivers/VirtIO/viorng.sys"
time=2026-08-10T10:57:01.842Z level=INFO msg="guestfs exec ok" bin=guestfish duration=50ms outputBytes=0 output=""
time=2026-08-10T10:57:01.842Z level=INFO msg="guestfs exec" bin=guestfish args="[--remote=134]" scriptLines=2 script="-mkdir-p /Windows/Drivers/VirtIO\n-upload /usr/share/virtio-win/drivers/by-os/amd64/2k19/vioscsi.cat /Windows/Drivers/VirtIO/vioscsi.cat"
time=2026-08-10T10:57:01.892Z level=INFO msg="guestfs exec ok" bin=guestfish duration=50ms outputBytes=0 output=""
time=2026-08-10T10:57:01.892Z level=INFO msg="guestfs exec" bin=guestfish args="[--remote=134]" scriptLines=2 script="-mkdir-p /Windows/Drivers/VirtIO\n-upload /usr/share/virtio-win/drivers/by-os/amd64/2k19/vioscsi.inf /Windows/Drivers/VirtIO/vioscsi.inf"
time=2026-08-10T10:57:01.947Z level=INFO msg="guestfs exec ok" bin=guestfish duration=55ms outputBytes=0 output=""
time=2026-08-10T10:57:01.947Z level=INFO msg="guestfs exec" bin=guestfish args="[--remote=134]" scriptLines=2 script="-mkdir-p /Windows/Drivers/VirtIO\n-upload /usr/share/virtio-win/drivers/by-os/amd64/2k19/vioscsi.sys /Windows/Drivers/VirtIO/vioscsi.sys"
time=2026-08-10T10:57:02.005Z level=INFO msg="guestfs exec ok" bin=guestfish duration=58ms outputBytes=0 output=""
time=2026-08-10T10:57:02.005Z level=INFO msg="guestfs exec" bin=guestfish args="[--remote=134]" scriptLines=2 script="-mkdir-p /Windows/System32/drivers\n-upload /usr/share/virtio-win/drivers/by-os/amd64/2k19/vioscsi.sys /Windows/System32/drivers/vioscsi.sys"
time=2026-08-10T10:57:02.056Z level=INFO msg="guestfs exec ok" bin=guestfish duration=51ms outputBytes=0 output=""
time=2026-08-10T10:57:02.056Z level=INFO msg="guestfs exec" bin=guestfish args="[--remote=134]" scriptLines=2 script="-mkdir-p /Windows/Drivers/VirtIO\n-upload /usr/share/virtio-win/drivers/by-os/amd64/2k19/vioser.cat /Windows/Drivers/VirtIO/vioser.cat"
time=2026-08-10T10:57:02.109Z level=INFO msg="guestfs exec ok" bin=guestfish duration=53ms outputBytes=0 output=""
time=2026-08-10T10:57:02.109Z level=INFO msg="guestfs exec" bin=guestfish args="[--remote=134]" scriptLines=2 script="-mkdir-p /Windows/Drivers/VirtIO\n-upload /usr/share/virtio-win/drivers/by-os/amd64/2k19/vioser.inf /Windows/Drivers/VirtIO/vioser.inf"
time=2026-08-10T10:57:02.157Z level=INFO msg="guestfs exec ok" bin=guestfish duration=48ms outputBytes=0 output=""
time=2026-08-10T10:57:02.157Z level=INFO msg="guestfs exec" bin=guestfish args="[--remote=134]" scriptLines=2 script="-mkdir-p /Windows/Drivers/VirtIO\n-upload /usr/share/virtio-win/drivers/by-os/amd64/2k19/vioser.sys /Windows/Drivers/VirtIO/vioser.sys"
time=2026-08-10T10:57:02.211Z level=INFO msg="guestfs exec ok" bin=guestfish duration=53ms outputBytes=0 output=""
time=2026-08-10T10:57:02.211Z level=INFO msg="guestfs exec" bin=guestfish args="[--remote=134]" scriptLines=2 script="-mkdir-p /Windows/Drivers/VirtIO\n-upload /usr/share/virtio-win/drivers/by-os/amd64/2k19/viosock.cat /Windows/Drivers/VirtIO/viosock.cat"
time=2026-08-10T10:57:02.269Z level=INFO msg="guestfs exec ok" bin=guestfish duration=58ms outputBytes=0 output=""
time=2026-08-10T10:57:02.269Z level=INFO msg="guestfs exec" bin=guestfish args="[--remote=134]" scriptLines=2 script="-mkdir-p /Windows/Drivers/VirtIO\n-upload /usr/share/virtio-win/drivers/by-os/amd64/2k19/viosock.inf /Windows/Drivers/VirtIO/viosock.inf"
time=2026-08-10T10:57:02.323Z level=INFO msg="guestfs exec ok" bin=guestfish duration=54ms outputBytes=0 output=""
time=2026-08-10T10:57:02.323Z level=INFO msg="guestfs exec" bin=guestfish args="[--remote=134]" scriptLines=2 script="-mkdir-p /Windows/Drivers/VirtIO\n-upload /usr/share/virtio-win/drivers/by-os/amd64/2k19/viosock.sys /Windows/Drivers/VirtIO/viosock.sys"
time=2026-08-10T10:57:02.376Z level=INFO msg="guestfs exec ok" bin=guestfish duration=53ms outputBytes=0 output=""
time=2026-08-10T10:57:02.376Z level=INFO msg="guestfs exec" bin=guestfish args="[--remote=134]" scriptLines=2 script="-mkdir-p /Windows/Drivers/VirtIO\n-upload /usr/share/virtio-win/drivers/by-os/amd64/2k19/viostor.cat /Windows/Drivers/VirtIO/viostor.cat"
time=2026-08-10T10:57:02.431Z level=INFO msg="guestfs exec ok" bin=guestfish duration=55ms outputBytes=0 output=""
time=2026-08-10T10:57:02.431Z level=INFO msg="guestfs exec" bin=guestfish args="[--remote=134]" scriptLines=2 script="-mkdir-p /Windows/Drivers/VirtIO\n-upload /usr/share/virtio-win/drivers/by-os/amd64/2k19/viostor.inf /Windows/Drivers/VirtIO/viostor.inf"
time=2026-08-10T10:57:02.482Z level=INFO msg="guestfs exec ok" bin=guestfish duration=51ms outputBytes=0 output=""
time=2026-08-10T10:57:02.482Z level=INFO msg="guestfs exec" bin=guestfish args="[--remote=134]" scriptLines=2 script="-mkdir-p /Windows/Drivers/VirtIO\n-upload /usr/share/virtio-win/drivers/by-os/amd64/2k19/viostor.sys /Windows/Drivers/VirtIO/viostor.sys"
time=2026-08-10T10:57:02.540Z level=INFO msg="guestfs exec ok" bin=guestfish duration=57ms outputBytes=0 output=""
time=2026-08-10T10:57:02.540Z level=INFO msg="guestfs exec" bin=guestfish args="[--remote=134]" scriptLines=2 script="-mkdir-p /Windows/System32/drivers\n-upload /usr/share/virtio-win/drivers/by-os/amd64/2k19/viostor.sys /Windows/System32/drivers/viostor.sys"
time=2026-08-10T10:57:02.605Z level=INFO msg="guestfs exec ok" bin=guestfish duration=65ms outputBytes=0 output=""
time=2026-08-10T10:57:02.605Z level=INFO msg="copied driver" name=pvpanic
time=2026-08-10T10:57:02.605Z level=INFO msg="guestfs exec" bin=guestfish args="[--remote=134]" scriptLines=2 script="-mkdir-p /Windows/Drivers/VirtIO\n-upload /usr/share/virtio-win/drivers/by-os/amd64/2k19/balloon.cat /Windows/Drivers/VirtIO/balloon.cat"
time=2026-08-10T10:57:02.655Z level=INFO msg="guestfs exec ok" bin=guestfish duration=50ms outputBytes=0 output=""
time=2026-08-10T10:57:02.655Z level=INFO msg="guestfs exec" bin=guestfish args="[--remote=134]" scriptLines=2 script="-mkdir-p /Windows/Drivers/VirtIO\n-upload /usr/share/virtio-win/drivers/by-os/amd64/2k19/balloon.inf /Windows/Drivers/VirtIO/balloon.inf"
time=2026-08-10T10:57:02.714Z level=INFO msg="guestfs exec ok" bin=guestfish duration=59ms outputBytes=0 output=""
time=2026-08-10T10:57:02.714Z level=INFO msg="guestfs exec" bin=guestfish args="[--remote=134]" scriptLines=2 script="-mkdir-p /Windows/Drivers/VirtIO\n-upload /usr/share/virtio-win/drivers/by-os/amd64/2k19/balloon.sys /Windows/Drivers/VirtIO/balloon.sys"
time=2026-08-10T10:57:02.769Z level=INFO msg="guestfs exec ok" bin=guestfish duration=55ms outputBytes=0 output=""
time=2026-08-10T10:57:02.769Z level=INFO msg="guestfs exec" bin=guestfish args="[--remote=134]" scriptLines=2 script="-mkdir-p /Windows/Drivers/VirtIO\n-upload /usr/share/virtio-win/drivers/by-os/amd64/2k19/fwcfg.cat /Windows/Drivers/VirtIO/fwcfg.cat"
time=2026-08-10T10:57:02.826Z level=INFO msg="guestfs exec ok" bin=guestfish duration=56ms outputBytes=0 output=""
time=2026-08-10T10:57:02.826Z level=INFO msg="guestfs exec" bin=guestfish args="[--remote=134]" scriptLines=2 script="-mkdir-p /Windows/Drivers/VirtIO\n-upload /usr/share/virtio-win/drivers/by-os/amd64/2k19/fwcfg.inf /Windows/Drivers/VirtIO/fwcfg.inf"
time=2026-08-10T10:57:02.879Z level=INFO msg="guestfs exec ok" bin=guestfish duration=53ms outputBytes=0 output=""
time=2026-08-10T10:57:02.879Z level=INFO msg="guestfs exec" bin=guestfish args="[--remote=134]" scriptLines=2 script="-mkdir-p /Windows/Drivers/VirtIO\n-upload /usr/share/virtio-win/drivers/by-os/amd64/2k19/fwcfg.sys /Windows/Drivers/VirtIO/fwcfg.sys"
time=2026-08-10T10:57:02.938Z level=INFO msg="guestfs exec ok" bin=guestfish duration=59ms outputBytes=0 output=""
time=2026-08-10T10:57:02.938Z level=INFO msg="guestfs exec" bin=guestfish args="[--remote=134]" scriptLines=2 script="-mkdir-p /Windows/Drivers/VirtIO\n-upload /usr/share/virtio-win/drivers/by-os/amd64/2k19/netkvm.cat /Windows/Drivers/VirtIO/netkvm.cat"
time=2026-08-10T10:57:02.995Z level=INFO msg="guestfs exec ok" bin=guestfish duration=56ms outputBytes=0 output=""
time=2026-08-10T10:57:02.995Z level=INFO msg="guestfs exec" bin=guestfish args="[--remote=134]" scriptLines=2 script="-mkdir-p /Windows/Drivers/VirtIO\n-upload /usr/share/virtio-win/drivers/by-os/amd64/2k19/netkvm.inf /Windows/Drivers/VirtIO/netkvm.inf"
time=2026-08-10T10:57:03.052Z level=INFO msg="guestfs exec ok" bin=guestfish duration=58ms outputBytes=0 output=""
time=2026-08-10T10:57:03.053Z level=INFO msg="guestfs exec" bin=guestfish args="[--remote=134]" scriptLines=2 script="-mkdir-p /Windows/Drivers/VirtIO\n-upload /usr/share/virtio-win/drivers/by-os/amd64/2k19/netkvm.sys /Windows/Drivers/VirtIO/netkvm.sys"
time=2026-08-10T10:57:03.110Z level=INFO msg="guestfs exec ok" bin=guestfish duration=57ms outputBytes=0 output=""
time=2026-08-10T10:57:03.110Z level=INFO msg="guestfs exec" bin=guestfish args="[--remote=134]" scriptLines=2 script="-mkdir-p /Windows/Drivers/VirtIO\n-upload /usr/share/virtio-win/drivers/by-os/amd64/2k19/pvpanic-pci.cat /Windows/Drivers/VirtIO/pvpanic-pci.cat"
time=2026-08-10T10:57:03.162Z level=INFO msg="guestfs exec ok" bin=guestfish duration=52ms outputBytes=0 output=""
time=2026-08-10T10:57:03.162Z level=INFO msg="guestfs exec" bin=guestfish args="[--remote=134]" scriptLines=2 script="-mkdir-p /Windows/Drivers/VirtIO\n-upload /usr/share/virtio-win/drivers/by-os/amd64/2k19/pvpanic-pci.inf /Windows/Drivers/VirtIO/pvpanic-pci.inf"
time=2026-08-10T10:57:03.218Z level=INFO msg="guestfs exec ok" bin=guestfish duration=55ms outputBytes=0 output=""
time=2026-08-10T10:57:03.218Z level=INFO msg="guestfs exec" bin=guestfish args="[--remote=134]" scriptLines=2 script="-mkdir-p /Windows/Drivers/VirtIO\n-upload /usr/share/virtio-win/drivers/by-os/amd64/2k19/pvpanic.cat /Windows/Drivers/VirtIO/pvpanic.cat"
time=2026-08-10T10:57:03.282Z level=INFO msg="guestfs exec ok" bin=guestfish duration=64ms outputBytes=0 output=""
time=2026-08-10T10:57:03.282Z level=INFO msg="guestfs exec" bin=guestfish args="[--remote=134]" scriptLines=2 script="-mkdir-p /Windows/Drivers/VirtIO\n-upload /usr/share/virtio-win/drivers/by-os/amd64/2k19/pvpanic.inf /Windows/Drivers/VirtIO/pvpanic.inf"
time=2026-08-10T10:57:03.344Z level=INFO msg="guestfs exec ok" bin=guestfish duration=63ms outputBytes=0 output=""
time=2026-08-10T10:57:03.344Z level=INFO msg="guestfs exec" bin=guestfish args="[--remote=134]" scriptLines=2 script="-mkdir-p /Windows/Drivers/VirtIO\n-upload /usr/share/virtio-win/drivers/by-os/amd64/2k19/pvpanic.sys /Windows/Drivers/VirtIO/pvpanic.sys"
time=2026-08-10T10:57:03.408Z level=INFO msg="guestfs exec ok" bin=guestfish duration=64ms outputBytes=0 output=""
time=2026-08-10T10:57:03.408Z level=INFO msg="guestfs exec" bin=guestfish args="[--remote=134]" scriptLines=2 script="-mkdir-p /Windows/Drivers/VirtIO\n-upload /usr/share/virtio-win/drivers/by-os/amd64/2k19/qemufwcfg.cat /Windows/Drivers/VirtIO/qemufwcfg.cat"
time=2026-08-10T10:57:03.463Z level=INFO msg="guestfs exec ok" bin=guestfish duration=55ms outputBytes=0 output=""
time=2026-08-10T10:57:03.463Z level=INFO msg="guestfs exec" bin=guestfish args="[--remote=134]" scriptLines=2 script="-mkdir-p /Windows/Drivers/VirtIO\n-upload /usr/share/virtio-win/drivers/by-os/amd64/2k19/qemufwcfg.inf /Windows/Drivers/VirtIO/qemufwcfg.inf"
time=2026-08-10T10:57:03.522Z level=INFO msg="guestfs exec ok" bin=guestfish duration=59ms outputBytes=0 output=""
time=2026-08-10T10:57:03.522Z level=INFO msg="guestfs exec" bin=guestfish args="[--remote=134]" scriptLines=2 script="-mkdir-p /Windows/Drivers/VirtIO\n-upload /usr/share/virtio-win/drivers/by-os/amd64/2k19/qemupciserial.cat /Windows/Drivers/VirtIO/qemupciserial.cat"
time=2026-08-10T10:57:03.576Z level=INFO msg="guestfs exec ok" bin=guestfish duration=53ms outputBytes=0 output=""
time=2026-08-10T10:57:03.576Z level=INFO msg="guestfs exec" bin=guestfish args="[--remote=134]" scriptLines=2 script="-mkdir-p /Windows/Drivers/VirtIO\n-upload /usr/share/virtio-win/drivers/by-os/amd64/2k19/qemupciserial.inf /Windows/Drivers/VirtIO/qemupciserial.inf"
time=2026-08-10T10:57:03.627Z level=INFO msg="guestfs exec ok" bin=guestfish duration=52ms outputBytes=0 output=""
time=2026-08-10T10:57:03.627Z level=INFO msg="guestfs exec" bin=guestfish args="[--remote=134]" scriptLines=2 script="-mkdir-p /Windows/Drivers/VirtIO\n-upload /usr/share/virtio-win/drivers/by-os/amd64/2k19/qxldod.cat /Windows/Drivers/VirtIO/qxldod.cat"
time=2026-08-10T10:57:03.678Z level=INFO msg="guestfs exec ok" bin=guestfish duration=51ms outputBytes=0 output=""
time=2026-08-10T10:57:03.679Z level=INFO msg="guestfs exec" bin=guestfish args="[--remote=134]" scriptLines=2 script="-mkdir-p /Windows/Drivers/VirtIO\n-upload /usr/share/virtio-win/drivers/by-os/amd64/2k19/qxldod.inf /Windows/Drivers/VirtIO/qxldod.inf"
time=2026-08-10T10:57:03.737Z level=INFO msg="guestfs exec ok" bin=guestfish duration=58ms outputBytes=0 output=""
time=2026-08-10T10:57:03.737Z level=INFO msg="guestfs exec" bin=guestfish args="[--remote=134]" scriptLines=2 script="-mkdir-p /Windows/Drivers/VirtIO\n-upload /usr/share/virtio-win/drivers/by-os/amd64/2k19/qxldod.sys /Windows/Drivers/VirtIO/qxldod.sys"
time=2026-08-10T10:57:03.796Z level=INFO msg="guestfs exec ok" bin=guestfish duration=59ms outputBytes=0 output=""
time=2026-08-10T10:57:03.796Z level=INFO msg="guestfs exec" bin=guestfish args="[--remote=134]" scriptLines=2 script="-mkdir-p /Windows/Drivers/VirtIO\n-upload /usr/share/virtio-win/drivers/by-os/amd64/2k19/viofs.cat /Windows/Drivers/VirtIO/viofs.cat"
time=2026-08-10T10:57:03.852Z level=INFO msg="guestfs exec ok" bin=guestfish duration=56ms outputBytes=0 output=""
time=2026-08-10T10:57:03.852Z level=INFO msg="guestfs exec" bin=guestfish args="[--remote=134]" scriptLines=2 script="-mkdir-p /Windows/Drivers/VirtIO\n-upload /usr/share/virtio-win/drivers/by-os/amd64/2k19/viofs.inf /Windows/Drivers/VirtIO/viofs.inf"
time=2026-08-10T10:57:03.900Z level=INFO msg="guestfs exec ok" bin=guestfish duration=49ms outputBytes=0 output=""
time=2026-08-10T10:57:03.901Z level=INFO msg="guestfs exec" bin=guestfish args="[--remote=134]" scriptLines=2 script="-mkdir-p /Windows/Drivers/VirtIO\n-upload /usr/share/virtio-win/drivers/by-os/amd64/2k19/viofs.sys /Windows/Drivers/VirtIO/viofs.sys"
time=2026-08-10T10:57:03.954Z level=INFO msg="guestfs exec ok" bin=guestfish duration=53ms outputBytes=0 output=""
time=2026-08-10T10:57:03.954Z level=INFO msg="guestfs exec" bin=guestfish args="[--remote=134]" scriptLines=2 script="-mkdir-p /Windows/Drivers/VirtIO\n-upload /usr/share/virtio-win/drivers/by-os/amd64/2k19/viogpudo.cat /Windows/Drivers/VirtIO/viogpudo.cat"
time=2026-08-10T10:57:04.003Z level=INFO msg="guestfs exec ok" bin=guestfish duration=49ms outputBytes=0 output=""
time=2026-08-10T10:57:04.003Z level=INFO msg="guestfs exec" bin=guestfish args="[--remote=134]" scriptLines=2 script="-mkdir-p /Windows/Drivers/VirtIO\n-upload /usr/share/virtio-win/drivers/by-os/amd64/2k19/viogpudo.inf /Windows/Drivers/VirtIO/viogpudo.inf"
time=2026-08-10T10:57:04.052Z level=INFO msg="guestfs exec ok" bin=guestfish duration=49ms outputBytes=0 output=""
time=2026-08-10T10:57:04.052Z level=INFO msg="guestfs exec" bin=guestfish args="[--remote=134]" scriptLines=2 script="-mkdir-p /Windows/Drivers/VirtIO\n-upload /usr/share/virtio-win/drivers/by-os/amd64/2k19/viogpudo.sys /Windows/Drivers/VirtIO/viogpudo.sys"
time=2026-08-10T10:57:04.106Z level=INFO msg="guestfs exec ok" bin=guestfish duration=54ms outputBytes=0 output=""
time=2026-08-10T10:57:04.107Z level=INFO msg="guestfs exec" bin=guestfish args="[--remote=134]" scriptLines=2 script="-mkdir-p /Windows/Drivers/VirtIO\n-upload /usr/share/virtio-win/drivers/by-os/amd64/2k19/viohidkmdf.sys /Windows/Drivers/VirtIO/viohidkmdf.sys"
time=2026-08-10T10:57:04.154Z level=INFO msg="guestfs exec ok" bin=guestfish duration=47ms outputBytes=0 output=""
time=2026-08-10T10:57:04.154Z level=INFO msg="guestfs exec" bin=guestfish args="[--remote=134]" scriptLines=2 script="-mkdir-p /Windows/Drivers/VirtIO\n-upload /usr/share/virtio-win/drivers/by-os/amd64/2k19/vioinput.cat /Windows/Drivers/VirtIO/vioinput.cat"
time=2026-08-10T10:57:04.203Z level=INFO msg="guestfs exec ok" bin=guestfish duration=49ms outputBytes=0 output=""
time=2026-08-10T10:57:04.203Z level=INFO msg="guestfs exec" bin=guestfish args="[--remote=134]" scriptLines=2 script="-mkdir-p /Windows/Drivers/VirtIO\n-upload /usr/share/virtio-win/drivers/by-os/amd64/2k19/vioinput.inf /Windows/Drivers/VirtIO/vioinput.inf"
time=2026-08-10T10:57:04.254Z level=INFO msg="guestfs exec ok" bin=guestfish duration=51ms outputBytes=0 output=""
time=2026-08-10T10:57:04.254Z level=INFO msg="guestfs exec" bin=guestfish args="[--remote=134]" scriptLines=2 script="-mkdir-p /Windows/Drivers/VirtIO\n-upload /usr/share/virtio-win/drivers/by-os/amd64/2k19/vioinput.sys /Windows/Drivers/VirtIO/vioinput.sys"
time=2026-08-10T10:57:04.303Z level=INFO msg="guestfs exec ok" bin=guestfish duration=49ms outputBytes=0 output=""
time=2026-08-10T10:57:04.304Z level=INFO msg="guestfs exec" bin=guestfish args="[--remote=134]" scriptLines=2 script="-mkdir-p /Windows/Drivers/VirtIO\n-upload /usr/share/virtio-win/drivers/by-os/amd64/2k19/viomem.cat /Windows/Drivers/VirtIO/viomem.cat"
time=2026-08-10T10:57:04.355Z level=INFO msg="guestfs exec ok" bin=guestfish duration=52ms outputBytes=0 output=""
time=2026-08-10T10:57:04.355Z level=INFO msg="guestfs exec" bin=guestfish args="[--remote=134]" scriptLines=2 script="-mkdir-p /Windows/Drivers/VirtIO\n-upload /usr/share/virtio-win/drivers/by-os/amd64/2k19/viomem.inf /Windows/Drivers/VirtIO/viomem.inf"
time=2026-08-10T10:57:04.411Z level=INFO msg="guestfs exec ok" bin=guestfish duration=56ms outputBytes=0 output=""
time=2026-08-10T10:57:04.412Z level=INFO msg="guestfs exec" bin=guestfish args="[--remote=134]" scriptLines=2 script="-mkdir-p /Windows/Drivers/VirtIO\n-upload /usr/share/virtio-win/drivers/by-os/amd64/2k19/viomem.sys /Windows/Drivers/VirtIO/viomem.sys"
time=2026-08-10T10:57:04.462Z level=INFO msg="guestfs exec ok" bin=guestfish duration=50ms outputBytes=0 output=""
time=2026-08-10T10:57:04.462Z level=INFO msg="guestfs exec" bin=guestfish args="[--remote=134]" scriptLines=2 script="-mkdir-p /Windows/Drivers/VirtIO\n-upload /usr/share/virtio-win/drivers/by-os/amd64/2k19/vioprot.cat /Windows/Drivers/VirtIO/vioprot.cat"
time=2026-08-10T10:57:04.513Z level=INFO msg="guestfs exec ok" bin=guestfish duration=51ms outputBytes=0 output=""
time=2026-08-10T10:57:04.513Z level=INFO msg="guestfs exec" bin=guestfish args="[--remote=134]" scriptLines=2 script="-mkdir-p /Windows/Drivers/VirtIO\n-upload /usr/share/virtio-win/drivers/by-os/amd64/2k19/vioprot.inf /Windows/Drivers/VirtIO/vioprot.inf"
time=2026-08-10T10:57:04.566Z level=INFO msg="guestfs exec ok" bin=guestfish duration=52ms outputBytes=0 output=""
time=2026-08-10T10:57:04.566Z level=INFO msg="guestfs exec" bin=guestfish args="[--remote=134]" scriptLines=2 script="-mkdir-p /Windows/Drivers/VirtIO\n-upload /usr/share/virtio-win/drivers/by-os/amd64/2k19/viorng.cat /Windows/Drivers/VirtIO/viorng.cat"
time=2026-08-10T10:57:04.626Z level=INFO msg="guestfs exec ok" bin=guestfish duration=60ms outputBytes=0 output=""
time=2026-08-10T10:57:04.626Z level=INFO msg="guestfs exec" bin=guestfish args="[--remote=134]" scriptLines=2 script="-mkdir-p /Windows/Drivers/VirtIO\n-upload /usr/share/virtio-win/drivers/by-os/amd64/2k19/viorng.inf /Windows/Drivers/VirtIO/viorng.inf"
time=2026-08-10T10:57:04.683Z level=INFO msg="guestfs exec ok" bin=guestfish duration=57ms outputBytes=0 output=""
time=2026-08-10T10:57:04.683Z level=INFO msg="guestfs exec" bin=guestfish args="[--remote=134]" scriptLines=2 script="-mkdir-p /Windows/Drivers/VirtIO\n-upload /usr/share/virtio-win/drivers/by-os/amd64/2k19/viorng.sys /Windows/Drivers/VirtIO/viorng.sys"
time=2026-08-10T10:57:04.735Z level=INFO msg="guestfs exec ok" bin=guestfish duration=52ms outputBytes=0 output=""
time=2026-08-10T10:57:04.735Z level=INFO msg="guestfs exec" bin=guestfish args="[--remote=134]" scriptLines=2 script="-mkdir-p /Windows/Drivers/VirtIO\n-upload /usr/share/virtio-win/drivers/by-os/amd64/2k19/vioscsi.cat /Windows/Drivers/VirtIO/vioscsi.cat"
time=2026-08-10T10:57:04.790Z level=INFO msg="guestfs exec ok" bin=guestfish duration=54ms outputBytes=0 output=""
time=2026-08-10T10:57:04.792Z level=INFO msg="guestfs exec" bin=guestfish args="[--remote=134]" scriptLines=2 script="-mkdir-p /Windows/Drivers/VirtIO\n-upload /usr/share/virtio-win/drivers/by-os/amd64/2k19/vioscsi.inf /Windows/Drivers/VirtIO/vioscsi.inf"
time=2026-08-10T10:57:04.854Z level=INFO msg="guestfs exec ok" bin=guestfish duration=62ms outputBytes=0 output=""
time=2026-08-10T10:57:04.855Z level=INFO msg="guestfs exec" bin=guestfish args="[--remote=134]" scriptLines=2 script="-mkdir-p /Windows/Drivers/VirtIO\n-upload /usr/share/virtio-win/drivers/by-os/amd64/2k19/vioscsi.sys /Windows/Drivers/VirtIO/vioscsi.sys"
time=2026-08-10T10:57:04.916Z level=INFO msg="guestfs exec ok" bin=guestfish duration=62ms outputBytes=0 output=""
time=2026-08-10T10:57:04.917Z level=INFO msg="guestfs exec" bin=guestfish args="[--remote=134]" scriptLines=2 script="-mkdir-p /Windows/System32/drivers\n-upload /usr/share/virtio-win/drivers/by-os/amd64/2k19/vioscsi.sys /Windows/System32/drivers/vioscsi.sys"
time=2026-08-10T10:57:04.971Z level=INFO msg="guestfs exec ok" bin=guestfish duration=55ms outputBytes=0 output=""
time=2026-08-10T10:57:04.972Z level=INFO msg="guestfs exec" bin=guestfish args="[--remote=134]" scriptLines=2 script="-mkdir-p /Windows/Drivers/VirtIO\n-upload /usr/share/virtio-win/drivers/by-os/amd64/2k19/vioser.cat /Windows/Drivers/VirtIO/vioser.cat"
time=2026-08-10T10:57:05.030Z level=INFO msg="guestfs exec ok" bin=guestfish duration=58ms outputBytes=0 output=""
time=2026-08-10T10:57:05.030Z level=INFO msg="guestfs exec" bin=guestfish args="[--remote=134]" scriptLines=2 script="-mkdir-p /Windows/Drivers/VirtIO\n-upload /usr/share/virtio-win/drivers/by-os/amd64/2k19/vioser.inf /Windows/Drivers/VirtIO/vioser.inf"
time=2026-08-10T10:57:05.089Z level=INFO msg="guestfs exec ok" bin=guestfish duration=59ms outputBytes=0 output=""
time=2026-08-10T10:57:05.089Z level=INFO msg="guestfs exec" bin=guestfish args="[--remote=134]" scriptLines=2 script="-mkdir-p /Windows/Drivers/VirtIO\n-upload /usr/share/virtio-win/drivers/by-os/amd64/2k19/vioser.sys /Windows/Drivers/VirtIO/vioser.sys"
time=2026-08-10T10:57:05.154Z level=INFO msg="guestfs exec ok" bin=guestfish duration=65ms outputBytes=0 output=""
time=2026-08-10T10:57:05.154Z level=INFO msg="guestfs exec" bin=guestfish args="[--remote=134]" scriptLines=2 script="-mkdir-p /Windows/Drivers/VirtIO\n-upload /usr/share/virtio-win/drivers/by-os/amd64/2k19/viosock.cat /Windows/Drivers/VirtIO/viosock.cat"
time=2026-08-10T10:57:05.215Z level=INFO msg="guestfs exec ok" bin=guestfish duration=61ms outputBytes=0 output=""
time=2026-08-10T10:57:05.216Z level=INFO msg="guestfs exec" bin=guestfish args="[--remote=134]" scriptLines=2 script="-mkdir-p /Windows/Drivers/VirtIO\n-upload /usr/share/virtio-win/drivers/by-os/amd64/2k19/viosock.inf /Windows/Drivers/VirtIO/viosock.inf"
time=2026-08-10T10:57:05.273Z level=INFO msg="guestfs exec ok" bin=guestfish duration=57ms outputBytes=0 output=""
time=2026-08-10T10:57:05.273Z level=INFO msg="guestfs exec" bin=guestfish args="[--remote=134]" scriptLines=2 script="-mkdir-p /Windows/Drivers/VirtIO\n-upload /usr/share/virtio-win/drivers/by-os/amd64/2k19/viosock.sys /Windows/Drivers/VirtIO/viosock.sys"
time=2026-08-10T10:57:05.337Z level=INFO msg="guestfs exec ok" bin=guestfish duration=64ms outputBytes=0 output=""
time=2026-08-10T10:57:05.337Z level=INFO msg="guestfs exec" bin=guestfish args="[--remote=134]" scriptLines=2 script="-mkdir-p /Windows/Drivers/VirtIO\n-upload /usr/share/virtio-win/drivers/by-os/amd64/2k19/viostor.cat /Windows/Drivers/VirtIO/viostor.cat"
time=2026-08-10T10:57:05.396Z level=INFO msg="guestfs exec ok" bin=guestfish duration=59ms outputBytes=0 output=""
time=2026-08-10T10:57:05.396Z level=INFO msg="guestfs exec" bin=guestfish args="[--remote=134]" scriptLines=2 script="-mkdir-p /Windows/Drivers/VirtIO\n-upload /usr/share/virtio-win/drivers/by-os/amd64/2k19/viostor.inf /Windows/Drivers/VirtIO/viostor.inf"
time=2026-08-10T10:57:05.452Z level=INFO msg="guestfs exec ok" bin=guestfish duration=55ms outputBytes=0 output=""
time=2026-08-10T10:57:05.452Z level=INFO msg="guestfs exec" bin=guestfish args="[--remote=134]" scriptLines=2 script="-mkdir-p /Windows/Drivers/VirtIO\n-upload /usr/share/virtio-win/drivers/by-os/amd64/2k19/viostor.sys /Windows/Drivers/VirtIO/viostor.sys"
time=2026-08-10T10:57:05.510Z level=INFO msg="guestfs exec ok" bin=guestfish duration=58ms outputBytes=0 output=""
time=2026-08-10T10:57:05.510Z level=INFO msg="guestfs exec" bin=guestfish args="[--remote=134]" scriptLines=2 script="-mkdir-p /Windows/System32/drivers\n-upload /usr/share/virtio-win/drivers/by-os/amd64/2k19/viostor.sys /Windows/System32/drivers/viostor.sys"
time=2026-08-10T10:57:05.578Z level=INFO msg="guestfs exec ok" bin=guestfish duration=68ms outputBytes=0 output=""
time=2026-08-10T10:57:05.578Z level=INFO msg="copied driver" name=qemufwcfg
time=2026-08-10T10:57:05.578Z level=INFO msg="guestfs exec" bin=guestfish args="[--remote=134]" scriptLines=2 script="-mkdir-p /Windows/Drivers/VirtIO\n-upload /usr/share/virtio-win/drivers/by-os/amd64/2k19/balloon.cat /Windows/Drivers/VirtIO/balloon.cat"
time=2026-08-10T10:57:05.638Z level=INFO msg="guestfs exec ok" bin=guestfish duration=60ms outputBytes=0 output=""
time=2026-08-10T10:57:05.638Z level=INFO msg="guestfs exec" bin=guestfish args="[--remote=134]" scriptLines=2 script="-mkdir-p /Windows/Drivers/VirtIO\n-upload /usr/share/virtio-win/drivers/by-os/amd64/2k19/balloon.inf /Windows/Drivers/VirtIO/balloon.inf"
time=2026-08-10T10:57:05.692Z level=INFO msg="guestfs exec ok" bin=guestfish duration=53ms outputBytes=0 output=""
time=2026-08-10T10:57:05.692Z level=INFO msg="guestfs exec" bin=guestfish args="[--remote=134]" scriptLines=2 script="-mkdir-p /Windows/Drivers/VirtIO\n-upload /usr/share/virtio-win/drivers/by-os/amd64/2k19/balloon.sys /Windows/Drivers/VirtIO/balloon.sys"
time=2026-08-10T10:57:05.749Z level=INFO msg="guestfs exec ok" bin=guestfish duration=57ms outputBytes=0 output=""
time=2026-08-10T10:57:05.749Z level=INFO msg="guestfs exec" bin=guestfish args="[--remote=134]" scriptLines=2 script="-mkdir-p /Windows/Drivers/VirtIO\n-upload /usr/share/virtio-win/drivers/by-os/amd64/2k19/fwcfg.cat /Windows/Drivers/VirtIO/fwcfg.cat"
time=2026-08-10T10:57:05.812Z level=INFO msg="guestfs exec ok" bin=guestfish duration=63ms outputBytes=0 output=""
time=2026-08-10T10:57:05.812Z level=INFO msg="guestfs exec" bin=guestfish args="[--remote=134]" scriptLines=2 script="-mkdir-p /Windows/Drivers/VirtIO\n-upload /usr/share/virtio-win/drivers/by-os/amd64/2k19/fwcfg.inf /Windows/Drivers/VirtIO/fwcfg.inf"
time=2026-08-10T10:57:05.879Z level=INFO msg="guestfs exec ok" bin=guestfish duration=66ms outputBytes=0 output=""
time=2026-08-10T10:57:05.879Z level=INFO msg="guestfs exec" bin=guestfish args="[--remote=134]" scriptLines=2 script="-mkdir-p /Windows/Drivers/VirtIO\n-upload /usr/share/virtio-win/drivers/by-os/amd64/2k19/fwcfg.sys /Windows/Drivers/VirtIO/fwcfg.sys"
time=2026-08-10T10:57:05.940Z level=INFO msg="guestfs exec ok" bin=guestfish duration=60ms outputBytes=0 output=""
time=2026-08-10T10:57:05.940Z level=INFO msg="guestfs exec" bin=guestfish args="[--remote=134]" scriptLines=2 script="-mkdir-p /Windows/Drivers/VirtIO\n-upload /usr/share/virtio-win/drivers/by-os/amd64/2k19/netkvm.cat /Windows/Drivers/VirtIO/netkvm.cat"
time=2026-08-10T10:57:05.996Z level=INFO msg="guestfs exec ok" bin=guestfish duration=56ms outputBytes=0 output=""
time=2026-08-10T10:57:05.996Z level=INFO msg="guestfs exec" bin=guestfish args="[--remote=134]" scriptLines=2 script="-mkdir-p /Windows/Drivers/VirtIO\n-upload /usr/share/virtio-win/drivers/by-os/amd64/2k19/netkvm.inf /Windows/Drivers/VirtIO/netkvm.inf"
time=2026-08-10T10:57:06.055Z level=INFO msg="guestfs exec ok" bin=guestfish duration=59ms outputBytes=0 output=""
time=2026-08-10T10:57:06.056Z level=INFO msg="guestfs exec" bin=guestfish args="[--remote=134]" scriptLines=2 script="-mkdir-p /Windows/Drivers/VirtIO\n-upload /usr/share/virtio-win/drivers/by-os/amd64/2k19/netkvm.sys /Windows/Drivers/VirtIO/netkvm.sys"
time=2026-08-10T10:57:06.115Z level=INFO msg="guestfs exec ok" bin=guestfish duration=60ms outputBytes=0 output=""
time=2026-08-10T10:57:06.115Z level=INFO msg="guestfs exec" bin=guestfish args="[--remote=134]" scriptLines=2 script="-mkdir-p /Windows/Drivers/VirtIO\n-upload /usr/share/virtio-win/drivers/by-os/amd64/2k19/pvpanic-pci.cat /Windows/Drivers/VirtIO/pvpanic-pci.cat"
time=2026-08-10T10:57:06.177Z level=INFO msg="guestfs exec ok" bin=guestfish duration=62ms outputBytes=0 output=""
time=2026-08-10T10:57:06.177Z level=INFO msg="guestfs exec" bin=guestfish args="[--remote=134]" scriptLines=2 script="-mkdir-p /Windows/Drivers/VirtIO\n-upload /usr/share/virtio-win/drivers/by-os/amd64/2k19/pvpanic-pci.inf /Windows/Drivers/VirtIO/pvpanic-pci.inf"
time=2026-08-10T10:57:06.251Z level=INFO msg="guestfs exec ok" bin=guestfish duration=74ms outputBytes=0 output=""
time=2026-08-10T10:57:06.251Z level=INFO msg="guestfs exec" bin=guestfish args="[--remote=134]" scriptLines=2 script="-mkdir-p /Windows/Drivers/VirtIO\n-upload /usr/share/virtio-win/drivers/by-os/amd64/2k19/pvpanic.cat /Windows/Drivers/VirtIO/pvpanic.cat"
time=2026-08-10T10:57:06.312Z level=INFO msg="guestfs exec ok" bin=guestfish duration=60ms outputBytes=0 output=""
time=2026-08-10T10:57:06.312Z level=INFO msg="guestfs exec" bin=guestfish args="[--remote=134]" scriptLines=2 script="-mkdir-p /Windows/Drivers/VirtIO\n-upload /usr/share/virtio-win/drivers/by-os/amd64/2k19/pvpanic.inf /Windows/Drivers/VirtIO/pvpanic.inf"
time=2026-08-10T10:57:06.372Z level=INFO msg="guestfs exec ok" bin=guestfish duration=60ms outputBytes=0 output=""
time=2026-08-10T10:57:06.372Z level=INFO msg="guestfs exec" bin=guestfish args="[--remote=134]" scriptLines=2 script="-mkdir-p /Windows/Drivers/VirtIO\n-upload /usr/share/virtio-win/drivers/by-os/amd64/2k19/pvpanic.sys /Windows/Drivers/VirtIO/pvpanic.sys"
time=2026-08-10T10:57:06.436Z level=INFO msg="guestfs exec ok" bin=guestfish duration=64ms outputBytes=0 output=""
time=2026-08-10T10:57:06.437Z level=INFO msg="guestfs exec" bin=guestfish args="[--remote=134]" scriptLines=2 script="-mkdir-p /Windows/Drivers/VirtIO\n-upload /usr/share/virtio-win/drivers/by-os/amd64/2k19/qemufwcfg.cat /Windows/Drivers/VirtIO/qemufwcfg.cat"
time=2026-08-10T10:57:06.495Z level=INFO msg="guestfs exec ok" bin=guestfish duration=58ms outputBytes=0 output=""
time=2026-08-10T10:57:06.495Z level=INFO msg="guestfs exec" bin=guestfish args="[--remote=134]" scriptLines=2 script="-mkdir-p /Windows/Drivers/VirtIO\n-upload /usr/share/virtio-win/drivers/by-os/amd64/2k19/qemufwcfg.inf /Windows/Drivers/VirtIO/qemufwcfg.inf"
time=2026-08-10T10:57:06.558Z level=INFO msg="guestfs exec ok" bin=guestfish duration=63ms outputBytes=0 output=""
time=2026-08-10T10:57:06.558Z level=INFO msg="guestfs exec" bin=guestfish args="[--remote=134]" scriptLines=2 script="-mkdir-p /Windows/Drivers/VirtIO\n-upload /usr/share/virtio-win/drivers/by-os/amd64/2k19/qemupciserial.cat /Windows/Drivers/VirtIO/qemupciserial.cat"
time=2026-08-10T10:57:06.627Z level=INFO msg="guestfs exec ok" bin=guestfish duration=69ms outputBytes=0 output=""
time=2026-08-10T10:57:06.628Z level=INFO msg="guestfs exec" bin=guestfish args="[--remote=134]" scriptLines=2 script="-mkdir-p /Windows/Drivers/VirtIO\n-upload /usr/share/virtio-win/drivers/by-os/amd64/2k19/qemupciserial.inf /Windows/Drivers/VirtIO/qemupciserial.inf"
time=2026-08-10T10:57:06.690Z level=INFO msg="guestfs exec ok" bin=guestfish duration=63ms outputBytes=0 output=""
time=2026-08-10T10:57:06.690Z level=INFO msg="guestfs exec" bin=guestfish args="[--remote=134]" scriptLines=2 script="-mkdir-p /Windows/Drivers/VirtIO\n-upload /usr/share/virtio-win/drivers/by-os/amd64/2k19/qxldod.cat /Windows/Drivers/VirtIO/qxldod.cat"
time=2026-08-10T10:57:06.746Z level=INFO msg="guestfs exec ok" bin=guestfish duration=55ms outputBytes=0 output=""
time=2026-08-10T10:57:06.746Z level=INFO msg="guestfs exec" bin=guestfish args="[--remote=134]" scriptLines=2 script="-mkdir-p /Windows/Drivers/VirtIO\n-upload /usr/share/virtio-win/drivers/by-os/amd64/2k19/qxldod.inf /Windows/Drivers/VirtIO/qxldod.inf"
time=2026-08-10T10:57:06.800Z level=INFO msg="guestfs exec ok" bin=guestfish duration=54ms outputBytes=0 output=""
time=2026-08-10T10:57:06.800Z level=INFO msg="guestfs exec" bin=guestfish args="[--remote=134]" scriptLines=2 script="-mkdir-p /Windows/Drivers/VirtIO\n-upload /usr/share/virtio-win/drivers/by-os/amd64/2k19/qxldod.sys /Windows/Drivers/VirtIO/qxldod.sys"
time=2026-08-10T10:57:06.853Z level=INFO msg="guestfs exec ok" bin=guestfish duration=53ms outputBytes=0 output=""
time=2026-08-10T10:57:06.853Z level=INFO msg="guestfs exec" bin=guestfish args="[--remote=134]" scriptLines=2 script="-mkdir-p /Windows/Drivers/VirtIO\n-upload /usr/share/virtio-win/drivers/by-os/amd64/2k19/viofs.cat /Windows/Drivers/VirtIO/viofs.cat"
time=2026-08-10T10:57:06.912Z level=INFO msg="guestfs exec ok" bin=guestfish duration=58ms outputBytes=0 output=""
time=2026-08-10T10:57:06.912Z level=INFO msg="guestfs exec" bin=guestfish args="[--remote=134]" scriptLines=2 script="-mkdir-p /Windows/Drivers/VirtIO\n-upload /usr/share/virtio-win/drivers/by-os/amd64/2k19/viofs.inf /Windows/Drivers/VirtIO/viofs.inf"
time=2026-08-10T10:57:06.973Z level=INFO msg="guestfs exec ok" bin=guestfish duration=61ms outputBytes=0 output=""
time=2026-08-10T10:57:06.973Z level=INFO msg="guestfs exec" bin=guestfish args="[--remote=134]" scriptLines=2 script="-mkdir-p /Windows/Drivers/VirtIO\n-upload /usr/share/virtio-win/drivers/by-os/amd64/2k19/viofs.sys /Windows/Drivers/VirtIO/viofs.sys"
time=2026-08-10T10:57:07.037Z level=INFO msg="guestfs exec ok" bin=guestfish duration=64ms outputBytes=0 output=""
time=2026-08-10T10:57:07.037Z level=INFO msg="guestfs exec" bin=guestfish args="[--remote=134]" scriptLines=2 script="-mkdir-p /Windows/Drivers/VirtIO\n-upload /usr/share/virtio-win/drivers/by-os/amd64/2k19/viogpudo.cat /Windows/Drivers/VirtIO/viogpudo.cat"
time=2026-08-10T10:57:07.098Z level=INFO msg="guestfs exec ok" bin=guestfish duration=61ms outputBytes=0 output=""
time=2026-08-10T10:57:07.098Z level=INFO msg="guestfs exec" bin=guestfish args="[--remote=134]" scriptLines=2 script="-mkdir-p /Windows/Drivers/VirtIO\n-upload /usr/share/virtio-win/drivers/by-os/amd64/2k19/viogpudo.inf /Windows/Drivers/VirtIO/viogpudo.inf"
time=2026-08-10T10:57:07.161Z level=INFO msg="guestfs exec ok" bin=guestfish duration=62ms outputBytes=0 output=""
time=2026-08-10T10:57:07.161Z level=INFO msg="guestfs exec" bin=guestfish args="[--remote=134]" scriptLines=2 script="-mkdir-p /Windows/Drivers/VirtIO\n-upload /usr/share/virtio-win/drivers/by-os/amd64/2k19/viogpudo.sys /Windows/Drivers/VirtIO/viogpudo.sys"
time=2026-08-10T10:57:07.225Z level=INFO msg="guestfs exec ok" bin=guestfish duration=64ms outputBytes=0 output=""
time=2026-08-10T10:57:07.225Z level=INFO msg="guestfs exec" bin=guestfish args="[--remote=134]" scriptLines=2 script="-mkdir-p /Windows/Drivers/VirtIO\n-upload /usr/share/virtio-win/drivers/by-os/amd64/2k19/viohidkmdf.sys /Windows/Drivers/VirtIO/viohidkmdf.sys"
time=2026-08-10T10:57:07.284Z level=INFO msg="guestfs exec ok" bin=guestfish duration=58ms outputBytes=0 output=""
time=2026-08-10T10:57:07.284Z level=INFO msg="guestfs exec" bin=guestfish args="[--remote=134]" scriptLines=2 script="-mkdir-p /Windows/Drivers/VirtIO\n-upload /usr/share/virtio-win/drivers/by-os/amd64/2k19/vioinput.cat /Windows/Drivers/VirtIO/vioinput.cat"
time=2026-08-10T10:57:07.342Z level=INFO msg="guestfs exec ok" bin=guestfish duration=58ms outputBytes=0 output=""
time=2026-08-10T10:57:07.342Z level=INFO msg="guestfs exec" bin=guestfish args="[--remote=134]" scriptLines=2 script="-mkdir-p /Windows/Drivers/VirtIO\n-upload /usr/share/virtio-win/drivers/by-os/amd64/2k19/vioinput.inf /Windows/Drivers/VirtIO/vioinput.inf"
time=2026-08-10T10:57:07.402Z level=INFO msg="guestfs exec ok" bin=guestfish duration=60ms outputBytes=0 output=""
time=2026-08-10T10:57:07.402Z level=INFO msg="guestfs exec" bin=guestfish args="[--remote=134]" scriptLines=2 script="-mkdir-p /Windows/Drivers/VirtIO\n-upload /usr/share/virtio-win/drivers/by-os/amd64/2k19/vioinput.sys /Windows/Drivers/VirtIO/vioinput.sys"
time=2026-08-10T10:57:07.457Z level=INFO msg="guestfs exec ok" bin=guestfish duration=54ms outputBytes=0 output=""
time=2026-08-10T10:57:07.457Z level=INFO msg="guestfs exec" bin=guestfish args="[--remote=134]" scriptLines=2 script="-mkdir-p /Windows/Drivers/VirtIO\n-upload /usr/share/virtio-win/drivers/by-os/amd64/2k19/viomem.cat /Windows/Drivers/VirtIO/viomem.cat"
time=2026-08-10T10:57:07.515Z level=INFO msg="guestfs exec ok" bin=guestfish duration=58ms outputBytes=0 output=""
time=2026-08-10T10:57:07.515Z level=INFO msg="guestfs exec" bin=guestfish args="[--remote=134]" scriptLines=2 script="-mkdir-p /Windows/Drivers/VirtIO\n-upload /usr/share/virtio-win/drivers/by-os/amd64/2k19/viomem.inf /Windows/Drivers/VirtIO/viomem.inf"
time=2026-08-10T10:57:07.578Z level=INFO msg="guestfs exec ok" bin=guestfish duration=64ms outputBytes=0 output=""
time=2026-08-10T10:57:07.579Z level=INFO msg="guestfs exec" bin=guestfish args="[--remote=134]" scriptLines=2 script="-mkdir-p /Windows/Drivers/VirtIO\n-upload /usr/share/virtio-win/drivers/by-os/amd64/2k19/viomem.sys /Windows/Drivers/VirtIO/viomem.sys"
time=2026-08-10T10:57:07.643Z level=INFO msg="guestfs exec ok" bin=guestfish duration=64ms outputBytes=0 output=""
time=2026-08-10T10:57:07.643Z level=INFO msg="guestfs exec" bin=guestfish args="[--remote=134]" scriptLines=2 script="-mkdir-p /Windows/Drivers/VirtIO\n-upload /usr/share/virtio-win/drivers/by-os/amd64/2k19/vioprot.cat /Windows/Drivers/VirtIO/vioprot.cat"
time=2026-08-10T10:57:07.700Z level=INFO msg="guestfs exec ok" bin=guestfish duration=56ms outputBytes=0 output=""
time=2026-08-10T10:57:07.700Z level=INFO msg="guestfs exec" bin=guestfish args="[--remote=134]" scriptLines=2 script="-mkdir-p /Windows/Drivers/VirtIO\n-upload /usr/share/virtio-win/drivers/by-os/amd64/2k19/vioprot.inf /Windows/Drivers/VirtIO/vioprot.inf"
time=2026-08-10T10:57:07.761Z level=INFO msg="guestfs exec ok" bin=guestfish duration=61ms outputBytes=0 output=""
time=2026-08-10T10:57:07.761Z level=INFO msg="guestfs exec" bin=guestfish args="[--remote=134]" scriptLines=2 script="-mkdir-p /Windows/Drivers/VirtIO\n-upload /usr/share/virtio-win/drivers/by-os/amd64/2k19/viorng.cat /Windows/Drivers/VirtIO/viorng.cat"
time=2026-08-10T10:57:07.817Z level=INFO msg="guestfs exec ok" bin=guestfish duration=56ms outputBytes=0 output=""
time=2026-08-10T10:57:07.817Z level=INFO msg="guestfs exec" bin=guestfish args="[--remote=134]" scriptLines=2 script="-mkdir-p /Windows/Drivers/VirtIO\n-upload /usr/share/virtio-win/drivers/by-os/amd64/2k19/viorng.inf /Windows/Drivers/VirtIO/viorng.inf"
time=2026-08-10T10:57:07.868Z level=INFO msg="guestfs exec ok" bin=guestfish duration=52ms outputBytes=0 output=""
time=2026-08-10T10:57:07.869Z level=INFO msg="guestfs exec" bin=guestfish args="[--remote=134]" scriptLines=2 script="-mkdir-p /Windows/Drivers/VirtIO\n-upload /usr/share/virtio-win/drivers/by-os/amd64/2k19/viorng.sys /Windows/Drivers/VirtIO/viorng.sys"
time=2026-08-10T10:57:07.929Z level=INFO msg="guestfs exec ok" bin=guestfish duration=60ms outputBytes=0 output=""
time=2026-08-10T10:57:07.929Z level=INFO msg="guestfs exec" bin=guestfish args="[--remote=134]" scriptLines=2 script="-mkdir-p /Windows/Drivers/VirtIO\n-upload /usr/share/virtio-win/drivers/by-os/amd64/2k19/vioscsi.cat /Windows/Drivers/VirtIO/vioscsi.cat"
time=2026-08-10T10:57:07.989Z level=INFO msg="guestfs exec ok" bin=guestfish duration=60ms outputBytes=0 output=""
time=2026-08-10T10:57:07.989Z level=INFO msg="guestfs exec" bin=guestfish args="[--remote=134]" scriptLines=2 script="-mkdir-p /Windows/Drivers/VirtIO\n-upload /usr/share/virtio-win/drivers/by-os/amd64/2k19/vioscsi.inf /Windows/Drivers/VirtIO/vioscsi.inf"
time=2026-08-10T10:57:08.051Z level=INFO msg="guestfs exec ok" bin=guestfish duration=61ms outputBytes=0 output=""
time=2026-08-10T10:57:08.051Z level=INFO msg="guestfs exec" bin=guestfish args="[--remote=134]" scriptLines=2 script="-mkdir-p /Windows/Drivers/VirtIO\n-upload /usr/share/virtio-win/drivers/by-os/amd64/2k19/vioscsi.sys /Windows/Drivers/VirtIO/vioscsi.sys"
time=2026-08-10T10:57:08.114Z level=INFO msg="guestfs exec ok" bin=guestfish duration=63ms outputBytes=0 output=""
time=2026-08-10T10:57:08.114Z level=INFO msg="guestfs exec" bin=guestfish args="[--remote=134]" scriptLines=2 script="-mkdir-p /Windows/System32/drivers\n-upload /usr/share/virtio-win/drivers/by-os/amd64/2k19/vioscsi.sys /Windows/System32/drivers/vioscsi.sys"
time=2026-08-10T10:57:08.174Z level=INFO msg="guestfs exec ok" bin=guestfish duration=60ms outputBytes=0 output=""
time=2026-08-10T10:57:08.174Z level=INFO msg="guestfs exec" bin=guestfish args="[--remote=134]" scriptLines=2 script="-mkdir-p /Windows/Drivers/VirtIO\n-upload /usr/share/virtio-win/drivers/by-os/amd64/2k19/vioser.cat /Windows/Drivers/VirtIO/vioser.cat"
time=2026-08-10T10:57:08.234Z level=INFO msg="guestfs exec ok" bin=guestfish duration=60ms outputBytes=0 output=""
time=2026-08-10T10:57:08.234Z level=INFO msg="guestfs exec" bin=guestfish args="[--remote=134]" scriptLines=2 script="-mkdir-p /Windows/Drivers/VirtIO\n-upload /usr/share/virtio-win/drivers/by-os/amd64/2k19/vioser.inf /Windows/Drivers/VirtIO/vioser.inf"
time=2026-08-10T10:57:08.301Z level=INFO msg="guestfs exec ok" bin=guestfish duration=67ms outputBytes=0 output=""
time=2026-08-10T10:57:08.301Z level=INFO msg="guestfs exec" bin=guestfish args="[--remote=134]" scriptLines=2 script="-mkdir-p /Windows/Drivers/VirtIO\n-upload /usr/share/virtio-win/drivers/by-os/amd64/2k19/vioser.sys /Windows/Drivers/VirtIO/vioser.sys"
time=2026-08-10T10:57:08.367Z level=INFO msg="guestfs exec ok" bin=guestfish duration=65ms outputBytes=0 output=""
time=2026-08-10T10:57:08.367Z level=INFO msg="guestfs exec" bin=guestfish args="[--remote=134]" scriptLines=2 script="-mkdir-p /Windows/Drivers/VirtIO\n-upload /usr/share/virtio-win/drivers/by-os/amd64/2k19/viosock.cat /Windows/Drivers/VirtIO/viosock.cat"
time=2026-08-10T10:57:08.442Z level=INFO msg="guestfs exec ok" bin=guestfish duration=75ms outputBytes=0 output=""
time=2026-08-10T10:57:08.442Z level=INFO msg="guestfs exec" bin=guestfish args="[--remote=134]" scriptLines=2 script="-mkdir-p /Windows/Drivers/VirtIO\n-upload /usr/share/virtio-win/drivers/by-os/amd64/2k19/viosock.inf /Windows/Drivers/VirtIO/viosock.inf"
time=2026-08-10T10:57:08.510Z level=INFO msg="guestfs exec ok" bin=guestfish duration=68ms outputBytes=0 output=""
time=2026-08-10T10:57:08.510Z level=INFO msg="guestfs exec" bin=guestfish args="[--remote=134]" scriptLines=2 script="-mkdir-p /Windows/Drivers/VirtIO\n-upload /usr/share/virtio-win/drivers/by-os/amd64/2k19/viosock.sys /Windows/Drivers/VirtIO/viosock.sys"
time=2026-08-10T10:57:08.579Z level=INFO msg="guestfs exec ok" bin=guestfish duration=69ms outputBytes=0 output=""
time=2026-08-10T10:57:08.582Z level=INFO msg="guestfs exec" bin=guestfish args="[--remote=134]" scriptLines=2 script="-mkdir-p /Windows/Drivers/VirtIO\n-upload /usr/share/virtio-win/drivers/by-os/amd64/2k19/viostor.cat /Windows/Drivers/VirtIO/viostor.cat"
time=2026-08-10T10:57:08.640Z level=INFO msg="guestfs exec ok" bin=guestfish duration=57ms outputBytes=0 output=""
time=2026-08-10T10:57:08.640Z level=INFO msg="guestfs exec" bin=guestfish args="[--remote=134]" scriptLines=2 script="-mkdir-p /Windows/Drivers/VirtIO\n-upload /usr/share/virtio-win/drivers/by-os/amd64/2k19/viostor.inf /Windows/Drivers/VirtIO/viostor.inf"
time=2026-08-10T10:57:08.698Z level=INFO msg="guestfs exec ok" bin=guestfish duration=58ms outputBytes=0 output=""
time=2026-08-10T10:57:08.699Z level=INFO msg="guestfs exec" bin=guestfish args="[--remote=134]" scriptLines=2 script="-mkdir-p /Windows/Drivers/VirtIO\n-upload /usr/share/virtio-win/drivers/by-os/amd64/2k19/viostor.sys /Windows/Drivers/VirtIO/viostor.sys"
time=2026-08-10T10:57:08.761Z level=INFO msg="guestfs exec ok" bin=guestfish duration=62ms outputBytes=0 output=""
time=2026-08-10T10:57:08.761Z level=INFO msg="guestfs exec" bin=guestfish args="[--remote=134]" scriptLines=2 script="-mkdir-p /Windows/System32/drivers\n-upload /usr/share/virtio-win/drivers/by-os/amd64/2k19/viostor.sys /Windows/System32/drivers/viostor.sys"
time=2026-08-10T10:57:08.820Z level=INFO msg="guestfs exec ok" bin=guestfish duration=59ms outputBytes=0 output=""
time=2026-08-10T10:57:08.820Z level=INFO msg="copied driver" name=qemupciserial
time=2026-08-10T10:57:08.821Z level=INFO msg="guestfs exec" bin=guestfish args="[--remote=134]" scriptLines=2 script="-mkdir-p /Windows/Drivers/VirtIO\n-upload /usr/share/virtio-win/drivers/by-os/amd64/2k19/balloon.cat /Windows/Drivers/VirtIO/balloon.cat"
time=2026-08-10T10:57:08.879Z level=INFO msg="guestfs exec ok" bin=guestfish duration=58ms outputBytes=0 output=""
time=2026-08-10T10:57:08.879Z level=INFO msg="guestfs exec" bin=guestfish args="[--remote=134]" scriptLines=2 script="-mkdir-p /Windows/Drivers/VirtIO\n-upload /usr/share/virtio-win/drivers/by-os/amd64/2k19/balloon.inf /Windows/Drivers/VirtIO/balloon.inf"
time=2026-08-10T10:57:08.942Z level=INFO msg="guestfs exec ok" bin=guestfish duration=63ms outputBytes=0 output=""
time=2026-08-10T10:57:08.942Z level=INFO msg="guestfs exec" bin=guestfish args="[--remote=134]" scriptLines=2 script="-mkdir-p /Windows/Drivers/VirtIO\n-upload /usr/share/virtio-win/drivers/by-os/amd64/2k19/balloon.sys /Windows/Drivers/VirtIO/balloon.sys"
time=2026-08-10T10:57:09.009Z level=INFO msg="guestfs exec ok" bin=guestfish duration=66ms outputBytes=0 output=""
time=2026-08-10T10:57:09.009Z level=INFO msg="guestfs exec" bin=guestfish args="[--remote=134]" scriptLines=2 script="-mkdir-p /Windows/Drivers/VirtIO\n-upload /usr/share/virtio-win/drivers/by-os/amd64/2k19/fwcfg.cat /Windows/Drivers/VirtIO/fwcfg.cat"
time=2026-08-10T10:57:09.076Z level=INFO msg="guestfs exec ok" bin=guestfish duration=68ms outputBytes=0 output=""
time=2026-08-10T10:57:09.077Z level=INFO msg="guestfs exec" bin=guestfish args="[--remote=134]" scriptLines=2 script="-mkdir-p /Windows/Drivers/VirtIO\n-upload /usr/share/virtio-win/drivers/by-os/amd64/2k19/fwcfg.inf /Windows/Drivers/VirtIO/fwcfg.inf"
time=2026-08-10T10:57:09.142Z level=INFO msg="guestfs exec ok" bin=guestfish duration=65ms outputBytes=0 output=""
time=2026-08-10T10:57:09.142Z level=INFO msg="guestfs exec" bin=guestfish args="[--remote=134]" scriptLines=2 script="-mkdir-p /Windows/Drivers/VirtIO\n-upload /usr/share/virtio-win/drivers/by-os/amd64/2k19/fwcfg.sys /Windows/Drivers/VirtIO/fwcfg.sys"
time=2026-08-10T10:57:09.208Z level=INFO msg="guestfs exec ok" bin=guestfish duration=66ms outputBytes=0 output=""
time=2026-08-10T10:57:09.208Z level=INFO msg="guestfs exec" bin=guestfish args="[--remote=134]" scriptLines=2 script="-mkdir-p /Windows/Drivers/VirtIO\n-upload /usr/share/virtio-win/drivers/by-os/amd64/2k19/netkvm.cat /Windows/Drivers/VirtIO/netkvm.cat"
time=2026-08-10T10:57:09.278Z level=INFO msg="guestfs exec ok" bin=guestfish duration=70ms outputBytes=0 output=""
time=2026-08-10T10:57:09.278Z level=INFO msg="guestfs exec" bin=guestfish args="[--remote=134]" scriptLines=2 script="-mkdir-p /Windows/Drivers/VirtIO\n-upload /usr/share/virtio-win/drivers/by-os/amd64/2k19/netkvm.inf /Windows/Drivers/VirtIO/netkvm.inf"
time=2026-08-10T10:57:09.337Z level=INFO msg="guestfs exec ok" bin=guestfish duration=58ms outputBytes=0 output=""
time=2026-08-10T10:57:09.337Z level=INFO msg="guestfs exec" bin=guestfish args="[--remote=134]" scriptLines=2 script="-mkdir-p /Windows/Drivers/VirtIO\n-upload /usr/share/virtio-win/drivers/by-os/amd64/2k19/netkvm.sys /Windows/Drivers/VirtIO/netkvm.sys"
time=2026-08-10T10:57:09.394Z level=INFO msg="guestfs exec ok" bin=guestfish duration=57ms outputBytes=0 output=""
time=2026-08-10T10:57:09.395Z level=INFO msg="guestfs exec" bin=guestfish args="[--remote=134]" scriptLines=2 script="-mkdir-p /Windows/Drivers/VirtIO\n-upload /usr/share/virtio-win/drivers/by-os/amd64/2k19/pvpanic-pci.cat /Windows/Drivers/VirtIO/pvpanic-pci.cat"
time=2026-08-10T10:57:09.453Z level=INFO msg="guestfs exec ok" bin=guestfish duration=59ms outputBytes=0 output=""
time=2026-08-10T10:57:09.453Z level=INFO msg="guestfs exec" bin=guestfish args="[--remote=134]" scriptLines=2 script="-mkdir-p /Windows/Drivers/VirtIO\n-upload /usr/share/virtio-win/drivers/by-os/amd64/2k19/pvpanic-pci.inf /Windows/Drivers/VirtIO/pvpanic-pci.inf"
time=2026-08-10T10:57:09.512Z level=INFO msg="guestfs exec ok" bin=guestfish duration=58ms outputBytes=0 output=""
time=2026-08-10T10:57:09.512Z level=INFO msg="guestfs exec" bin=guestfish args="[--remote=134]" scriptLines=2 script="-mkdir-p /Windows/Drivers/VirtIO\n-upload /usr/share/virtio-win/drivers/by-os/amd64/2k19/pvpanic.cat /Windows/Drivers/VirtIO/pvpanic.cat"
time=2026-08-10T10:57:09.581Z level=INFO msg="guestfs exec ok" bin=guestfish duration=69ms outputBytes=0 output=""
time=2026-08-10T10:57:09.581Z level=INFO msg="guestfs exec" bin=guestfish args="[--remote=134]" scriptLines=2 script="-mkdir-p /Windows/Drivers/VirtIO\n-upload /usr/share/virtio-win/drivers/by-os/amd64/2k19/pvpanic.inf /Windows/Drivers/VirtIO/pvpanic.inf"
time=2026-08-10T10:57:09.643Z level=INFO msg="guestfs exec ok" bin=guestfish duration=61ms outputBytes=0 output=""
time=2026-08-10T10:57:09.643Z level=INFO msg="guestfs exec" bin=guestfish args="[--remote=134]" scriptLines=2 script="-mkdir-p /Windows/Drivers/VirtIO\n-upload /usr/share/virtio-win/drivers/by-os/amd64/2k19/pvpanic.sys /Windows/Drivers/VirtIO/pvpanic.sys"
time=2026-08-10T10:57:09.703Z level=INFO msg="guestfs exec ok" bin=guestfish duration=60ms outputBytes=0 output=""
time=2026-08-10T10:57:09.703Z level=INFO msg="guestfs exec" bin=guestfish args="[--remote=134]" scriptLines=2 script="-mkdir-p /Windows/Drivers/VirtIO\n-upload /usr/share/virtio-win/drivers/by-os/amd64/2k19/qemufwcfg.cat /Windows/Drivers/VirtIO/qemufwcfg.cat"
time=2026-08-10T10:57:09.770Z level=INFO msg="guestfs exec ok" bin=guestfish duration=66ms outputBytes=0 output=""
time=2026-08-10T10:57:09.770Z level=INFO msg="guestfs exec" bin=guestfish args="[--remote=134]" scriptLines=2 script="-mkdir-p /Windows/Drivers/VirtIO\n-upload /usr/share/virtio-win/drivers/by-os/amd64/2k19/qemufwcfg.inf /Windows/Drivers/VirtIO/qemufwcfg.inf"
time=2026-08-10T10:57:09.837Z level=INFO msg="guestfs exec ok" bin=guestfish duration=67ms outputBytes=0 output=""
time=2026-08-10T10:57:09.837Z level=INFO msg="guestfs exec" bin=guestfish args="[--remote=134]" scriptLines=2 script="-mkdir-p /Windows/Drivers/VirtIO\n-upload /usr/share/virtio-win/drivers/by-os/amd64/2k19/qemupciserial.cat /Windows/Drivers/VirtIO/qemupciserial.cat"
time=2026-08-10T10:57:09.896Z level=INFO msg="guestfs exec ok" bin=guestfish duration=59ms outputBytes=0 output=""
time=2026-08-10T10:57:09.896Z level=INFO msg="guestfs exec" bin=guestfish args="[--remote=134]" scriptLines=2 script="-mkdir-p /Windows/Drivers/VirtIO\n-upload /usr/share/virtio-win/drivers/by-os/amd64/2k19/qemupciserial.inf /Windows/Drivers/VirtIO/qemupciserial.inf"
time=2026-08-10T10:57:09.967Z level=INFO msg="guestfs exec ok" bin=guestfish duration=71ms outputBytes=0 output=""
time=2026-08-10T10:57:09.967Z level=INFO msg="guestfs exec" bin=guestfish args="[--remote=134]" scriptLines=2 script="-mkdir-p /Windows/Drivers/VirtIO\n-upload /usr/share/virtio-win/drivers/by-os/amd64/2k19/qxldod.cat /Windows/Drivers/VirtIO/qxldod.cat"
time=2026-08-10T10:57:10.036Z level=INFO msg="guestfs exec ok" bin=guestfish duration=69ms outputBytes=0 output=""
time=2026-08-10T10:57:10.036Z level=INFO msg="guestfs exec" bin=guestfish args="[--remote=134]" scriptLines=2 script="-mkdir-p /Windows/Drivers/VirtIO\n-upload /usr/share/virtio-win/drivers/by-os/amd64/2k19/qxldod.inf /Windows/Drivers/VirtIO/qxldod.inf"
time=2026-08-10T10:57:10.097Z level=INFO msg="guestfs exec ok" bin=guestfish duration=60ms outputBytes=0 output=""
time=2026-08-10T10:57:10.097Z level=INFO msg="guestfs exec" bin=guestfish args="[--remote=134]" scriptLines=2 script="-mkdir-p /Windows/Drivers/VirtIO\n-upload /usr/share/virtio-win/drivers/by-os/amd64/2k19/qxldod.sys /Windows/Drivers/VirtIO/qxldod.sys"
time=2026-08-10T10:57:10.156Z level=INFO msg="guestfs exec ok" bin=guestfish duration=60ms outputBytes=0 output=""
time=2026-08-10T10:57:10.157Z level=INFO msg="guestfs exec" bin=guestfish args="[--remote=134]" scriptLines=2 script="-mkdir-p /Windows/Drivers/VirtIO\n-upload /usr/share/virtio-win/drivers/by-os/amd64/2k19/viofs.cat /Windows/Drivers/VirtIO/viofs.cat"
time=2026-08-10T10:57:10.218Z level=INFO msg="guestfs exec ok" bin=guestfish duration=61ms outputBytes=0 output=""
time=2026-08-10T10:57:10.218Z level=INFO msg="guestfs exec" bin=guestfish args="[--remote=134]" scriptLines=2 script="-mkdir-p /Windows/Drivers/VirtIO\n-upload /usr/share/virtio-win/drivers/by-os/amd64/2k19/viofs.inf /Windows/Drivers/VirtIO/viofs.inf"
time=2026-08-10T10:57:10.272Z level=INFO msg="guestfs exec ok" bin=guestfish duration=55ms outputBytes=0 output=""
time=2026-08-10T10:57:10.273Z level=INFO msg="guestfs exec" bin=guestfish args="[--remote=134]" scriptLines=2 script="-mkdir-p /Windows/Drivers/VirtIO\n-upload /usr/share/virtio-win/drivers/by-os/amd64/2k19/viofs.sys /Windows/Drivers/VirtIO/viofs.sys"
time=2026-08-10T10:57:10.329Z level=INFO msg="guestfs exec ok" bin=guestfish duration=56ms outputBytes=0 output=""
time=2026-08-10T10:57:10.329Z level=INFO msg="guestfs exec" bin=guestfish args="[--remote=134]" scriptLines=2 script="-mkdir-p /Windows/Drivers/VirtIO\n-upload /usr/share/virtio-win/drivers/by-os/amd64/2k19/viogpudo.cat /Windows/Drivers/VirtIO/viogpudo.cat"
time=2026-08-10T10:57:10.384Z level=INFO msg="guestfs exec ok" bin=guestfish duration=55ms outputBytes=0 output=""
time=2026-08-10T10:57:10.384Z level=INFO msg="guestfs exec" bin=guestfish args="[--remote=134]" scriptLines=2 script="-mkdir-p /Windows/Drivers/VirtIO\n-upload /usr/share/virtio-win/drivers/by-os/amd64/2k19/viogpudo.inf /Windows/Drivers/VirtIO/viogpudo.inf"
time=2026-08-10T10:57:10.438Z level=INFO msg="guestfs exec ok" bin=guestfish duration=53ms outputBytes=0 output=""
time=2026-08-10T10:57:10.438Z level=INFO msg="guestfs exec" bin=guestfish args="[--remote=134]" scriptLines=2 script="-mkdir-p /Windows/Drivers/VirtIO\n-upload /usr/share/virtio-win/drivers/by-os/amd64/2k19/viogpudo.sys /Windows/Drivers/VirtIO/viogpudo.sys"
time=2026-08-10T10:57:10.496Z level=INFO msg="guestfs exec ok" bin=guestfish duration=58ms outputBytes=0 output=""
time=2026-08-10T10:57:10.496Z level=INFO msg="guestfs exec" bin=guestfish args="[--remote=134]" scriptLines=2 script="-mkdir-p /Windows/Drivers/VirtIO\n-upload /usr/share/virtio-win/drivers/by-os/amd64/2k19/viohidkmdf.sys /Windows/Drivers/VirtIO/viohidkmdf.sys"
time=2026-08-10T10:57:10.567Z level=INFO msg="guestfs exec ok" bin=guestfish duration=71ms outputBytes=0 output=""
time=2026-08-10T10:57:10.567Z level=INFO msg="guestfs exec" bin=guestfish args="[--remote=134]" scriptLines=2 script="-mkdir-p /Windows/Drivers/VirtIO\n-upload /usr/share/virtio-win/drivers/by-os/amd64/2k19/vioinput.cat /Windows/Drivers/VirtIO/vioinput.cat"
time=2026-08-10T10:57:10.642Z level=INFO msg="guestfs exec ok" bin=guestfish duration=75ms outputBytes=0 output=""
time=2026-08-10T10:57:10.642Z level=INFO msg="guestfs exec" bin=guestfish args="[--remote=134]" scriptLines=2 script="-mkdir-p /Windows/Drivers/VirtIO\n-upload /usr/share/virtio-win/drivers/by-os/amd64/2k19/vioinput.inf /Windows/Drivers/VirtIO/vioinput.inf"
time=2026-08-10T10:57:10.709Z level=INFO msg="guestfs exec ok" bin=guestfish duration=67ms outputBytes=0 output=""
time=2026-08-10T10:57:10.709Z level=INFO msg="guestfs exec" bin=guestfish args="[--remote=134]" scriptLines=2 script="-mkdir-p /Windows/Drivers/VirtIO\n-upload /usr/share/virtio-win/drivers/by-os/amd64/2k19/vioinput.sys /Windows/Drivers/VirtIO/vioinput.sys"
time=2026-08-10T10:57:10.765Z level=INFO msg="guestfs exec ok" bin=guestfish duration=55ms outputBytes=0 output=""
time=2026-08-10T10:57:10.765Z level=INFO msg="guestfs exec" bin=guestfish args="[--remote=134]" scriptLines=2 script="-mkdir-p /Windows/Drivers/VirtIO\n-upload /usr/share/virtio-win/drivers/by-os/amd64/2k19/viomem.cat /Windows/Drivers/VirtIO/viomem.cat"
time=2026-08-10T10:57:10.822Z level=INFO msg="guestfs exec ok" bin=guestfish duration=57ms outputBytes=0 output=""
time=2026-08-10T10:57:10.822Z level=INFO msg="guestfs exec" bin=guestfish args="[--remote=134]" scriptLines=2 script="-mkdir-p /Windows/Drivers/VirtIO\n-upload /usr/share/virtio-win/drivers/by-os/amd64/2k19/viomem.inf /Windows/Drivers/VirtIO/viomem.inf"
time=2026-08-10T10:57:10.876Z level=INFO msg="guestfs exec ok" bin=guestfish duration=54ms outputBytes=0 output=""
time=2026-08-10T10:57:10.876Z level=INFO msg="guestfs exec" bin=guestfish args="[--remote=134]" scriptLines=2 script="-mkdir-p /Windows/Drivers/VirtIO\n-upload /usr/share/virtio-win/drivers/by-os/amd64/2k19/viomem.sys /Windows/Drivers/VirtIO/viomem.sys"
time=2026-08-10T10:57:10.931Z level=INFO msg="guestfs exec ok" bin=guestfish duration=55ms outputBytes=0 output=""
time=2026-08-10T10:57:10.931Z level=INFO msg="guestfs exec" bin=guestfish args="[--remote=134]" scriptLines=2 script="-mkdir-p /Windows/Drivers/VirtIO\n-upload /usr/share/virtio-win/drivers/by-os/amd64/2k19/vioprot.cat /Windows/Drivers/VirtIO/vioprot.cat"
time=2026-08-10T10:57:10.999Z level=INFO msg="guestfs exec ok" bin=guestfish duration=68ms outputBytes=0 output=""
time=2026-08-10T10:57:10.999Z level=INFO msg="guestfs exec" bin=guestfish args="[--remote=134]" scriptLines=2 script="-mkdir-p /Windows/Drivers/VirtIO\n-upload /usr/share/virtio-win/drivers/by-os/amd64/2k19/vioprot.inf /Windows/Drivers/VirtIO/vioprot.inf"
time=2026-08-10T10:57:11.066Z level=INFO msg="guestfs exec ok" bin=guestfish duration=67ms outputBytes=0 output=""
time=2026-08-10T10:57:11.066Z level=INFO msg="guestfs exec" bin=guestfish args="[--remote=134]" scriptLines=2 script="-mkdir-p /Windows/Drivers/VirtIO\n-upload /usr/share/virtio-win/drivers/by-os/amd64/2k19/viorng.cat /Windows/Drivers/VirtIO/viorng.cat"
time=2026-08-10T10:57:11.132Z level=INFO msg="guestfs exec ok" bin=guestfish duration=66ms outputBytes=0 output=""
time=2026-08-10T10:57:11.132Z level=INFO msg="guestfs exec" bin=guestfish args="[--remote=134]" scriptLines=2 script="-mkdir-p /Windows/Drivers/VirtIO\n-upload /usr/share/virtio-win/drivers/by-os/amd64/2k19/viorng.inf /Windows/Drivers/VirtIO/viorng.inf"
time=2026-08-10T10:57:11.193Z level=INFO msg="guestfs exec ok" bin=guestfish duration=61ms outputBytes=0 output=""
time=2026-08-10T10:57:11.193Z level=INFO msg="guestfs exec" bin=guestfish args="[--remote=134]" scriptLines=2 script="-mkdir-p /Windows/Drivers/VirtIO\n-upload /usr/share/virtio-win/drivers/by-os/amd64/2k19/viorng.sys /Windows/Drivers/VirtIO/viorng.sys"
time=2026-08-10T10:57:11.254Z level=INFO msg="guestfs exec ok" bin=guestfish duration=61ms outputBytes=0 output=""
time=2026-08-10T10:57:11.254Z level=INFO msg="guestfs exec" bin=guestfish args="[--remote=134]" scriptLines=2 script="-mkdir-p /Windows/Drivers/VirtIO\n-upload /usr/share/virtio-win/drivers/by-os/amd64/2k19/vioscsi.cat /Windows/Drivers/VirtIO/vioscsi.cat"
time=2026-08-10T10:57:11.309Z level=INFO msg="guestfs exec ok" bin=guestfish duration=55ms outputBytes=0 output=""
time=2026-08-10T10:57:11.309Z level=INFO msg="guestfs exec" bin=guestfish args="[--remote=134]" scriptLines=2 script="-mkdir-p /Windows/Drivers/VirtIO\n-upload /usr/share/virtio-win/drivers/by-os/amd64/2k19/vioscsi.inf /Windows/Drivers/VirtIO/vioscsi.inf"
time=2026-08-10T10:57:11.361Z level=INFO msg="guestfs exec ok" bin=guestfish duration=52ms outputBytes=0 output=""
time=2026-08-10T10:57:11.361Z level=INFO msg="guestfs exec" bin=guestfish args="[--remote=134]" scriptLines=2 script="-mkdir-p /Windows/Drivers/VirtIO\n-upload /usr/share/virtio-win/drivers/by-os/amd64/2k19/vioscsi.sys /Windows/Drivers/VirtIO/vioscsi.sys"
time=2026-08-10T10:57:11.431Z level=INFO msg="guestfs exec ok" bin=guestfish duration=70ms outputBytes=0 output=""
time=2026-08-10T10:57:11.431Z level=INFO msg="guestfs exec" bin=guestfish args="[--remote=134]" scriptLines=2 script="-mkdir-p /Windows/System32/drivers\n-upload /usr/share/virtio-win/drivers/by-os/amd64/2k19/vioscsi.sys /Windows/System32/drivers/vioscsi.sys"
time=2026-08-10T10:57:11.490Z level=INFO msg="guestfs exec ok" bin=guestfish duration=59ms outputBytes=0 output=""
time=2026-08-10T10:57:11.490Z level=INFO msg="guestfs exec" bin=guestfish args="[--remote=134]" scriptLines=2 script="-mkdir-p /Windows/Drivers/VirtIO\n-upload /usr/share/virtio-win/drivers/by-os/amd64/2k19/vioser.cat /Windows/Drivers/VirtIO/vioser.cat"
time=2026-08-10T10:57:11.546Z level=INFO msg="guestfs exec ok" bin=guestfish duration=56ms outputBytes=0 output=""
time=2026-08-10T10:57:11.546Z level=INFO msg="guestfs exec" bin=guestfish args="[--remote=134]" scriptLines=2 script="-mkdir-p /Windows/Drivers/VirtIO\n-upload /usr/share/virtio-win/drivers/by-os/amd64/2k19/vioser.inf /Windows/Drivers/VirtIO/vioser.inf"
time=2026-08-10T10:57:11.613Z level=INFO msg="guestfs exec ok" bin=guestfish duration=67ms outputBytes=0 output=""
time=2026-08-10T10:57:11.614Z level=INFO msg="guestfs exec" bin=guestfish args="[--remote=134]" scriptLines=2 script="-mkdir-p /Windows/Drivers/VirtIO\n-upload /usr/share/virtio-win/drivers/by-os/amd64/2k19/vioser.sys /Windows/Drivers/VirtIO/vioser.sys"
time=2026-08-10T10:57:11.687Z level=INFO msg="guestfs exec ok" bin=guestfish duration=74ms outputBytes=0 output=""
time=2026-08-10T10:57:11.687Z level=INFO msg="guestfs exec" bin=guestfish args="[--remote=134]" scriptLines=2 script="-mkdir-p /Windows/Drivers/VirtIO\n-upload /usr/share/virtio-win/drivers/by-os/amd64/2k19/viosock.cat /Windows/Drivers/VirtIO/viosock.cat"
time=2026-08-10T10:57:11.753Z level=INFO msg="guestfs exec ok" bin=guestfish duration=66ms outputBytes=0 output=""
time=2026-08-10T10:57:11.753Z level=INFO msg="guestfs exec" bin=guestfish args="[--remote=134]" scriptLines=2 script="-mkdir-p /Windows/Drivers/VirtIO\n-upload /usr/share/virtio-win/drivers/by-os/amd64/2k19/viosock.inf /Windows/Drivers/VirtIO/viosock.inf"
time=2026-08-10T10:57:11.813Z level=INFO msg="guestfs exec ok" bin=guestfish duration=59ms outputBytes=0 output=""
time=2026-08-10T10:57:11.813Z level=INFO msg="guestfs exec" bin=guestfish args="[--remote=134]" scriptLines=2 script="-mkdir-p /Windows/Drivers/VirtIO\n-upload /usr/share/virtio-win/drivers/by-os/amd64/2k19/viosock.sys /Windows/Drivers/VirtIO/viosock.sys"
time=2026-08-10T10:57:11.874Z level=INFO msg="guestfs exec ok" bin=guestfish duration=61ms outputBytes=0 output=""
time=2026-08-10T10:57:11.875Z level=INFO msg="guestfs exec" bin=guestfish args="[--remote=134]" scriptLines=2 script="-mkdir-p /Windows/Drivers/VirtIO\n-upload /usr/share/virtio-win/drivers/by-os/amd64/2k19/viostor.cat /Windows/Drivers/VirtIO/viostor.cat"
time=2026-08-10T10:57:11.937Z level=INFO msg="guestfs exec ok" bin=guestfish duration=62ms outputBytes=0 output=""
time=2026-08-10T10:57:11.937Z level=INFO msg="guestfs exec" bin=guestfish args="[--remote=134]" scriptLines=2 script="-mkdir-p /Windows/Drivers/VirtIO\n-upload /usr/share/virtio-win/drivers/by-os/amd64/2k19/viostor.inf /Windows/Drivers/VirtIO/viostor.inf"
time=2026-08-10T10:57:11.999Z level=INFO msg="guestfs exec ok" bin=guestfish duration=62ms outputBytes=0 output=""
time=2026-08-10T10:57:11.999Z level=INFO msg="guestfs exec" bin=guestfish args="[--remote=134]" scriptLines=2 script="-mkdir-p /Windows/Drivers/VirtIO\n-upload /usr/share/virtio-win/drivers/by-os/amd64/2k19/viostor.sys /Windows/Drivers/VirtIO/viostor.sys"
time=2026-08-10T10:57:12.056Z level=INFO msg="guestfs exec ok" bin=guestfish duration=57ms outputBytes=0 output=""
time=2026-08-10T10:57:12.056Z level=INFO msg="guestfs exec" bin=guestfish args="[--remote=134]" scriptLines=2 script="-mkdir-p /Windows/System32/drivers\n-upload /usr/share/virtio-win/drivers/by-os/amd64/2k19/viostor.sys /Windows/System32/drivers/viostor.sys"
time=2026-08-10T10:57:12.117Z level=INFO msg="guestfs exec ok" bin=guestfish duration=60ms outputBytes=0 output=""
time=2026-08-10T10:57:12.117Z level=INFO msg="copied driver" name=qxldod
time=2026-08-10T10:57:12.117Z level=INFO msg="guestfs exec" bin=guestfish args="[--remote=134]" scriptLines=2 script="-mkdir-p /Windows/Drivers/VirtIO\n-upload /usr/share/virtio-win/drivers/by-os/amd64/2k19/balloon.cat /Windows/Drivers/VirtIO/balloon.cat"
time=2026-08-10T10:57:12.192Z level=INFO msg="guestfs exec ok" bin=guestfish duration=75ms outputBytes=0 output=""
time=2026-08-10T10:57:12.192Z level=INFO msg="guestfs exec" bin=guestfish args="[--remote=134]" scriptLines=2 script="-mkdir-p /Windows/Drivers/VirtIO\n-upload /usr/share/virtio-win/drivers/by-os/amd64/2k19/balloon.inf /Windows/Drivers/VirtIO/balloon.inf"
time=2026-08-10T10:57:12.252Z level=INFO msg="guestfs exec ok" bin=guestfish duration=60ms outputBytes=0 output=""
time=2026-08-10T10:57:12.253Z level=INFO msg="guestfs exec" bin=guestfish args="[--remote=134]" scriptLines=2 script="-mkdir-p /Windows/Drivers/VirtIO\n-upload /usr/share/virtio-win/drivers/by-os/amd64/2k19/balloon.sys /Windows/Drivers/VirtIO/balloon.sys"
time=2026-08-10T10:57:12.312Z level=INFO msg="guestfs exec ok" bin=guestfish duration=59ms outputBytes=0 output=""
time=2026-08-10T10:57:12.312Z level=INFO msg="guestfs exec" bin=guestfish args="[--remote=134]" scriptLines=2 script="-mkdir-p /Windows/Drivers/VirtIO\n-upload /usr/share/virtio-win/drivers/by-os/amd64/2k19/fwcfg.cat /Windows/Drivers/VirtIO/fwcfg.cat"
time=2026-08-10T10:57:12.371Z level=INFO msg="guestfs exec ok" bin=guestfish duration=59ms outputBytes=0 output=""
time=2026-08-10T10:57:12.371Z level=INFO msg="guestfs exec" bin=guestfish args="[--remote=134]" scriptLines=2 script="-mkdir-p /Windows/Drivers/VirtIO\n-upload /usr/share/virtio-win/drivers/by-os/amd64/2k19/fwcfg.inf /Windows/Drivers/VirtIO/fwcfg.inf"
time=2026-08-10T10:57:12.436Z level=INFO msg="guestfs exec ok" bin=guestfish duration=65ms outputBytes=0 output=""
time=2026-08-10T10:57:12.437Z level=INFO msg="guestfs exec" bin=guestfish args="[--remote=134]" scriptLines=2 script="-mkdir-p /Windows/Drivers/VirtIO\n-upload /usr/share/virtio-win/drivers/by-os/amd64/2k19/fwcfg.sys /Windows/Drivers/VirtIO/fwcfg.sys"
time=2026-08-10T10:57:12.505Z level=INFO msg="guestfs exec ok" bin=guestfish duration=68ms outputBytes=0 output=""
time=2026-08-10T10:57:12.505Z level=INFO msg="guestfs exec" bin=guestfish args="[--remote=134]" scriptLines=2 script="-mkdir-p /Windows/Drivers/VirtIO\n-upload /usr/share/virtio-win/drivers/by-os/amd64/2k19/netkvm.cat /Windows/Drivers/VirtIO/netkvm.cat"
time=2026-08-10T10:57:12.564Z level=INFO msg="guestfs exec ok" bin=guestfish duration=58ms outputBytes=0 output=""
time=2026-08-10T10:57:12.564Z level=INFO msg="guestfs exec" bin=guestfish args="[--remote=134]" scriptLines=2 script="-mkdir-p /Windows/Drivers/VirtIO\n-upload /usr/share/virtio-win/drivers/by-os/amd64/2k19/netkvm.inf /Windows/Drivers/VirtIO/netkvm.inf"
time=2026-08-10T10:57:12.625Z level=INFO msg="guestfs exec ok" bin=guestfish duration=61ms outputBytes=0 output=""
time=2026-08-10T10:57:12.626Z level=INFO msg="guestfs exec" bin=guestfish args="[--remote=134]" scriptLines=2 script="-mkdir-p /Windows/Drivers/VirtIO\n-upload /usr/share/virtio-win/drivers/by-os/amd64/2k19/netkvm.sys /Windows/Drivers/VirtIO/netkvm.sys"
time=2026-08-10T10:57:12.685Z level=INFO msg="guestfs exec ok" bin=guestfish duration=59ms outputBytes=0 output=""
time=2026-08-10T10:57:12.685Z level=INFO msg="guestfs exec" bin=guestfish args="[--remote=134]" scriptLines=2 script="-mkdir-p /Windows/Drivers/VirtIO\n-upload /usr/share/virtio-win/drivers/by-os/amd64/2k19/pvpanic-pci.cat /Windows/Drivers/VirtIO/pvpanic-pci.cat"
time=2026-08-10T10:57:12.744Z level=INFO msg="guestfs exec ok" bin=guestfish duration=58ms outputBytes=0 output=""
time=2026-08-10T10:57:12.744Z level=INFO msg="guestfs exec" bin=guestfish args="[--remote=134]" scriptLines=2 script="-mkdir-p /Windows/Drivers/VirtIO\n-upload /usr/share/virtio-win/drivers/by-os/amd64/2k19/pvpanic-pci.inf /Windows/Drivers/VirtIO/pvpanic-pci.inf"
time=2026-08-10T10:57:12.810Z level=INFO msg="guestfs exec ok" bin=guestfish duration=65ms outputBytes=0 output=""
time=2026-08-10T10:57:12.810Z level=INFO msg="guestfs exec" bin=guestfish args="[--remote=134]" scriptLines=2 script="-mkdir-p /Windows/Drivers/VirtIO\n-upload /usr/share/virtio-win/drivers/by-os/amd64/2k19/pvpanic.cat /Windows/Drivers/VirtIO/pvpanic.cat"
time=2026-08-10T10:57:12.870Z level=INFO msg="guestfs exec ok" bin=guestfish duration=59ms outputBytes=0 output=""
time=2026-08-10T10:57:12.870Z level=INFO msg="guestfs exec" bin=guestfish args="[--remote=134]" scriptLines=2 script="-mkdir-p /Windows/Drivers/VirtIO\n-upload /usr/share/virtio-win/drivers/by-os/amd64/2k19/pvpanic.inf /Windows/Drivers/VirtIO/pvpanic.inf"
time=2026-08-10T10:57:12.928Z level=INFO msg="guestfs exec ok" bin=guestfish duration=58ms outputBytes=0 output=""
time=2026-08-10T10:57:12.928Z level=INFO msg="guestfs exec" bin=guestfish args="[--remote=134]" scriptLines=2 script="-mkdir-p /Windows/Drivers/VirtIO\n-upload /usr/share/virtio-win/drivers/by-os/amd64/2k19/pvpanic.sys /Windows/Drivers/VirtIO/pvpanic.sys"
time=2026-08-10T10:57:12.986Z level=INFO msg="guestfs exec ok" bin=guestfish duration=58ms outputBytes=0 output=""
time=2026-08-10T10:57:12.986Z level=INFO msg="guestfs exec" bin=guestfish args="[--remote=134]" scriptLines=2 script="-mkdir-p /Windows/Drivers/VirtIO\n-upload /usr/share/virtio-win/drivers/by-os/amd64/2k19/qemufwcfg.cat /Windows/Drivers/VirtIO/qemufwcfg.cat"
time=2026-08-10T10:57:13.041Z level=INFO msg="guestfs exec ok" bin=guestfish duration=55ms outputBytes=0 output=""
time=2026-08-10T10:57:13.042Z level=INFO msg="guestfs exec" bin=guestfish args="[--remote=134]" scriptLines=2 script="-mkdir-p /Windows/Drivers/VirtIO\n-upload /usr/share/virtio-win/drivers/by-os/amd64/2k19/qemufwcfg.inf /Windows/Drivers/VirtIO/qemufwcfg.inf"
time=2026-08-10T10:57:13.098Z level=INFO msg="guestfs exec ok" bin=guestfish duration=56ms outputBytes=0 output=""
time=2026-08-10T10:57:13.099Z level=INFO msg="guestfs exec" bin=guestfish args="[--remote=134]" scriptLines=2 script="-mkdir-p /Windows/Drivers/VirtIO\n-upload /usr/share/virtio-win/drivers/by-os/amd64/2k19/qemupciserial.cat /Windows/Drivers/VirtIO/qemupciserial.cat"
time=2026-08-10T10:57:13.165Z level=INFO msg="guestfs exec ok" bin=guestfish duration=66ms outputBytes=0 output=""
time=2026-08-10T10:57:13.165Z level=INFO msg="guestfs exec" bin=guestfish args="[--remote=134]" scriptLines=2 script="-mkdir-p /Windows/Drivers/VirtIO\n-upload /usr/share/virtio-win/drivers/by-os/amd64/2k19/qemupciserial.inf /Windows/Drivers/VirtIO/qemupciserial.inf"
time=2026-08-10T10:57:13.224Z level=INFO msg="guestfs exec ok" bin=guestfish duration=59ms outputBytes=0 output=""
time=2026-08-10T10:57:13.224Z level=INFO msg="guestfs exec" bin=guestfish args="[--remote=134]" scriptLines=2 script="-mkdir-p /Windows/Drivers/VirtIO\n-upload /usr/share/virtio-win/drivers/by-os/amd64/2k19/qxldod.cat /Windows/Drivers/VirtIO/qxldod.cat"
time=2026-08-10T10:57:13.286Z level=INFO msg="guestfs exec ok" bin=guestfish duration=62ms outputBytes=0 output=""
time=2026-08-10T10:57:13.287Z level=INFO msg="guestfs exec" bin=guestfish args="[--remote=134]" scriptLines=2 script="-mkdir-p /Windows/Drivers/VirtIO\n-upload /usr/share/virtio-win/drivers/by-os/amd64/2k19/qxldod.inf /Windows/Drivers/VirtIO/qxldod.inf"
time=2026-08-10T10:57:13.356Z level=INFO msg="guestfs exec ok" bin=guestfish duration=69ms outputBytes=0 output=""
time=2026-08-10T10:57:13.356Z level=INFO msg="guestfs exec" bin=guestfish args="[--remote=134]" scriptLines=2 script="-mkdir-p /Windows/Drivers/VirtIO\n-upload /usr/share/virtio-win/drivers/by-os/amd64/2k19/qxldod.sys /Windows/Drivers/VirtIO/qxldod.sys"
time=2026-08-10T10:57:13.426Z level=INFO msg="guestfs exec ok" bin=guestfish duration=70ms outputBytes=0 output=""
time=2026-08-10T10:57:13.427Z level=INFO msg="guestfs exec" bin=guestfish args="[--remote=134]" scriptLines=2 script="-mkdir-p /Windows/Drivers/VirtIO\n-upload /usr/share/virtio-win/drivers/by-os/amd64/2k19/viofs.cat /Windows/Drivers/VirtIO/viofs.cat"
time=2026-08-10T10:57:13.496Z level=INFO msg="guestfs exec ok" bin=guestfish duration=69ms outputBytes=0 output=""
time=2026-08-10T10:57:13.496Z level=INFO msg="guestfs exec" bin=guestfish args="[--remote=134]" scriptLines=2 script="-mkdir-p /Windows/Drivers/VirtIO\n-upload /usr/share/virtio-win/drivers/by-os/amd64/2k19/viofs.inf /Windows/Drivers/VirtIO/viofs.inf"
time=2026-08-10T10:57:13.571Z level=INFO msg="guestfs exec ok" bin=guestfish duration=75ms outputBytes=0 output=""
time=2026-08-10T10:57:13.572Z level=INFO msg="guestfs exec" bin=guestfish args="[--remote=134]" scriptLines=2 script="-mkdir-p /Windows/Drivers/VirtIO\n-upload /usr/share/virtio-win/drivers/by-os/amd64/2k19/viofs.sys /Windows/Drivers/VirtIO/viofs.sys"
time=2026-08-10T10:57:13.629Z level=INFO msg="guestfs exec ok" bin=guestfish duration=57ms outputBytes=0 output=""
time=2026-08-10T10:57:13.629Z level=INFO msg="guestfs exec" bin=guestfish args="[--remote=134]" scriptLines=2 script="-mkdir-p /Windows/Drivers/VirtIO\n-upload /usr/share/virtio-win/drivers/by-os/amd64/2k19/viogpudo.cat /Windows/Drivers/VirtIO/viogpudo.cat"
time=2026-08-10T10:57:13.687Z level=INFO msg="guestfs exec ok" bin=guestfish duration=57ms outputBytes=0 output=""
time=2026-08-10T10:57:13.687Z level=INFO msg="guestfs exec" bin=guestfish args="[--remote=134]" scriptLines=2 script="-mkdir-p /Windows/Drivers/VirtIO\n-upload /usr/share/virtio-win/drivers/by-os/amd64/2k19/viogpudo.inf /Windows/Drivers/VirtIO/viogpudo.inf"
time=2026-08-10T10:57:13.744Z level=INFO msg="guestfs exec ok" bin=guestfish duration=57ms outputBytes=0 output=""
time=2026-08-10T10:57:13.744Z level=INFO msg="guestfs exec" bin=guestfish args="[--remote=134]" scriptLines=2 script="-mkdir-p /Windows/Drivers/VirtIO\n-upload /usr/share/virtio-win/drivers/by-os/amd64/2k19/viogpudo.sys /Windows/Drivers/VirtIO/viogpudo.sys"
time=2026-08-10T10:57:13.805Z level=INFO msg="guestfs exec ok" bin=guestfish duration=61ms outputBytes=0 output=""
time=2026-08-10T10:57:13.805Z level=INFO msg="guestfs exec" bin=guestfish args="[--remote=134]" scriptLines=2 script="-mkdir-p /Windows/Drivers/VirtIO\n-upload /usr/share/virtio-win/drivers/by-os/amd64/2k19/viohidkmdf.sys /Windows/Drivers/VirtIO/viohidkmdf.sys"
time=2026-08-10T10:57:13.859Z level=INFO msg="guestfs exec ok" bin=guestfish duration=54ms outputBytes=0 output=""
time=2026-08-10T10:57:13.860Z level=INFO msg="guestfs exec" bin=guestfish args="[--remote=134]" scriptLines=2 script="-mkdir-p /Windows/Drivers/VirtIO\n-upload /usr/share/virtio-win/drivers/by-os/amd64/2k19/vioinput.cat /Windows/Drivers/VirtIO/vioinput.cat"
time=2026-08-10T10:57:13.923Z level=INFO msg="guestfs exec ok" bin=guestfish duration=63ms outputBytes=0 output=""
time=2026-08-10T10:57:13.923Z level=INFO msg="guestfs exec" bin=guestfish args="[--remote=134]" scriptLines=2 script="-mkdir-p /Windows/Drivers/VirtIO\n-upload /usr/share/virtio-win/drivers/by-os/amd64/2k19/vioinput.inf /Windows/Drivers/VirtIO/vioinput.inf"
time=2026-08-10T10:57:13.972Z level=INFO msg="guestfs exec ok" bin=guestfish duration=49ms outputBytes=0 output=""
time=2026-08-10T10:57:13.972Z level=INFO msg="guestfs exec" bin=guestfish args="[--remote=134]" scriptLines=2 script="-mkdir-p /Windows/Drivers/VirtIO\n-upload /usr/share/virtio-win/drivers/by-os/amd64/2k19/vioinput.sys /Windows/Drivers/VirtIO/vioinput.sys"
time=2026-08-10T10:57:14.026Z level=INFO msg="guestfs exec ok" bin=guestfish duration=54ms outputBytes=0 output=""
time=2026-08-10T10:57:14.026Z level=INFO msg="guestfs exec" bin=guestfish args="[--remote=134]" scriptLines=2 script="-mkdir-p /Windows/Drivers/VirtIO\n-upload /usr/share/virtio-win/drivers/by-os/amd64/2k19/viomem.cat /Windows/Drivers/VirtIO/viomem.cat"
time=2026-08-10T10:57:14.085Z level=INFO msg="guestfs exec ok" bin=guestfish duration=59ms outputBytes=0 output=""
time=2026-08-10T10:57:14.085Z level=INFO msg="guestfs exec" bin=guestfish args="[--remote=134]" scriptLines=2 script="-mkdir-p /Windows/Drivers/VirtIO\n-upload /usr/share/virtio-win/drivers/by-os/amd64/2k19/viomem.inf /Windows/Drivers/VirtIO/viomem.inf"
time=2026-08-10T10:57:14.144Z level=INFO msg="guestfs exec ok" bin=guestfish duration=59ms outputBytes=0 output=""
time=2026-08-10T10:57:14.144Z level=INFO msg="guestfs exec" bin=guestfish args="[--remote=134]" scriptLines=2 script="-mkdir-p /Windows/Drivers/VirtIO\n-upload /usr/share/virtio-win/drivers/by-os/amd64/2k19/viomem.sys /Windows/Drivers/VirtIO/viomem.sys"
time=2026-08-10T10:57:14.205Z level=INFO msg="guestfs exec ok" bin=guestfish duration=62ms outputBytes=0 output=""
time=2026-08-10T10:57:14.206Z level=INFO msg="guestfs exec" bin=guestfish args="[--remote=134]" scriptLines=2 script="-mkdir-p /Windows/Drivers/VirtIO\n-upload /usr/share/virtio-win/drivers/by-os/amd64/2k19/vioprot.cat /Windows/Drivers/VirtIO/vioprot.cat"
time=2026-08-10T10:57:14.267Z level=INFO msg="guestfs exec ok" bin=guestfish duration=62ms outputBytes=0 output=""
time=2026-08-10T10:57:14.268Z level=INFO msg="guestfs exec" bin=guestfish args="[--remote=134]" scriptLines=2 script="-mkdir-p /Windows/Drivers/VirtIO\n-upload /usr/share/virtio-win/drivers/by-os/amd64/2k19/vioprot.inf /Windows/Drivers/VirtIO/vioprot.inf"
time=2026-08-10T10:57:14.334Z level=INFO msg="guestfs exec ok" bin=guestfish duration=66ms outputBytes=0 output=""
time=2026-08-10T10:57:14.334Z level=INFO msg="guestfs exec" bin=guestfish args="[--remote=134]" scriptLines=2 script="-mkdir-p /Windows/Drivers/VirtIO\n-upload /usr/share/virtio-win/drivers/by-os/amd64/2k19/viorng.cat /Windows/Drivers/VirtIO/viorng.cat"
time=2026-08-10T10:57:14.397Z level=INFO msg="guestfs exec ok" bin=guestfish duration=64ms outputBytes=0 output=""
time=2026-08-10T10:57:14.398Z level=INFO msg="guestfs exec" bin=guestfish args="[--remote=134]" scriptLines=2 script="-mkdir-p /Windows/Drivers/VirtIO\n-upload /usr/share/virtio-win/drivers/by-os/amd64/2k19/viorng.inf /Windows/Drivers/VirtIO/viorng.inf"
time=2026-08-10T10:57:14.454Z level=INFO msg="guestfs exec ok" bin=guestfish duration=57ms outputBytes=0 output=""
time=2026-08-10T10:57:14.454Z level=INFO msg="guestfs exec" bin=guestfish args="[--remote=134]" scriptLines=2 script="-mkdir-p /Windows/Drivers/VirtIO\n-upload /usr/share/virtio-win/drivers/by-os/amd64/2k19/viorng.sys /Windows/Drivers/VirtIO/viorng.sys"
time=2026-08-10T10:57:14.512Z level=INFO msg="guestfs exec ok" bin=guestfish duration=58ms outputBytes=0 output=""
time=2026-08-10T10:57:14.513Z level=INFO msg="guestfs exec" bin=guestfish args="[--remote=134]" scriptLines=2 script="-mkdir-p /Windows/Drivers/VirtIO\n-upload /usr/share/virtio-win/drivers/by-os/amd64/2k19/vioscsi.cat /Windows/Drivers/VirtIO/vioscsi.cat"
time=2026-08-10T10:57:14.585Z level=INFO msg="guestfs exec ok" bin=guestfish duration=73ms outputBytes=0 output=""
time=2026-08-10T10:57:14.586Z level=INFO msg="guestfs exec" bin=guestfish args="[--remote=134]" scriptLines=2 script="-mkdir-p /Windows/Drivers/VirtIO\n-upload /usr/share/virtio-win/drivers/by-os/amd64/2k19/vioscsi.inf /Windows/Drivers/VirtIO/vioscsi.inf"
time=2026-08-10T10:57:14.657Z level=INFO msg="guestfs exec ok" bin=guestfish duration=71ms outputBytes=0 output=""
time=2026-08-10T10:57:14.657Z level=INFO msg="guestfs exec" bin=guestfish args="[--remote=134]" scriptLines=2 script="-mkdir-p /Windows/Drivers/VirtIO\n-upload /usr/share/virtio-win/drivers/by-os/amd64/2k19/vioscsi.sys /Windows/Drivers/VirtIO/vioscsi.sys"
time=2026-08-10T10:57:14.739Z level=INFO msg="guestfs exec ok" bin=guestfish duration=82ms outputBytes=0 output=""
time=2026-08-10T10:57:14.739Z level=INFO msg="guestfs exec" bin=guestfish args="[--remote=134]" scriptLines=2 script="-mkdir-p /Windows/System32/drivers\n-upload /usr/share/virtio-win/drivers/by-os/amd64/2k19/vioscsi.sys /Windows/System32/drivers/vioscsi.sys"
time=2026-08-10T10:57:14.817Z level=INFO msg="guestfs exec ok" bin=guestfish duration=78ms outputBytes=0 output=""
time=2026-08-10T10:57:14.817Z level=INFO msg="guestfs exec" bin=guestfish args="[--remote=134]" scriptLines=2 script="-mkdir-p /Windows/Drivers/VirtIO\n-upload /usr/share/virtio-win/drivers/by-os/amd64/2k19/vioser.cat /Windows/Drivers/VirtIO/vioser.cat"
time=2026-08-10T10:57:14.879Z level=INFO msg="guestfs exec ok" bin=guestfish duration=62ms outputBytes=0 output=""
time=2026-08-10T10:57:14.879Z level=INFO msg="guestfs exec" bin=guestfish args="[--remote=134]" scriptLines=2 script="-mkdir-p /Windows/Drivers/VirtIO\n-upload /usr/share/virtio-win/drivers/by-os/amd64/2k19/vioser.inf /Windows/Drivers/VirtIO/vioser.inf"
time=2026-08-10T10:57:14.980Z level=INFO msg="guestfs exec ok" bin=guestfish duration=101ms outputBytes=0 output=""
time=2026-08-10T10:57:14.980Z level=INFO msg="guestfs exec" bin=guestfish args="[--remote=134]" scriptLines=2 script="-mkdir-p /Windows/Drivers/VirtIO\n-upload /usr/share/virtio-win/drivers/by-os/amd64/2k19/vioser.sys /Windows/Drivers/VirtIO/vioser.sys"
time=2026-08-10T10:57:15.057Z level=INFO msg="guestfs exec ok" bin=guestfish duration=77ms outputBytes=0 output=""
time=2026-08-10T10:57:15.057Z level=INFO msg="guestfs exec" bin=guestfish args="[--remote=134]" scriptLines=2 script="-mkdir-p /Windows/Drivers/VirtIO\n-upload /usr/share/virtio-win/drivers/by-os/amd64/2k19/viosock.cat /Windows/Drivers/VirtIO/viosock.cat"
time=2026-08-10T10:57:15.134Z level=INFO msg="guestfs exec ok" bin=guestfish duration=77ms outputBytes=0 output=""
time=2026-08-10T10:57:15.134Z level=INFO msg="guestfs exec" bin=guestfish args="[--remote=134]" scriptLines=2 script="-mkdir-p /Windows/Drivers/VirtIO\n-upload /usr/share/virtio-win/drivers/by-os/amd64/2k19/viosock.inf /Windows/Drivers/VirtIO/viosock.inf"
time=2026-08-10T10:57:15.221Z level=INFO msg="guestfs exec ok" bin=guestfish duration=87ms outputBytes=0 output=""
time=2026-08-10T10:57:15.224Z level=INFO msg="guestfs exec" bin=guestfish args="[--remote=134]" scriptLines=2 script="-mkdir-p /Windows/Drivers/VirtIO\n-upload /usr/share/virtio-win/drivers/by-os/amd64/2k19/viosock.sys /Windows/Drivers/VirtIO/viosock.sys"
time=2026-08-10T10:57:15.301Z level=INFO msg="guestfs exec ok" bin=guestfish duration=76ms outputBytes=0 output=""
time=2026-08-10T10:57:15.301Z level=INFO msg="guestfs exec" bin=guestfish args="[--remote=134]" scriptLines=2 script="-mkdir-p /Windows/Drivers/VirtIO\n-upload /usr/share/virtio-win/drivers/by-os/amd64/2k19/viostor.cat /Windows/Drivers/VirtIO/viostor.cat"
time=2026-08-10T10:57:15.372Z level=INFO msg="guestfs exec ok" bin=guestfish duration=71ms outputBytes=0 output=""
time=2026-08-10T10:57:15.372Z level=INFO msg="guestfs exec" bin=guestfish args="[--remote=134]" scriptLines=2 script="-mkdir-p /Windows/Drivers/VirtIO\n-upload /usr/share/virtio-win/drivers/by-os/amd64/2k19/viostor.inf /Windows/Drivers/VirtIO/viostor.inf"
time=2026-08-10T10:57:15.437Z level=INFO msg="guestfs exec ok" bin=guestfish duration=64ms outputBytes=0 output=""
time=2026-08-10T10:57:15.437Z level=INFO msg="guestfs exec" bin=guestfish args="[--remote=134]" scriptLines=2 script="-mkdir-p /Windows/Drivers/VirtIO\n-upload /usr/share/virtio-win/drivers/by-os/amd64/2k19/viostor.sys /Windows/Drivers/VirtIO/viostor.sys"
time=2026-08-10T10:57:15.502Z level=INFO msg="guestfs exec ok" bin=guestfish duration=65ms outputBytes=0 output=""
time=2026-08-10T10:57:15.502Z level=INFO msg="guestfs exec" bin=guestfish args="[--remote=134]" scriptLines=2 script="-mkdir-p /Windows/System32/drivers\n-upload /usr/share/virtio-win/drivers/by-os/amd64/2k19/viostor.sys /Windows/System32/drivers/viostor.sys"
time=2026-08-10T10:57:15.567Z level=INFO msg="guestfs exec ok" bin=guestfish duration=65ms outputBytes=0 output=""
time=2026-08-10T10:57:15.567Z level=INFO msg="copied driver" name=viofs
time=2026-08-10T10:57:15.568Z level=INFO msg="guestfs exec" bin=guestfish args="[--remote=134]" scriptLines=2 script="-mkdir-p /Windows/Drivers/VirtIO\n-upload /usr/share/virtio-win/drivers/by-os/amd64/2k19/balloon.cat /Windows/Drivers/VirtIO/balloon.cat"
time=2026-08-10T10:57:15.630Z level=INFO msg="guestfs exec ok" bin=guestfish duration=62ms outputBytes=0 output=""
time=2026-08-10T10:57:15.630Z level=INFO msg="guestfs exec" bin=guestfish args="[--remote=134]" scriptLines=2 script="-mkdir-p /Windows/Drivers/VirtIO\n-upload /usr/share/virtio-win/drivers/by-os/amd64/2k19/balloon.inf /Windows/Drivers/VirtIO/balloon.inf"
time=2026-08-10T10:57:15.698Z level=INFO msg="guestfs exec ok" bin=guestfish duration=68ms outputBytes=0 output=""
time=2026-08-10T10:57:15.698Z level=INFO msg="guestfs exec" bin=guestfish args="[--remote=134]" scriptLines=2 script="-mkdir-p /Windows/Drivers/VirtIO\n-upload /usr/share/virtio-win/drivers/by-os/amd64/2k19/balloon.sys /Windows/Drivers/VirtIO/balloon.sys"
time=2026-08-10T10:57:15.762Z level=INFO msg="guestfs exec ok" bin=guestfish duration=63ms outputBytes=0 output=""
time=2026-08-10T10:57:15.762Z level=INFO msg="guestfs exec" bin=guestfish args="[--remote=134]" scriptLines=2 script="-mkdir-p /Windows/Drivers/VirtIO\n-upload /usr/share/virtio-win/drivers/by-os/amd64/2k19/fwcfg.cat /Windows/Drivers/VirtIO/fwcfg.cat"
time=2026-08-10T10:57:15.825Z level=INFO msg="guestfs exec ok" bin=guestfish duration=64ms outputBytes=0 output=""
time=2026-08-10T10:57:15.826Z level=INFO msg="guestfs exec" bin=guestfish args="[--remote=134]" scriptLines=2 script="-mkdir-p /Windows/Drivers/VirtIO\n-upload /usr/share/virtio-win/drivers/by-os/amd64/2k19/fwcfg.inf /Windows/Drivers/VirtIO/fwcfg.inf"
time=2026-08-10T10:57:15.892Z level=INFO msg="guestfs exec ok" bin=guestfish duration=67ms outputBytes=0 output=""
time=2026-08-10T10:57:15.892Z level=INFO msg="guestfs exec" bin=guestfish args="[--remote=134]" scriptLines=2 script="-mkdir-p /Windows/Drivers/VirtIO\n-upload /usr/share/virtio-win/drivers/by-os/amd64/2k19/fwcfg.sys /Windows/Drivers/VirtIO/fwcfg.sys"
time=2026-08-10T10:57:15.949Z level=INFO msg="guestfs exec ok" bin=guestfish duration=56ms outputBytes=0 output=""
time=2026-08-10T10:57:15.949Z level=INFO msg="guestfs exec" bin=guestfish args="[--remote=134]" scriptLines=2 script="-mkdir-p /Windows/Drivers/VirtIO\n-upload /usr/share/virtio-win/drivers/by-os/amd64/2k19/netkvm.cat /Windows/Drivers/VirtIO/netkvm.cat"
time=2026-08-10T10:57:16.003Z level=INFO msg="guestfs exec ok" bin=guestfish duration=54ms outputBytes=0 output=""
time=2026-08-10T10:57:16.003Z level=INFO msg="guestfs exec" bin=guestfish args="[--remote=134]" scriptLines=2 script="-mkdir-p /Windows/Drivers/VirtIO\n-upload /usr/share/virtio-win/drivers/by-os/amd64/2k19/netkvm.inf /Windows/Drivers/VirtIO/netkvm.inf"
time=2026-08-10T10:57:16.064Z level=INFO msg="guestfs exec ok" bin=guestfish duration=61ms outputBytes=0 output=""
time=2026-08-10T10:57:16.064Z level=INFO msg="guestfs exec" bin=guestfish args="[--remote=134]" scriptLines=2 script="-mkdir-p /Windows/Drivers/VirtIO\n-upload /usr/share/virtio-win/drivers/by-os/amd64/2k19/netkvm.sys /Windows/Drivers/VirtIO/netkvm.sys"
time=2026-08-10T10:57:16.140Z level=INFO msg="guestfs exec ok" bin=guestfish duration=76ms outputBytes=0 output=""
time=2026-08-10T10:57:16.141Z level=INFO msg="guestfs exec" bin=guestfish args="[--remote=134]" scriptLines=2 script="-mkdir-p /Windows/Drivers/VirtIO\n-upload /usr/share/virtio-win/drivers/by-os/amd64/2k19/pvpanic-pci.cat /Windows/Drivers/VirtIO/pvpanic-pci.cat"
time=2026-08-10T10:57:16.204Z level=INFO msg="guestfs exec ok" bin=guestfish duration=63ms outputBytes=0 output=""
time=2026-08-10T10:57:16.204Z level=INFO msg="guestfs exec" bin=guestfish args="[--remote=134]" scriptLines=2 script="-mkdir-p /Windows/Drivers/VirtIO\n-upload /usr/share/virtio-win/drivers/by-os/amd64/2k19/pvpanic-pci.inf /Windows/Drivers/VirtIO/pvpanic-pci.inf"
time=2026-08-10T10:57:16.276Z level=INFO msg="guestfs exec ok" bin=guestfish duration=72ms outputBytes=0 output=""
time=2026-08-10T10:57:16.276Z level=INFO msg="guestfs exec" bin=guestfish args="[--remote=134]" scriptLines=2 script="-mkdir-p /Windows/Drivers/VirtIO\n-upload /usr/share/virtio-win/drivers/by-os/amd64/2k19/pvpanic.cat /Windows/Drivers/VirtIO/pvpanic.cat"
time=2026-08-10T10:57:16.345Z level=INFO msg="guestfs exec ok" bin=guestfish duration=68ms outputBytes=0 output=""
time=2026-08-10T10:57:16.345Z level=INFO msg="guestfs exec" bin=guestfish args="[--remote=134]" scriptLines=2 script="-mkdir-p /Windows/Drivers/VirtIO\n-upload /usr/share/virtio-win/drivers/by-os/amd64/2k19/pvpanic.inf /Windows/Drivers/VirtIO/pvpanic.inf"
time=2026-08-10T10:57:16.409Z level=INFO msg="guestfs exec ok" bin=guestfish duration=65ms outputBytes=0 output=""
time=2026-08-10T10:57:16.410Z level=INFO msg="guestfs exec" bin=guestfish args="[--remote=134]" scriptLines=2 script="-mkdir-p /Windows/Drivers/VirtIO\n-upload /usr/share/virtio-win/drivers/by-os/amd64/2k19/pvpanic.sys /Windows/Drivers/VirtIO/pvpanic.sys"
time=2026-08-10T10:57:16.467Z level=INFO msg="guestfs exec ok" bin=guestfish duration=57ms outputBytes=0 output=""
time=2026-08-10T10:57:16.467Z level=INFO msg="guestfs exec" bin=guestfish args="[--remote=134]" scriptLines=2 script="-mkdir-p /Windows/Drivers/VirtIO\n-upload /usr/share/virtio-win/drivers/by-os/amd64/2k19/qemufwcfg.cat /Windows/Drivers/VirtIO/qemufwcfg.cat"
time=2026-08-10T10:57:16.519Z level=INFO msg="guestfs exec ok" bin=guestfish duration=52ms outputBytes=0 output=""
time=2026-08-10T10:57:16.519Z level=INFO msg="guestfs exec" bin=guestfish args="[--remote=134]" scriptLines=2 script="-mkdir-p /Windows/Drivers/VirtIO\n-upload /usr/share/virtio-win/drivers/by-os/amd64/2k19/qemufwcfg.inf /Windows/Drivers/VirtIO/qemufwcfg.inf"
time=2026-08-10T10:57:16.584Z level=INFO msg="guestfs exec ok" bin=guestfish duration=65ms outputBytes=0 output=""
time=2026-08-10T10:57:16.584Z level=INFO msg="guestfs exec" bin=guestfish args="[--remote=134]" scriptLines=2 script="-mkdir-p /Windows/Drivers/VirtIO\n-upload /usr/share/virtio-win/drivers/by-os/amd64/2k19/qemupciserial.cat /Windows/Drivers/VirtIO/qemupciserial.cat"
time=2026-08-10T10:57:16.659Z level=INFO msg="guestfs exec ok" bin=guestfish duration=75ms outputBytes=0 output=""
time=2026-08-10T10:57:16.659Z level=INFO msg="guestfs exec" bin=guestfish args="[--remote=134]" scriptLines=2 script="-mkdir-p /Windows/Drivers/VirtIO\n-upload /usr/share/virtio-win/drivers/by-os/amd64/2k19/qemupciserial.inf /Windows/Drivers/VirtIO/qemupciserial.inf"
time=2026-08-10T10:57:16.725Z level=INFO msg="guestfs exec ok" bin=guestfish duration=66ms outputBytes=0 output=""
time=2026-08-10T10:57:16.725Z level=INFO msg="guestfs exec" bin=guestfish args="[--remote=134]" scriptLines=2 script="-mkdir-p /Windows/Drivers/VirtIO\n-upload /usr/share/virtio-win/drivers/by-os/amd64/2k19/qxldod.cat /Windows/Drivers/VirtIO/qxldod.cat"
time=2026-08-10T10:57:16.790Z level=INFO msg="guestfs exec ok" bin=guestfish duration=65ms outputBytes=0 output=""
time=2026-08-10T10:57:16.790Z level=INFO msg="guestfs exec" bin=guestfish args="[--remote=134]" scriptLines=2 script="-mkdir-p /Windows/Drivers/VirtIO\n-upload /usr/share/virtio-win/drivers/by-os/amd64/2k19/qxldod.inf /Windows/Drivers/VirtIO/qxldod.inf"
time=2026-08-10T10:57:16.858Z level=INFO msg="guestfs exec ok" bin=guestfish duration=68ms outputBytes=0 output=""
time=2026-08-10T10:57:16.858Z level=INFO msg="guestfs exec" bin=guestfish args="[--remote=134]" scriptLines=2 script="-mkdir-p /Windows/Drivers/VirtIO\n-upload /usr/share/virtio-win/drivers/by-os/amd64/2k19/qxldod.sys /Windows/Drivers/VirtIO/qxldod.sys"
time=2026-08-10T10:57:16.927Z level=INFO msg="guestfs exec ok" bin=guestfish duration=69ms outputBytes=0 output=""
time=2026-08-10T10:57:16.927Z level=INFO msg="guestfs exec" bin=guestfish args="[--remote=134]" scriptLines=2 script="-mkdir-p /Windows/Drivers/VirtIO\n-upload /usr/share/virtio-win/drivers/by-os/amd64/2k19/viofs.cat /Windows/Drivers/VirtIO/viofs.cat"
time=2026-08-10T10:57:16.990Z level=INFO msg="guestfs exec ok" bin=guestfish duration=63ms outputBytes=0 output=""
time=2026-08-10T10:57:16.990Z level=INFO msg="guestfs exec" bin=guestfish args="[--remote=134]" scriptLines=2 script="-mkdir-p /Windows/Drivers/VirtIO\n-upload /usr/share/virtio-win/drivers/by-os/amd64/2k19/viofs.inf /Windows/Drivers/VirtIO/viofs.inf"
time=2026-08-10T10:57:17.048Z level=INFO msg="guestfs exec ok" bin=guestfish duration=58ms outputBytes=0 output=""
time=2026-08-10T10:57:17.048Z level=INFO msg="guestfs exec" bin=guestfish args="[--remote=134]" scriptLines=2 script="-mkdir-p /Windows/Drivers/VirtIO\n-upload /usr/share/virtio-win/drivers/by-os/amd64/2k19/viofs.sys /Windows/Drivers/VirtIO/viofs.sys"
time=2026-08-10T10:57:17.110Z level=INFO msg="guestfs exec ok" bin=guestfish duration=61ms outputBytes=0 output=""
time=2026-08-10T10:57:17.110Z level=INFO msg="guestfs exec" bin=guestfish args="[--remote=134]" scriptLines=2 script="-mkdir-p /Windows/Drivers/VirtIO\n-upload /usr/share/virtio-win/drivers/by-os/amd64/2k19/viogpudo.cat /Windows/Drivers/VirtIO/viogpudo.cat"
time=2026-08-10T10:57:17.168Z level=INFO msg="guestfs exec ok" bin=guestfish duration=58ms outputBytes=0 output=""
time=2026-08-10T10:57:17.168Z level=INFO msg="guestfs exec" bin=guestfish args="[--remote=134]" scriptLines=2 script="-mkdir-p /Windows/Drivers/VirtIO\n-upload /usr/share/virtio-win/drivers/by-os/amd64/2k19/viogpudo.inf /Windows/Drivers/VirtIO/viogpudo.inf"
time=2026-08-10T10:57:17.227Z level=INFO msg="guestfs exec ok" bin=guestfish duration=58ms outputBytes=0 output=""
time=2026-08-10T10:57:17.227Z level=INFO msg="guestfs exec" bin=guestfish args="[--remote=134]" scriptLines=2 script="-mkdir-p /Windows/Drivers/VirtIO\n-upload /usr/share/virtio-win/drivers/by-os/amd64/2k19/viogpudo.sys /Windows/Drivers/VirtIO/viogpudo.sys"
time=2026-08-10T10:57:17.300Z level=INFO msg="guestfs exec ok" bin=guestfish duration=72ms outputBytes=0 output=""
time=2026-08-10T10:57:17.300Z level=INFO msg="guestfs exec" bin=guestfish args="[--remote=134]" scriptLines=2 script="-mkdir-p /Windows/Drivers/VirtIO\n-upload /usr/share/virtio-win/drivers/by-os/amd64/2k19/viohidkmdf.sys /Windows/Drivers/VirtIO/viohidkmdf.sys"
time=2026-08-10T10:57:17.363Z level=INFO msg="guestfs exec ok" bin=guestfish duration=63ms outputBytes=0 output=""
time=2026-08-10T10:57:17.363Z level=INFO msg="guestfs exec" bin=guestfish args="[--remote=134]" scriptLines=2 script="-mkdir-p /Windows/Drivers/VirtIO\n-upload /usr/share/virtio-win/drivers/by-os/amd64/2k19/vioinput.cat /Windows/Drivers/VirtIO/vioinput.cat"
time=2026-08-10T10:57:17.433Z level=INFO msg="guestfs exec ok" bin=guestfish duration=69ms outputBytes=0 output=""
time=2026-08-10T10:57:17.433Z level=INFO msg="guestfs exec" bin=guestfish args="[--remote=134]" scriptLines=2 script="-mkdir-p /Windows/Drivers/VirtIO\n-upload /usr/share/virtio-win/drivers/by-os/amd64/2k19/vioinput.inf /Windows/Drivers/VirtIO/vioinput.inf"
time=2026-08-10T10:57:17.500Z level=INFO msg="guestfs exec ok" bin=guestfish duration=66ms outputBytes=0 output=""
time=2026-08-10T10:57:17.500Z level=INFO msg="guestfs exec" bin=guestfish args="[--remote=134]" scriptLines=2 script="-mkdir-p /Windows/Drivers/VirtIO\n-upload /usr/share/virtio-win/drivers/by-os/amd64/2k19/vioinput.sys /Windows/Drivers/VirtIO/vioinput.sys"
time=2026-08-10T10:57:17.555Z level=INFO msg="guestfs exec ok" bin=guestfish duration=55ms outputBytes=0 output=""
time=2026-08-10T10:57:17.555Z level=INFO msg="guestfs exec" bin=guestfish args="[--remote=134]" scriptLines=2 script="-mkdir-p /Windows/Drivers/VirtIO\n-upload /usr/share/virtio-win/drivers/by-os/amd64/2k19/viomem.cat /Windows/Drivers/VirtIO/viomem.cat"
time=2026-08-10T10:57:17.625Z level=INFO msg="guestfs exec ok" bin=guestfish duration=70ms outputBytes=0 output=""
time=2026-08-10T10:57:17.625Z level=INFO msg="guestfs exec" bin=guestfish args="[--remote=134]" scriptLines=2 script="-mkdir-p /Windows/Drivers/VirtIO\n-upload /usr/share/virtio-win/drivers/by-os/amd64/2k19/viomem.inf /Windows/Drivers/VirtIO/viomem.inf"
time=2026-08-10T10:57:17.698Z level=INFO msg="guestfs exec ok" bin=guestfish duration=73ms outputBytes=0 output=""
time=2026-08-10T10:57:17.699Z level=INFO msg="guestfs exec" bin=guestfish args="[--remote=134]" scriptLines=2 script="-mkdir-p /Windows/Drivers/VirtIO\n-upload /usr/share/virtio-win/drivers/by-os/amd64/2k19/viomem.sys /Windows/Drivers/VirtIO/viomem.sys"
time=2026-08-10T10:57:17.770Z level=INFO msg="guestfs exec ok" bin=guestfish duration=71ms outputBytes=0 output=""
time=2026-08-10T10:57:17.770Z level=INFO msg="guestfs exec" bin=guestfish args="[--remote=134]" scriptLines=2 script="-mkdir-p /Windows/Drivers/VirtIO\n-upload /usr/share/virtio-win/drivers/by-os/amd64/2k19/vioprot.cat /Windows/Drivers/VirtIO/vioprot.cat"
time=2026-08-10T10:57:17.836Z level=INFO msg="guestfs exec ok" bin=guestfish duration=65ms outputBytes=0 output=""
time=2026-08-10T10:57:17.836Z level=INFO msg="guestfs exec" bin=guestfish args="[--remote=134]" scriptLines=2 script="-mkdir-p /Windows/Drivers/VirtIO\n-upload /usr/share/virtio-win/drivers/by-os/amd64/2k19/vioprot.inf /Windows/Drivers/VirtIO/vioprot.inf"
time=2026-08-10T10:57:17.916Z level=INFO msg="guestfs exec ok" bin=guestfish duration=80ms outputBytes=0 output=""
time=2026-08-10T10:57:17.917Z level=INFO msg="guestfs exec" bin=guestfish args="[--remote=134]" scriptLines=2 script="-mkdir-p /Windows/Drivers/VirtIO\n-upload /usr/share/virtio-win/drivers/by-os/amd64/2k19/viorng.cat /Windows/Drivers/VirtIO/viorng.cat"
time=2026-08-10T10:57:18.002Z level=INFO msg="guestfs exec ok" bin=guestfish duration=85ms outputBytes=0 output=""
time=2026-08-10T10:57:18.002Z level=INFO msg="guestfs exec" bin=guestfish args="[--remote=134]" scriptLines=2 script="-mkdir-p /Windows/Drivers/VirtIO\n-upload /usr/share/virtio-win/drivers/by-os/amd64/2k19/viorng.inf /Windows/Drivers/VirtIO/viorng.inf"
time=2026-08-10T10:57:18.064Z level=INFO msg="guestfs exec ok" bin=guestfish duration=62ms outputBytes=0 output=""
time=2026-08-10T10:57:18.064Z level=INFO msg="guestfs exec" bin=guestfish args="[--remote=134]" scriptLines=2 script="-mkdir-p /Windows/Drivers/VirtIO\n-upload /usr/share/virtio-win/drivers/by-os/amd64/2k19/viorng.sys /Windows/Drivers/VirtIO/viorng.sys"
time=2026-08-10T10:57:18.132Z level=INFO msg="guestfs exec ok" bin=guestfish duration=68ms outputBytes=0 output=""
time=2026-08-10T10:57:18.132Z level=INFO msg="guestfs exec" bin=guestfish args="[--remote=134]" scriptLines=2 script="-mkdir-p /Windows/Drivers/VirtIO\n-upload /usr/share/virtio-win/drivers/by-os/amd64/2k19/vioscsi.cat /Windows/Drivers/VirtIO/vioscsi.cat"
time=2026-08-10T10:57:18.193Z level=INFO msg="guestfs exec ok" bin=guestfish duration=61ms outputBytes=0 output=""
time=2026-08-10T10:57:18.193Z level=INFO msg="guestfs exec" bin=guestfish args="[--remote=134]" scriptLines=2 script="-mkdir-p /Windows/Drivers/VirtIO\n-upload /usr/share/virtio-win/drivers/by-os/amd64/2k19/vioscsi.inf /Windows/Drivers/VirtIO/vioscsi.inf"
time=2026-08-10T10:57:18.256Z level=INFO msg="guestfs exec ok" bin=guestfish duration=63ms outputBytes=0 output=""
time=2026-08-10T10:57:18.256Z level=INFO msg="guestfs exec" bin=guestfish args="[--remote=134]" scriptLines=2 script="-mkdir-p /Windows/Drivers/VirtIO\n-upload /usr/share/virtio-win/drivers/by-os/amd64/2k19/vioscsi.sys /Windows/Drivers/VirtIO/vioscsi.sys"
time=2026-08-10T10:57:18.315Z level=INFO msg="guestfs exec ok" bin=guestfish duration=59ms outputBytes=0 output=""
time=2026-08-10T10:57:18.315Z level=INFO msg="guestfs exec" bin=guestfish args="[--remote=134]" scriptLines=2 script="-mkdir-p /Windows/System32/drivers\n-upload /usr/share/virtio-win/drivers/by-os/amd64/2k19/vioscsi.sys /Windows/System32/drivers/vioscsi.sys"
time=2026-08-10T10:57:18.373Z level=INFO msg="guestfs exec ok" bin=guestfish duration=58ms outputBytes=0 output=""
time=2026-08-10T10:57:18.373Z level=INFO msg="guestfs exec" bin=guestfish args="[--remote=134]" scriptLines=2 script="-mkdir-p /Windows/Drivers/VirtIO\n-upload /usr/share/virtio-win/drivers/by-os/amd64/2k19/vioser.cat /Windows/Drivers/VirtIO/vioser.cat"
time=2026-08-10T10:57:18.445Z level=INFO msg="guestfs exec ok" bin=guestfish duration=72ms outputBytes=0 output=""
time=2026-08-10T10:57:18.445Z level=INFO msg="guestfs exec" bin=guestfish args="[--remote=134]" scriptLines=2 script="-mkdir-p /Windows/Drivers/VirtIO\n-upload /usr/share/virtio-win/drivers/by-os/amd64/2k19/vioser.inf /Windows/Drivers/VirtIO/vioser.inf"
time=2026-08-10T10:57:18.500Z level=INFO msg="guestfs exec ok" bin=guestfish duration=55ms outputBytes=0 output=""
time=2026-08-10T10:57:18.500Z level=INFO msg="guestfs exec" bin=guestfish args="[--remote=134]" scriptLines=2 script="-mkdir-p /Windows/Drivers/VirtIO\n-upload /usr/share/virtio-win/drivers/by-os/amd64/2k19/vioser.sys /Windows/Drivers/VirtIO/vioser.sys"
time=2026-08-10T10:57:18.561Z level=INFO msg="guestfs exec ok" bin=guestfish duration=60ms outputBytes=0 output=""
time=2026-08-10T10:57:18.561Z level=INFO msg="guestfs exec" bin=guestfish args="[--remote=134]" scriptLines=2 script="-mkdir-p /Windows/Drivers/VirtIO\n-upload /usr/share/virtio-win/drivers/by-os/amd64/2k19/viosock.cat /Windows/Drivers/VirtIO/viosock.cat"
time=2026-08-10T10:57:18.623Z level=INFO msg="guestfs exec ok" bin=guestfish duration=63ms outputBytes=0 output=""
time=2026-08-10T10:57:18.624Z level=INFO msg="guestfs exec" bin=guestfish args="[--remote=134]" scriptLines=2 script="-mkdir-p /Windows/Drivers/VirtIO\n-upload /usr/share/virtio-win/drivers/by-os/amd64/2k19/viosock.inf /Windows/Drivers/VirtIO/viosock.inf"
time=2026-08-10T10:57:18.689Z level=INFO msg="guestfs exec ok" bin=guestfish duration=65ms outputBytes=0 output=""
time=2026-08-10T10:57:18.689Z level=INFO msg="guestfs exec" bin=guestfish args="[--remote=134]" scriptLines=2 script="-mkdir-p /Windows/Drivers/VirtIO\n-upload /usr/share/virtio-win/drivers/by-os/amd64/2k19/viosock.sys /Windows/Drivers/VirtIO/viosock.sys"
time=2026-08-10T10:57:18.755Z level=INFO msg="guestfs exec ok" bin=guestfish duration=66ms outputBytes=0 output=""
time=2026-08-10T10:57:18.755Z level=INFO msg="guestfs exec" bin=guestfish args="[--remote=134]" scriptLines=2 script="-mkdir-p /Windows/Drivers/VirtIO\n-upload /usr/share/virtio-win/drivers/by-os/amd64/2k19/viostor.cat /Windows/Drivers/VirtIO/viostor.cat"
time=2026-08-10T10:57:18.814Z level=INFO msg="guestfs exec ok" bin=guestfish duration=59ms outputBytes=0 output=""
time=2026-08-10T10:57:18.814Z level=INFO msg="guestfs exec" bin=guestfish args="[--remote=134]" scriptLines=2 script="-mkdir-p /Windows/Drivers/VirtIO\n-upload /usr/share/virtio-win/drivers/by-os/amd64/2k19/viostor.inf /Windows/Drivers/VirtIO/viostor.inf"
time=2026-08-10T10:57:18.880Z level=INFO msg="guestfs exec ok" bin=guestfish duration=66ms outputBytes=0 output=""
time=2026-08-10T10:57:18.881Z level=INFO msg="guestfs exec" bin=guestfish args="[--remote=134]" scriptLines=2 script="-mkdir-p /Windows/Drivers/VirtIO\n-upload /usr/share/virtio-win/drivers/by-os/amd64/2k19/viostor.sys /Windows/Drivers/VirtIO/viostor.sys"
time=2026-08-10T10:57:18.953Z level=INFO msg="guestfs exec ok" bin=guestfish duration=73ms outputBytes=0 output=""
time=2026-08-10T10:57:18.953Z level=INFO msg="guestfs exec" bin=guestfish args="[--remote=134]" scriptLines=2 script="-mkdir-p /Windows/System32/drivers\n-upload /usr/share/virtio-win/drivers/by-os/amd64/2k19/viostor.sys /Windows/System32/drivers/viostor.sys"
time=2026-08-10T10:57:19.021Z level=INFO msg="guestfs exec ok" bin=guestfish duration=67ms outputBytes=0 output=""
time=2026-08-10T10:57:19.021Z level=INFO msg="copied driver" name=viogpudo
time=2026-08-10T10:57:19.021Z level=INFO msg="guestfs exec" bin=guestfish args="[--remote=134]" scriptLines=2 script="-mkdir-p /Windows/Drivers/VirtIO\n-upload /usr/share/virtio-win/drivers/by-os/amd64/2k19/balloon.cat /Windows/Drivers/VirtIO/balloon.cat"
time=2026-08-10T10:57:19.079Z level=INFO msg="guestfs exec ok" bin=guestfish duration=58ms outputBytes=0 output=""
time=2026-08-10T10:57:19.079Z level=INFO msg="guestfs exec" bin=guestfish args="[--remote=134]" scriptLines=2 script="-mkdir-p /Windows/Drivers/VirtIO\n-upload /usr/share/virtio-win/drivers/by-os/amd64/2k19/balloon.inf /Windows/Drivers/VirtIO/balloon.inf"
time=2026-08-10T10:57:19.139Z level=INFO msg="guestfs exec ok" bin=guestfish duration=60ms outputBytes=0 output=""
time=2026-08-10T10:57:19.139Z level=INFO msg="guestfs exec" bin=guestfish args="[--remote=134]" scriptLines=2 script="-mkdir-p /Windows/Drivers/VirtIO\n-upload /usr/share/virtio-win/drivers/by-os/amd64/2k19/balloon.sys /Windows/Drivers/VirtIO/balloon.sys"
time=2026-08-10T10:57:19.197Z level=INFO msg="guestfs exec ok" bin=guestfish duration=58ms outputBytes=0 output=""
time=2026-08-10T10:57:19.197Z level=INFO msg="guestfs exec" bin=guestfish args="[--remote=134]" scriptLines=2 script="-mkdir-p /Windows/Drivers/VirtIO\n-upload /usr/share/virtio-win/drivers/by-os/amd64/2k19/fwcfg.cat /Windows/Drivers/VirtIO/fwcfg.cat"
time=2026-08-10T10:57:19.261Z level=INFO msg="guestfs exec ok" bin=guestfish duration=64ms outputBytes=0 output=""
time=2026-08-10T10:57:19.261Z level=INFO msg="guestfs exec" bin=guestfish args="[--remote=134]" scriptLines=2 script="-mkdir-p /Windows/Drivers/VirtIO\n-upload /usr/share/virtio-win/drivers/by-os/amd64/2k19/fwcfg.inf /Windows/Drivers/VirtIO/fwcfg.inf"
time=2026-08-10T10:57:19.324Z level=INFO msg="guestfs exec ok" bin=guestfish duration=62ms outputBytes=0 output=""
time=2026-08-10T10:57:19.324Z level=INFO msg="guestfs exec" bin=guestfish args="[--remote=134]" scriptLines=2 script="-mkdir-p /Windows/Drivers/VirtIO\n-upload /usr/share/virtio-win/drivers/by-os/amd64/2k19/fwcfg.sys /Windows/Drivers/VirtIO/fwcfg.sys"
time=2026-08-10T10:57:19.383Z level=INFO msg="guestfs exec ok" bin=guestfish duration=59ms outputBytes=0 output=""
time=2026-08-10T10:57:19.383Z level=INFO msg="guestfs exec" bin=guestfish args="[--remote=134]" scriptLines=2 script="-mkdir-p /Windows/Drivers/VirtIO\n-upload /usr/share/virtio-win/drivers/by-os/amd64/2k19/netkvm.cat /Windows/Drivers/VirtIO/netkvm.cat"
time=2026-08-10T10:57:19.443Z level=INFO msg="guestfs exec ok" bin=guestfish duration=59ms outputBytes=0 output=""
time=2026-08-10T10:57:19.443Z level=INFO msg="guestfs exec" bin=guestfish args="[--remote=134]" scriptLines=2 script="-mkdir-p /Windows/Drivers/VirtIO\n-upload /usr/share/virtio-win/drivers/by-os/amd64/2k19/netkvm.inf /Windows/Drivers/VirtIO/netkvm.inf"
time=2026-08-10T10:57:19.501Z level=INFO msg="guestfs exec ok" bin=guestfish duration=59ms outputBytes=0 output=""
time=2026-08-10T10:57:19.502Z level=INFO msg="guestfs exec" bin=guestfish args="[--remote=134]" scriptLines=2 script="-mkdir-p /Windows/Drivers/VirtIO\n-upload /usr/share/virtio-win/drivers/by-os/amd64/2k19/netkvm.sys /Windows/Drivers/VirtIO/netkvm.sys"
time=2026-08-10T10:57:19.563Z level=INFO msg="guestfs exec ok" bin=guestfish duration=61ms outputBytes=0 output=""
time=2026-08-10T10:57:19.563Z level=INFO msg="guestfs exec" bin=guestfish args="[--remote=134]" scriptLines=2 script="-mkdir-p /Windows/Drivers/VirtIO\n-upload /usr/share/virtio-win/drivers/by-os/amd64/2k19/pvpanic-pci.cat /Windows/Drivers/VirtIO/pvpanic-pci.cat"
time=2026-08-10T10:57:19.625Z level=INFO msg="guestfs exec ok" bin=guestfish duration=62ms outputBytes=0 output=""
time=2026-08-10T10:57:19.625Z level=INFO msg="guestfs exec" bin=guestfish args="[--remote=134]" scriptLines=2 script="-mkdir-p /Windows/Drivers/VirtIO\n-upload /usr/share/virtio-win/drivers/by-os/amd64/2k19/pvpanic-pci.inf /Windows/Drivers/VirtIO/pvpanic-pci.inf"
time=2026-08-10T10:57:19.685Z level=INFO msg="guestfs exec ok" bin=guestfish duration=60ms outputBytes=0 output=""
time=2026-08-10T10:57:19.685Z level=INFO msg="guestfs exec" bin=guestfish args="[--remote=134]" scriptLines=2 script="-mkdir-p /Windows/Drivers/VirtIO\n-upload /usr/share/virtio-win/drivers/by-os/amd64/2k19/pvpanic.cat /Windows/Drivers/VirtIO/pvpanic.cat"
time=2026-08-10T10:57:19.742Z level=INFO msg="guestfs exec ok" bin=guestfish duration=56ms outputBytes=0 output=""
time=2026-08-10T10:57:19.742Z level=INFO msg="guestfs exec" bin=guestfish args="[--remote=134]" scriptLines=2 script="-mkdir-p /Windows/Drivers/VirtIO\n-upload /usr/share/virtio-win/drivers/by-os/amd64/2k19/pvpanic.inf /Windows/Drivers/VirtIO/pvpanic.inf"
time=2026-08-10T10:57:19.807Z level=INFO msg="guestfs exec ok" bin=guestfish duration=64ms outputBytes=0 output=""
time=2026-08-10T10:57:19.807Z level=INFO msg="guestfs exec" bin=guestfish args="[--remote=134]" scriptLines=2 script="-mkdir-p /Windows/Drivers/VirtIO\n-upload /usr/share/virtio-win/drivers/by-os/amd64/2k19/pvpanic.sys /Windows/Drivers/VirtIO/pvpanic.sys"
time=2026-08-10T10:57:19.869Z level=INFO msg="guestfs exec ok" bin=guestfish duration=62ms outputBytes=0 output=""
time=2026-08-10T10:57:19.869Z level=INFO msg="guestfs exec" bin=guestfish args="[--remote=134]" scriptLines=2 script="-mkdir-p /Windows/Drivers/VirtIO\n-upload /usr/share/virtio-win/drivers/by-os/amd64/2k19/qemufwcfg.cat /Windows/Drivers/VirtIO/qemufwcfg.cat"
time=2026-08-10T10:57:19.924Z level=INFO msg="guestfs exec ok" bin=guestfish duration=55ms outputBytes=0 output=""
time=2026-08-10T10:57:19.924Z level=INFO msg="guestfs exec" bin=guestfish args="[--remote=134]" scriptLines=2 script="-mkdir-p /Windows/Drivers/VirtIO\n-upload /usr/share/virtio-win/drivers/by-os/amd64/2k19/qemufwcfg.inf /Windows/Drivers/VirtIO/qemufwcfg.inf"
time=2026-08-10T10:57:19.981Z level=INFO msg="guestfs exec ok" bin=guestfish duration=56ms outputBytes=0 output=""
time=2026-08-10T10:57:19.981Z level=INFO msg="guestfs exec" bin=guestfish args="[--remote=134]" scriptLines=2 script="-mkdir-p /Windows/Drivers/VirtIO\n-upload /usr/share/virtio-win/drivers/by-os/amd64/2k19/qemupciserial.cat /Windows/Drivers/VirtIO/qemupciserial.cat"
time=2026-08-10T10:57:20.043Z level=INFO msg="guestfs exec ok" bin=guestfish duration=62ms outputBytes=0 output=""
time=2026-08-10T10:57:20.043Z level=INFO msg="guestfs exec" bin=guestfish args="[--remote=134]" scriptLines=2 script="-mkdir-p /Windows/Drivers/VirtIO\n-upload /usr/share/virtio-win/drivers/by-os/amd64/2k19/qemupciserial.inf /Windows/Drivers/VirtIO/qemupciserial.inf"
time=2026-08-10T10:57:20.100Z level=INFO msg="guestfs exec ok" bin=guestfish duration=57ms outputBytes=0 output=""
time=2026-08-10T10:57:20.100Z level=INFO msg="guestfs exec" bin=guestfish args="[--remote=134]" scriptLines=2 script="-mkdir-p /Windows/Drivers/VirtIO\n-upload /usr/share/virtio-win/drivers/by-os/amd64/2k19/qxldod.cat /Windows/Drivers/VirtIO/qxldod.cat"
time=2026-08-10T10:57:20.156Z level=INFO msg="guestfs exec ok" bin=guestfish duration=56ms outputBytes=0 output=""
time=2026-08-10T10:57:20.156Z level=INFO msg="guestfs exec" bin=guestfish args="[--remote=134]" scriptLines=2 script="-mkdir-p /Windows/Drivers/VirtIO\n-upload /usr/share/virtio-win/drivers/by-os/amd64/2k19/qxldod.inf /Windows/Drivers/VirtIO/qxldod.inf"
time=2026-08-10T10:57:20.214Z level=INFO msg="guestfs exec ok" bin=guestfish duration=58ms outputBytes=0 output=""
time=2026-08-10T10:57:20.214Z level=INFO msg="guestfs exec" bin=guestfish args="[--remote=134]" scriptLines=2 script="-mkdir-p /Windows/Drivers/VirtIO\n-upload /usr/share/virtio-win/drivers/by-os/amd64/2k19/qxldod.sys /Windows/Drivers/VirtIO/qxldod.sys"
time=2026-08-10T10:57:20.273Z level=INFO msg="guestfs exec ok" bin=guestfish duration=59ms outputBytes=0 output=""
time=2026-08-10T10:57:20.273Z level=INFO msg="guestfs exec" bin=guestfish args="[--remote=134]" scriptLines=2 script="-mkdir-p /Windows/Drivers/VirtIO\n-upload /usr/share/virtio-win/drivers/by-os/amd64/2k19/viofs.cat /Windows/Drivers/VirtIO/viofs.cat"
time=2026-08-10T10:57:20.326Z level=INFO msg="guestfs exec ok" bin=guestfish duration=53ms outputBytes=0 output=""
time=2026-08-10T10:57:20.326Z level=INFO msg="guestfs exec" bin=guestfish args="[--remote=134]" scriptLines=2 script="-mkdir-p /Windows/Drivers/VirtIO\n-upload /usr/share/virtio-win/drivers/by-os/amd64/2k19/viofs.inf /Windows/Drivers/VirtIO/viofs.inf"
time=2026-08-10T10:57:20.382Z level=INFO msg="guestfs exec ok" bin=guestfish duration=56ms outputBytes=0 output=""
time=2026-08-10T10:57:20.383Z level=INFO msg="guestfs exec" bin=guestfish args="[--remote=134]" scriptLines=2 script="-mkdir-p /Windows/Drivers/VirtIO\n-upload /usr/share/virtio-win/drivers/by-os/amd64/2k19/viofs.sys /Windows/Drivers/VirtIO/viofs.sys"
time=2026-08-10T10:57:20.434Z level=INFO msg="guestfs exec ok" bin=guestfish duration=51ms outputBytes=0 output=""
time=2026-08-10T10:57:20.434Z level=INFO msg="guestfs exec" bin=guestfish args="[--remote=134]" scriptLines=2 script="-mkdir-p /Windows/Drivers/VirtIO\n-upload /usr/share/virtio-win/drivers/by-os/amd64/2k19/viogpudo.cat /Windows/Drivers/VirtIO/viogpudo.cat"
time=2026-08-10T10:57:20.491Z level=INFO msg="guestfs exec ok" bin=guestfish duration=56ms outputBytes=0 output=""
time=2026-08-10T10:57:20.491Z level=INFO msg="guestfs exec" bin=guestfish args="[--remote=134]" scriptLines=2 script="-mkdir-p /Windows/Drivers/VirtIO\n-upload /usr/share/virtio-win/drivers/by-os/amd64/2k19/viogpudo.inf /Windows/Drivers/VirtIO/viogpudo.inf"
time=2026-08-10T10:57:20.545Z level=INFO msg="guestfs exec ok" bin=guestfish duration=55ms outputBytes=0 output=""
time=2026-08-10T10:57:20.546Z level=INFO msg="guestfs exec" bin=guestfish args="[--remote=134]" scriptLines=2 script="-mkdir-p /Windows/Drivers/VirtIO\n-upload /usr/share/virtio-win/drivers/by-os/amd64/2k19/viogpudo.sys /Windows/Drivers/VirtIO/viogpudo.sys"
time=2026-08-10T10:57:20.607Z level=INFO msg="guestfs exec ok" bin=guestfish duration=61ms outputBytes=0 output=""
time=2026-08-10T10:57:20.607Z level=INFO msg="guestfs exec" bin=guestfish args="[--remote=134]" scriptLines=2 script="-mkdir-p /Windows/Drivers/VirtIO\n-upload /usr/share/virtio-win/drivers/by-os/amd64/2k19/viohidkmdf.sys /Windows/Drivers/VirtIO/viohidkmdf.sys"
time=2026-08-10T10:57:20.666Z level=INFO msg="guestfs exec ok" bin=guestfish duration=59ms outputBytes=0 output=""
time=2026-08-10T10:57:20.666Z level=INFO msg="guestfs exec" bin=guestfish args="[--remote=134]" scriptLines=2 script="-mkdir-p /Windows/Drivers/VirtIO\n-upload /usr/share/virtio-win/drivers/by-os/amd64/2k19/vioinput.cat /Windows/Drivers/VirtIO/vioinput.cat"
time=2026-08-10T10:57:20.717Z level=INFO msg="guestfs exec ok" bin=guestfish duration=51ms outputBytes=0 output=""
time=2026-08-10T10:57:20.717Z level=INFO msg="guestfs exec" bin=guestfish args="[--remote=134]" scriptLines=2 script="-mkdir-p /Windows/Drivers/VirtIO\n-upload /usr/share/virtio-win/drivers/by-os/amd64/2k19/vioinput.inf /Windows/Drivers/VirtIO/vioinput.inf"
time=2026-08-10T10:57:20.770Z level=INFO msg="guestfs exec ok" bin=guestfish duration=53ms outputBytes=0 output=""
time=2026-08-10T10:57:20.770Z level=INFO msg="guestfs exec" bin=guestfish args="[--remote=134]" scriptLines=2 script="-mkdir-p /Windows/Drivers/VirtIO\n-upload /usr/share/virtio-win/drivers/by-os/amd64/2k19/vioinput.sys /Windows/Drivers/VirtIO/vioinput.sys"
time=2026-08-10T10:57:20.829Z level=INFO msg="guestfs exec ok" bin=guestfish duration=59ms outputBytes=0 output=""
time=2026-08-10T10:57:20.830Z level=INFO msg="guestfs exec" bin=guestfish args="[--remote=134]" scriptLines=2 script="-mkdir-p /Windows/Drivers/VirtIO\n-upload /usr/share/virtio-win/drivers/by-os/amd64/2k19/viomem.cat /Windows/Drivers/VirtIO/viomem.cat"
time=2026-08-10T10:57:20.884Z level=INFO msg="guestfs exec ok" bin=guestfish duration=54ms outputBytes=0 output=""
time=2026-08-10T10:57:20.884Z level=INFO msg="guestfs exec" bin=guestfish args="[--remote=134]" scriptLines=2 script="-mkdir-p /Windows/Drivers/VirtIO\n-upload /usr/share/virtio-win/drivers/by-os/amd64/2k19/viomem.inf /Windows/Drivers/VirtIO/viomem.inf"
time=2026-08-10T10:57:20.936Z level=INFO msg="guestfs exec ok" bin=guestfish duration=52ms outputBytes=0 output=""
time=2026-08-10T10:57:20.936Z level=INFO msg="guestfs exec" bin=guestfish args="[--remote=134]" scriptLines=2 script="-mkdir-p /Windows/Drivers/VirtIO\n-upload /usr/share/virtio-win/drivers/by-os/amd64/2k19/viomem.sys /Windows/Drivers/VirtIO/viomem.sys"
time=2026-08-10T10:57:20.993Z level=INFO msg="guestfs exec ok" bin=guestfish duration=57ms outputBytes=0 output=""
time=2026-08-10T10:57:20.993Z level=INFO msg="guestfs exec" bin=guestfish args="[--remote=134]" scriptLines=2 script="-mkdir-p /Windows/Drivers/VirtIO\n-upload /usr/share/virtio-win/drivers/by-os/amd64/2k19/vioprot.cat /Windows/Drivers/VirtIO/vioprot.cat"
time=2026-08-10T10:57:21.051Z level=INFO msg="guestfs exec ok" bin=guestfish duration=57ms outputBytes=0 output=""
time=2026-08-10T10:57:21.051Z level=INFO msg="guestfs exec" bin=guestfish args="[--remote=134]" scriptLines=2 script="-mkdir-p /Windows/Drivers/VirtIO\n-upload /usr/share/virtio-win/drivers/by-os/amd64/2k19/vioprot.inf /Windows/Drivers/VirtIO/vioprot.inf"
time=2026-08-10T10:57:21.111Z level=INFO msg="guestfs exec ok" bin=guestfish duration=60ms outputBytes=0 output=""
time=2026-08-10T10:57:21.111Z level=INFO msg="guestfs exec" bin=guestfish args="[--remote=134]" scriptLines=2 script="-mkdir-p /Windows/Drivers/VirtIO\n-upload /usr/share/virtio-win/drivers/by-os/amd64/2k19/viorng.cat /Windows/Drivers/VirtIO/viorng.cat"
time=2026-08-10T10:57:21.163Z level=INFO msg="guestfs exec ok" bin=guestfish duration=52ms outputBytes=0 output=""
time=2026-08-10T10:57:21.164Z level=INFO msg="guestfs exec" bin=guestfish args="[--remote=134]" scriptLines=2 script="-mkdir-p /Windows/Drivers/VirtIO\n-upload /usr/share/virtio-win/drivers/by-os/amd64/2k19/viorng.inf /Windows/Drivers/VirtIO/viorng.inf"
time=2026-08-10T10:57:21.220Z level=INFO msg="guestfs exec ok" bin=guestfish duration=56ms outputBytes=0 output=""
time=2026-08-10T10:57:21.220Z level=INFO msg="guestfs exec" bin=guestfish args="[--remote=134]" scriptLines=2 script="-mkdir-p /Windows/Drivers/VirtIO\n-upload /usr/share/virtio-win/drivers/by-os/amd64/2k19/viorng.sys /Windows/Drivers/VirtIO/viorng.sys"
time=2026-08-10T10:57:21.279Z level=INFO msg="guestfs exec ok" bin=guestfish duration=59ms outputBytes=0 output=""
time=2026-08-10T10:57:21.279Z level=INFO msg="guestfs exec" bin=guestfish args="[--remote=134]" scriptLines=2 script="-mkdir-p /Windows/Drivers/VirtIO\n-upload /usr/share/virtio-win/drivers/by-os/amd64/2k19/vioscsi.cat /Windows/Drivers/VirtIO/vioscsi.cat"
time=2026-08-10T10:57:21.335Z level=INFO msg="guestfs exec ok" bin=guestfish duration=56ms outputBytes=0 output=""
time=2026-08-10T10:57:21.336Z level=INFO msg="guestfs exec" bin=guestfish args="[--remote=134]" scriptLines=2 script="-mkdir-p /Windows/Drivers/VirtIO\n-upload /usr/share/virtio-win/drivers/by-os/amd64/2k19/vioscsi.inf /Windows/Drivers/VirtIO/vioscsi.inf"
time=2026-08-10T10:57:21.393Z level=INFO msg="guestfs exec ok" bin=guestfish duration=57ms outputBytes=0 output=""
time=2026-08-10T10:57:21.393Z level=INFO msg="guestfs exec" bin=guestfish args="[--remote=134]" scriptLines=2 script="-mkdir-p /Windows/Drivers/VirtIO\n-upload /usr/share/virtio-win/drivers/by-os/amd64/2k19/vioscsi.sys /Windows/Drivers/VirtIO/vioscsi.sys"
time=2026-08-10T10:57:21.452Z level=INFO msg="guestfs exec ok" bin=guestfish duration=59ms outputBytes=0 output=""
time=2026-08-10T10:57:21.452Z level=INFO msg="guestfs exec" bin=guestfish args="[--remote=134]" scriptLines=2 script="-mkdir-p /Windows/System32/drivers\n-upload /usr/share/virtio-win/drivers/by-os/amd64/2k19/vioscsi.sys /Windows/System32/drivers/vioscsi.sys"
time=2026-08-10T10:57:21.507Z level=INFO msg="guestfs exec ok" bin=guestfish duration=55ms outputBytes=0 output=""
time=2026-08-10T10:57:21.507Z level=INFO msg="guestfs exec" bin=guestfish args="[--remote=134]" scriptLines=2 script="-mkdir-p /Windows/Drivers/VirtIO\n-upload /usr/share/virtio-win/drivers/by-os/amd64/2k19/vioser.cat /Windows/Drivers/VirtIO/vioser.cat"
time=2026-08-10T10:57:21.560Z level=INFO msg="guestfs exec ok" bin=guestfish duration=53ms outputBytes=0 output=""
time=2026-08-10T10:57:21.560Z level=INFO msg="guestfs exec" bin=guestfish args="[--remote=134]" scriptLines=2 script="-mkdir-p /Windows/Drivers/VirtIO\n-upload /usr/share/virtio-win/drivers/by-os/amd64/2k19/vioser.inf /Windows/Drivers/VirtIO/vioser.inf"
time=2026-08-10T10:57:21.623Z level=INFO msg="guestfs exec ok" bin=guestfish duration=63ms outputBytes=0 output=""
time=2026-08-10T10:57:21.623Z level=INFO msg="guestfs exec" bin=guestfish args="[--remote=134]" scriptLines=2 script="-mkdir-p /Windows/Drivers/VirtIO\n-upload /usr/share/virtio-win/drivers/by-os/amd64/2k19/vioser.sys /Windows/Drivers/VirtIO/vioser.sys"
time=2026-08-10T10:57:21.681Z level=INFO msg="guestfs exec ok" bin=guestfish duration=57ms outputBytes=0 output=""
time=2026-08-10T10:57:21.681Z level=INFO msg="guestfs exec" bin=guestfish args="[--remote=134]" scriptLines=2 script="-mkdir-p /Windows/Drivers/VirtIO\n-upload /usr/share/virtio-win/drivers/by-os/amd64/2k19/viosock.cat /Windows/Drivers/VirtIO/viosock.cat"
time=2026-08-10T10:57:21.735Z level=INFO msg="guestfs exec ok" bin=guestfish duration=54ms outputBytes=0 output=""
time=2026-08-10T10:57:21.735Z level=INFO msg="guestfs exec" bin=guestfish args="[--remote=134]" scriptLines=2 script="-mkdir-p /Windows/Drivers/VirtIO\n-upload /usr/share/virtio-win/drivers/by-os/amd64/2k19/viosock.inf /Windows/Drivers/VirtIO/viosock.inf"
time=2026-08-10T10:57:21.783Z level=INFO msg="guestfs exec ok" bin=guestfish duration=48ms outputBytes=0 output=""
time=2026-08-10T10:57:21.783Z level=INFO msg="guestfs exec" bin=guestfish args="[--remote=134]" scriptLines=2 script="-mkdir-p /Windows/Drivers/VirtIO\n-upload /usr/share/virtio-win/drivers/by-os/amd64/2k19/viosock.sys /Windows/Drivers/VirtIO/viosock.sys"
time=2026-08-10T10:57:21.842Z level=INFO msg="guestfs exec ok" bin=guestfish duration=58ms outputBytes=0 output=""
time=2026-08-10T10:57:21.842Z level=INFO msg="guestfs exec" bin=guestfish args="[--remote=134]" scriptLines=2 script="-mkdir-p /Windows/Drivers/VirtIO\n-upload /usr/share/virtio-win/drivers/by-os/amd64/2k19/viostor.cat /Windows/Drivers/VirtIO/viostor.cat"
time=2026-08-10T10:57:21.894Z level=INFO msg="guestfs exec ok" bin=guestfish duration=52ms outputBytes=0 output=""
time=2026-08-10T10:57:21.894Z level=INFO msg="guestfs exec" bin=guestfish args="[--remote=134]" scriptLines=2 script="-mkdir-p /Windows/Drivers/VirtIO\n-upload /usr/share/virtio-win/drivers/by-os/amd64/2k19/viostor.inf /Windows/Drivers/VirtIO/viostor.inf"
time=2026-08-10T10:57:21.943Z level=INFO msg="guestfs exec ok" bin=guestfish duration=49ms outputBytes=0 output=""
time=2026-08-10T10:57:21.943Z level=INFO msg="guestfs exec" bin=guestfish args="[--remote=134]" scriptLines=2 script="-mkdir-p /Windows/Drivers/VirtIO\n-upload /usr/share/virtio-win/drivers/by-os/amd64/2k19/viostor.sys /Windows/Drivers/VirtIO/viostor.sys"
time=2026-08-10T10:57:21.990Z level=INFO msg="guestfs exec ok" bin=guestfish duration=47ms outputBytes=0 output=""
time=2026-08-10T10:57:21.990Z level=INFO msg="guestfs exec" bin=guestfish args="[--remote=134]" scriptLines=2 script="-mkdir-p /Windows/System32/drivers\n-upload /usr/share/virtio-win/drivers/by-os/amd64/2k19/viostor.sys /Windows/System32/drivers/viostor.sys"
time=2026-08-10T10:57:22.048Z level=INFO msg="guestfs exec ok" bin=guestfish duration=58ms outputBytes=0 output=""
time=2026-08-10T10:57:22.048Z level=INFO msg="copied driver" name=vioinput
time=2026-08-10T10:57:22.048Z level=INFO msg="guestfs exec" bin=guestfish args="[--remote=134]" scriptLines=2 script="-mkdir-p /Windows/Drivers/VirtIO\n-upload /usr/share/virtio-win/drivers/by-os/amd64/2k19/balloon.cat /Windows/Drivers/VirtIO/balloon.cat"
time=2026-08-10T10:57:22.104Z level=INFO msg="guestfs exec ok" bin=guestfish duration=56ms outputBytes=0 output=""
time=2026-08-10T10:57:22.104Z level=INFO msg="guestfs exec" bin=guestfish args="[--remote=134]" scriptLines=2 script="-mkdir-p /Windows/Drivers/VirtIO\n-upload /usr/share/virtio-win/drivers/by-os/amd64/2k19/balloon.inf /Windows/Drivers/VirtIO/balloon.inf"
time=2026-08-10T10:57:22.152Z level=INFO msg="guestfs exec ok" bin=guestfish duration=48ms outputBytes=0 output=""
time=2026-08-10T10:57:22.152Z level=INFO msg="guestfs exec" bin=guestfish args="[--remote=134]" scriptLines=2 script="-mkdir-p /Windows/Drivers/VirtIO\n-upload /usr/share/virtio-win/drivers/by-os/amd64/2k19/balloon.sys /Windows/Drivers/VirtIO/balloon.sys"
time=2026-08-10T10:57:22.201Z level=INFO msg="guestfs exec ok" bin=guestfish duration=49ms outputBytes=0 output=""
time=2026-08-10T10:57:22.201Z level=INFO msg="guestfs exec" bin=guestfish args="[--remote=134]" scriptLines=2 script="-mkdir-p /Windows/Drivers/VirtIO\n-upload /usr/share/virtio-win/drivers/by-os/amd64/2k19/fwcfg.cat /Windows/Drivers/VirtIO/fwcfg.cat"
time=2026-08-10T10:57:22.254Z level=INFO msg="guestfs exec ok" bin=guestfish duration=52ms outputBytes=0 output=""
time=2026-08-10T10:57:22.254Z level=INFO msg="guestfs exec" bin=guestfish args="[--remote=134]" scriptLines=2 script="-mkdir-p /Windows/Drivers/VirtIO\n-upload /usr/share/virtio-win/drivers/by-os/amd64/2k19/fwcfg.inf /Windows/Drivers/VirtIO/fwcfg.inf"
time=2026-08-10T10:57:22.304Z level=INFO msg="guestfs exec ok" bin=guestfish duration=50ms outputBytes=0 output=""
time=2026-08-10T10:57:22.304Z level=INFO msg="guestfs exec" bin=guestfish args="[--remote=134]" scriptLines=2 script="-mkdir-p /Windows/Drivers/VirtIO\n-upload /usr/share/virtio-win/drivers/by-os/amd64/2k19/fwcfg.sys /Windows/Drivers/VirtIO/fwcfg.sys"
time=2026-08-10T10:57:22.354Z level=INFO msg="guestfs exec ok" bin=guestfish duration=50ms outputBytes=0 output=""
time=2026-08-10T10:57:22.354Z level=INFO msg="guestfs exec" bin=guestfish args="[--remote=134]" scriptLines=2 script="-mkdir-p /Windows/Drivers/VirtIO\n-upload /usr/share/virtio-win/drivers/by-os/amd64/2k19/netkvm.cat /Windows/Drivers/VirtIO/netkvm.cat"
time=2026-08-10T10:57:22.407Z level=INFO msg="guestfs exec ok" bin=guestfish duration=53ms outputBytes=0 output=""
time=2026-08-10T10:57:22.407Z level=INFO msg="guestfs exec" bin=guestfish args="[--remote=134]" scriptLines=2 script="-mkdir-p /Windows/Drivers/VirtIO\n-upload /usr/share/virtio-win/drivers/by-os/amd64/2k19/netkvm.inf /Windows/Drivers/VirtIO/netkvm.inf"
time=2026-08-10T10:57:22.459Z level=INFO msg="guestfs exec ok" bin=guestfish duration=52ms outputBytes=0 output=""
time=2026-08-10T10:57:22.459Z level=INFO msg="guestfs exec" bin=guestfish args="[--remote=134]" scriptLines=2 script="-mkdir-p /Windows/Drivers/VirtIO\n-upload /usr/share/virtio-win/drivers/by-os/amd64/2k19/netkvm.sys /Windows/Drivers/VirtIO/netkvm.sys"
time=2026-08-10T10:57:22.512Z level=INFO msg="guestfs exec ok" bin=guestfish duration=53ms outputBytes=0 output=""
time=2026-08-10T10:57:22.512Z level=INFO msg="guestfs exec" bin=guestfish args="[--remote=134]" scriptLines=2 script="-mkdir-p /Windows/Drivers/VirtIO\n-upload /usr/share/virtio-win/drivers/by-os/amd64/2k19/pvpanic-pci.cat /Windows/Drivers/VirtIO/pvpanic-pci.cat"
time=2026-08-10T10:57:22.562Z level=INFO msg="guestfs exec ok" bin=guestfish duration=49ms outputBytes=0 output=""
time=2026-08-10T10:57:22.562Z level=INFO msg="guestfs exec" bin=guestfish args="[--remote=134]" scriptLines=2 script="-mkdir-p /Windows/Drivers/VirtIO\n-upload /usr/share/virtio-win/drivers/by-os/amd64/2k19/pvpanic-pci.inf /Windows/Drivers/VirtIO/pvpanic-pci.inf"
time=2026-08-10T10:57:22.616Z level=INFO msg="guestfs exec ok" bin=guestfish duration=54ms outputBytes=0 output=""
time=2026-08-10T10:57:22.616Z level=INFO msg="guestfs exec" bin=guestfish args="[--remote=134]" scriptLines=2 script="-mkdir-p /Windows/Drivers/VirtIO\n-upload /usr/share/virtio-win/drivers/by-os/amd64/2k19/pvpanic.cat /Windows/Drivers/VirtIO/pvpanic.cat"
time=2026-08-10T10:57:22.681Z level=INFO msg="guestfs exec ok" bin=guestfish duration=64ms outputBytes=0 output=""
time=2026-08-10T10:57:22.681Z level=INFO msg="guestfs exec" bin=guestfish args="[--remote=134]" scriptLines=2 script="-mkdir-p /Windows/Drivers/VirtIO\n-upload /usr/share/virtio-win/drivers/by-os/amd64/2k19/pvpanic.inf /Windows/Drivers/VirtIO/pvpanic.inf"
time=2026-08-10T10:57:22.729Z level=INFO msg="guestfs exec ok" bin=guestfish duration=48ms outputBytes=0 output=""
time=2026-08-10T10:57:22.729Z level=INFO msg="guestfs exec" bin=guestfish args="[--remote=134]" scriptLines=2 script="-mkdir-p /Windows/Drivers/VirtIO\n-upload /usr/share/virtio-win/drivers/by-os/amd64/2k19/pvpanic.sys /Windows/Drivers/VirtIO/pvpanic.sys"
time=2026-08-10T10:57:22.778Z level=INFO msg="guestfs exec ok" bin=guestfish duration=49ms outputBytes=0 output=""
time=2026-08-10T10:57:22.779Z level=INFO msg="guestfs exec" bin=guestfish args="[--remote=134]" scriptLines=2 script="-mkdir-p /Windows/Drivers/VirtIO\n-upload /usr/share/virtio-win/drivers/by-os/amd64/2k19/qemufwcfg.cat /Windows/Drivers/VirtIO/qemufwcfg.cat"
time=2026-08-10T10:57:22.828Z level=INFO msg="guestfs exec ok" bin=guestfish duration=49ms outputBytes=0 output=""
time=2026-08-10T10:57:22.828Z level=INFO msg="guestfs exec" bin=guestfish args="[--remote=134]" scriptLines=2 script="-mkdir-p /Windows/Drivers/VirtIO\n-upload /usr/share/virtio-win/drivers/by-os/amd64/2k19/qemufwcfg.inf /Windows/Drivers/VirtIO/qemufwcfg.inf"
time=2026-08-10T10:57:22.879Z level=INFO msg="guestfs exec ok" bin=guestfish duration=51ms outputBytes=0 output=""
time=2026-08-10T10:57:22.879Z level=INFO msg="guestfs exec" bin=guestfish args="[--remote=134]" scriptLines=2 script="-mkdir-p /Windows/Drivers/VirtIO\n-upload /usr/share/virtio-win/drivers/by-os/amd64/2k19/qemupciserial.cat /Windows/Drivers/VirtIO/qemupciserial.cat"
time=2026-08-10T10:57:22.933Z level=INFO msg="guestfs exec ok" bin=guestfish duration=54ms outputBytes=0 output=""
time=2026-08-10T10:57:22.933Z level=INFO msg="guestfs exec" bin=guestfish args="[--remote=134]" scriptLines=2 script="-mkdir-p /Windows/Drivers/VirtIO\n-upload /usr/share/virtio-win/drivers/by-os/amd64/2k19/qemupciserial.inf /Windows/Drivers/VirtIO/qemupciserial.inf"
time=2026-08-10T10:57:22.987Z level=INFO msg="guestfs exec ok" bin=guestfish duration=53ms outputBytes=0 output=""
time=2026-08-10T10:57:22.987Z level=INFO msg="guestfs exec" bin=guestfish args="[--remote=134]" scriptLines=2 script="-mkdir-p /Windows/Drivers/VirtIO\n-upload /usr/share/virtio-win/drivers/by-os/amd64/2k19/qxldod.cat /Windows/Drivers/VirtIO/qxldod.cat"
time=2026-08-10T10:57:23.038Z level=INFO msg="guestfs exec ok" bin=guestfish duration=51ms outputBytes=0 output=""
time=2026-08-10T10:57:23.038Z level=INFO msg="guestfs exec" bin=guestfish args="[--remote=134]" scriptLines=2 script="-mkdir-p /Windows/Drivers/VirtIO\n-upload /usr/share/virtio-win/drivers/by-os/amd64/2k19/qxldod.inf /Windows/Drivers/VirtIO/qxldod.inf"
time=2026-08-10T10:57:23.097Z level=INFO msg="guestfs exec ok" bin=guestfish duration=59ms outputBytes=0 output=""
time=2026-08-10T10:57:23.098Z level=INFO msg="guestfs exec" bin=guestfish args="[--remote=134]" scriptLines=2 script="-mkdir-p /Windows/Drivers/VirtIO\n-upload /usr/share/virtio-win/drivers/by-os/amd64/2k19/qxldod.sys /Windows/Drivers/VirtIO/qxldod.sys"
time=2026-08-10T10:57:23.162Z level=INFO msg="guestfs exec ok" bin=guestfish duration=64ms outputBytes=0 output=""
time=2026-08-10T10:57:23.162Z level=INFO msg="guestfs exec" bin=guestfish args="[--remote=134]" scriptLines=2 script="-mkdir-p /Windows/Drivers/VirtIO\n-upload /usr/share/virtio-win/drivers/by-os/amd64/2k19/viofs.cat /Windows/Drivers/VirtIO/viofs.cat"
time=2026-08-10T10:57:23.218Z level=INFO msg="guestfs exec ok" bin=guestfish duration=57ms outputBytes=0 output=""
time=2026-08-10T10:57:23.218Z level=INFO msg="guestfs exec" bin=guestfish args="[--remote=134]" scriptLines=2 script="-mkdir-p /Windows/Drivers/VirtIO\n-upload /usr/share/virtio-win/drivers/by-os/amd64/2k19/viofs.inf /Windows/Drivers/VirtIO/viofs.inf"
time=2026-08-10T10:57:23.266Z level=INFO msg="guestfs exec ok" bin=guestfish duration=47ms outputBytes=0 output=""
time=2026-08-10T10:57:23.266Z level=INFO msg="guestfs exec" bin=guestfish args="[--remote=134]" scriptLines=2 script="-mkdir-p /Windows/Drivers/VirtIO\n-upload /usr/share/virtio-win/drivers/by-os/amd64/2k19/viofs.sys /Windows/Drivers/VirtIO/viofs.sys"
time=2026-08-10T10:57:23.318Z level=INFO msg="guestfs exec ok" bin=guestfish duration=52ms outputBytes=0 output=""
time=2026-08-10T10:57:23.319Z level=INFO msg="guestfs exec" bin=guestfish args="[--remote=134]" scriptLines=2 script="-mkdir-p /Windows/Drivers/VirtIO\n-upload /usr/share/virtio-win/drivers/by-os/amd64/2k19/viogpudo.cat /Windows/Drivers/VirtIO/viogpudo.cat"
time=2026-08-10T10:57:23.378Z level=INFO msg="guestfs exec ok" bin=guestfish duration=59ms outputBytes=0 output=""
time=2026-08-10T10:57:23.378Z level=INFO msg="guestfs exec" bin=guestfish args="[--remote=134]" scriptLines=2 script="-mkdir-p /Windows/Drivers/VirtIO\n-upload /usr/share/virtio-win/drivers/by-os/amd64/2k19/viogpudo.inf /Windows/Drivers/VirtIO/viogpudo.inf"
time=2026-08-10T10:57:23.436Z level=INFO msg="guestfs exec ok" bin=guestfish duration=59ms outputBytes=0 output=""
time=2026-08-10T10:57:23.436Z level=INFO msg="guestfs exec" bin=guestfish args="[--remote=134]" scriptLines=2 script="-mkdir-p /Windows/Drivers/VirtIO\n-upload /usr/share/virtio-win/drivers/by-os/amd64/2k19/viogpudo.sys /Windows/Drivers/VirtIO/viogpudo.sys"
time=2026-08-10T10:57:23.488Z level=INFO msg="guestfs exec ok" bin=guestfish duration=52ms outputBytes=0 output=""
time=2026-08-10T10:57:23.488Z level=INFO msg="guestfs exec" bin=guestfish args="[--remote=134]" scriptLines=2 script="-mkdir-p /Windows/Drivers/VirtIO\n-upload /usr/share/virtio-win/drivers/by-os/amd64/2k19/viohidkmdf.sys /Windows/Drivers/VirtIO/viohidkmdf.sys"
time=2026-08-10T10:57:23.539Z level=INFO msg="guestfs exec ok" bin=guestfish duration=51ms outputBytes=0 output=""
time=2026-08-10T10:57:23.539Z level=INFO msg="guestfs exec" bin=guestfish args="[--remote=134]" scriptLines=2 script="-mkdir-p /Windows/Drivers/VirtIO\n-upload /usr/share/virtio-win/drivers/by-os/amd64/2k19/vioinput.cat /Windows/Drivers/VirtIO/vioinput.cat"
time=2026-08-10T10:57:23.596Z level=INFO msg="guestfs exec ok" bin=guestfish duration=57ms outputBytes=0 output=""
time=2026-08-10T10:57:23.596Z level=INFO msg="guestfs exec" bin=guestfish args="[--remote=134]" scriptLines=2 script="-mkdir-p /Windows/Drivers/VirtIO\n-upload /usr/share/virtio-win/drivers/by-os/amd64/2k19/vioinput.inf /Windows/Drivers/VirtIO/vioinput.inf"
time=2026-08-10T10:57:23.658Z level=INFO msg="guestfs exec ok" bin=guestfish duration=62ms outputBytes=0 output=""
time=2026-08-10T10:57:23.658Z level=INFO msg="guestfs exec" bin=guestfish args="[--remote=134]" scriptLines=2 script="-mkdir-p /Windows/Drivers/VirtIO\n-upload /usr/share/virtio-win/drivers/by-os/amd64/2k19/vioinput.sys /Windows/Drivers/VirtIO/vioinput.sys"
time=2026-08-10T10:57:23.713Z level=INFO msg="guestfs exec ok" bin=guestfish duration=55ms outputBytes=0 output=""
time=2026-08-10T10:57:23.713Z level=INFO msg="guestfs exec" bin=guestfish args="[--remote=134]" scriptLines=2 script="-mkdir-p /Windows/Drivers/VirtIO\n-upload /usr/share/virtio-win/drivers/by-os/amd64/2k19/viomem.cat /Windows/Drivers/VirtIO/viomem.cat"
time=2026-08-10T10:57:23.772Z level=INFO msg="guestfs exec ok" bin=guestfish duration=59ms outputBytes=0 output=""
time=2026-08-10T10:57:23.773Z level=INFO msg="guestfs exec" bin=guestfish args="[--remote=134]" scriptLines=2 script="-mkdir-p /Windows/Drivers/VirtIO\n-upload /usr/share/virtio-win/drivers/by-os/amd64/2k19/viomem.inf /Windows/Drivers/VirtIO/viomem.inf"
time=2026-08-10T10:57:23.826Z level=INFO msg="guestfs exec ok" bin=guestfish duration=53ms outputBytes=0 output=""
time=2026-08-10T10:57:23.826Z level=INFO msg="guestfs exec" bin=guestfish args="[--remote=134]" scriptLines=2 script="-mkdir-p /Windows/Drivers/VirtIO\n-upload /usr/share/virtio-win/drivers/by-os/amd64/2k19/viomem.sys /Windows/Drivers/VirtIO/viomem.sys"
time=2026-08-10T10:57:23.875Z level=INFO msg="guestfs exec ok" bin=guestfish duration=49ms outputBytes=0 output=""
time=2026-08-10T10:57:23.875Z level=INFO msg="guestfs exec" bin=guestfish args="[--remote=134]" scriptLines=2 script="-mkdir-p /Windows/Drivers/VirtIO\n-upload /usr/share/virtio-win/drivers/by-os/amd64/2k19/vioprot.cat /Windows/Drivers/VirtIO/vioprot.cat"
time=2026-08-10T10:57:23.927Z level=INFO msg="guestfs exec ok" bin=guestfish duration=52ms outputBytes=0 output=""
time=2026-08-10T10:57:23.927Z level=INFO msg="guestfs exec" bin=guestfish args="[--remote=134]" scriptLines=2 script="-mkdir-p /Windows/Drivers/VirtIO\n-upload /usr/share/virtio-win/drivers/by-os/amd64/2k19/vioprot.inf /Windows/Drivers/VirtIO/vioprot.inf"
time=2026-08-10T10:57:23.974Z level=INFO msg="guestfs exec ok" bin=guestfish duration=47ms outputBytes=0 output=""
time=2026-08-10T10:57:23.974Z level=INFO msg="guestfs exec" bin=guestfish args="[--remote=134]" scriptLines=2 script="-mkdir-p /Windows/Drivers/VirtIO\n-upload /usr/share/virtio-win/drivers/by-os/amd64/2k19/viorng.cat /Windows/Drivers/VirtIO/viorng.cat"
time=2026-08-10T10:57:24.033Z level=INFO msg="guestfs exec ok" bin=guestfish duration=58ms outputBytes=0 output=""
time=2026-08-10T10:57:24.033Z level=INFO msg="guestfs exec" bin=guestfish args="[--remote=134]" scriptLines=2 script="-mkdir-p /Windows/Drivers/VirtIO\n-upload /usr/share/virtio-win/drivers/by-os/amd64/2k19/viorng.inf /Windows/Drivers/VirtIO/viorng.inf"
time=2026-08-10T10:57:24.088Z level=INFO msg="guestfs exec ok" bin=guestfish duration=56ms outputBytes=0 output=""
time=2026-08-10T10:57:24.089Z level=INFO msg="guestfs exec" bin=guestfish args="[--remote=134]" scriptLines=2 script="-mkdir-p /Windows/Drivers/VirtIO\n-upload /usr/share/virtio-win/drivers/by-os/amd64/2k19/viorng.sys /Windows/Drivers/VirtIO/viorng.sys"
time=2026-08-10T10:57:24.149Z level=INFO msg="guestfs exec ok" bin=guestfish duration=60ms outputBytes=0 output=""
time=2026-08-10T10:57:24.149Z level=INFO msg="guestfs exec" bin=guestfish args="[--remote=134]" scriptLines=2 script="-mkdir-p /Windows/Drivers/VirtIO\n-upload /usr/share/virtio-win/drivers/by-os/amd64/2k19/vioscsi.cat /Windows/Drivers/VirtIO/vioscsi.cat"
time=2026-08-10T10:57:24.211Z level=INFO msg="guestfs exec ok" bin=guestfish duration=61ms outputBytes=0 output=""
time=2026-08-10T10:57:24.211Z level=INFO msg="guestfs exec" bin=guestfish args="[--remote=134]" scriptLines=2 script="-mkdir-p /Windows/Drivers/VirtIO\n-upload /usr/share/virtio-win/drivers/by-os/amd64/2k19/vioscsi.inf /Windows/Drivers/VirtIO/vioscsi.inf"
time=2026-08-10T10:57:24.267Z level=INFO msg="guestfs exec ok" bin=guestfish duration=56ms outputBytes=0 output=""
time=2026-08-10T10:57:24.267Z level=INFO msg="guestfs exec" bin=guestfish args="[--remote=134]" scriptLines=2 script="-mkdir-p /Windows/Drivers/VirtIO\n-upload /usr/share/virtio-win/drivers/by-os/amd64/2k19/vioscsi.sys /Windows/Drivers/VirtIO/vioscsi.sys"
time=2026-08-10T10:57:24.323Z level=INFO msg="guestfs exec ok" bin=guestfish duration=55ms outputBytes=0 output=""
time=2026-08-10T10:57:24.323Z level=INFO msg="guestfs exec" bin=guestfish args="[--remote=134]" scriptLines=2 script="-mkdir-p /Windows/System32/drivers\n-upload /usr/share/virtio-win/drivers/by-os/amd64/2k19/vioscsi.sys /Windows/System32/drivers/vioscsi.sys"
time=2026-08-10T10:57:24.378Z level=INFO msg="guestfs exec ok" bin=guestfish duration=55ms outputBytes=0 output=""
time=2026-08-10T10:57:24.378Z level=INFO msg="guestfs exec" bin=guestfish args="[--remote=134]" scriptLines=2 script="-mkdir-p /Windows/Drivers/VirtIO\n-upload /usr/share/virtio-win/drivers/by-os/amd64/2k19/vioser.cat /Windows/Drivers/VirtIO/vioser.cat"
time=2026-08-10T10:57:24.437Z level=INFO msg="guestfs exec ok" bin=guestfish duration=59ms outputBytes=0 output=""
time=2026-08-10T10:57:24.437Z level=INFO msg="guestfs exec" bin=guestfish args="[--remote=134]" scriptLines=2 script="-mkdir-p /Windows/Drivers/VirtIO\n-upload /usr/share/virtio-win/drivers/by-os/amd64/2k19/vioser.inf /Windows/Drivers/VirtIO/vioser.inf"
time=2026-08-10T10:57:24.497Z level=INFO msg="guestfs exec ok" bin=guestfish duration=60ms outputBytes=0 output=""
time=2026-08-10T10:57:24.497Z level=INFO msg="guestfs exec" bin=guestfish args="[--remote=134]" scriptLines=2 script="-mkdir-p /Windows/Drivers/VirtIO\n-upload /usr/share/virtio-win/drivers/by-os/amd64/2k19/vioser.sys /Windows/Drivers/VirtIO/vioser.sys"
time=2026-08-10T10:57:24.551Z level=INFO msg="guestfs exec ok" bin=guestfish duration=53ms outputBytes=0 output=""
time=2026-08-10T10:57:24.551Z level=INFO msg="guestfs exec" bin=guestfish args="[--remote=134]" scriptLines=2 script="-mkdir-p /Windows/Drivers/VirtIO\n-upload /usr/share/virtio-win/drivers/by-os/amd64/2k19/viosock.cat /Windows/Drivers/VirtIO/viosock.cat"
time=2026-08-10T10:57:24.618Z level=INFO msg="guestfs exec ok" bin=guestfish duration=67ms outputBytes=0 output=""
time=2026-08-10T10:57:24.618Z level=INFO msg="guestfs exec" bin=guestfish args="[--remote=134]" scriptLines=2 script="-mkdir-p /Windows/Drivers/VirtIO\n-upload /usr/share/virtio-win/drivers/by-os/amd64/2k19/viosock.inf /Windows/Drivers/VirtIO/viosock.inf"
time=2026-08-10T10:57:24.683Z level=INFO msg="guestfs exec ok" bin=guestfish duration=65ms outputBytes=0 output=""
time=2026-08-10T10:57:24.683Z level=INFO msg="guestfs exec" bin=guestfish args="[--remote=134]" scriptLines=2 script="-mkdir-p /Windows/Drivers/VirtIO\n-upload /usr/share/virtio-win/drivers/by-os/amd64/2k19/viosock.sys /Windows/Drivers/VirtIO/viosock.sys"
time=2026-08-10T10:57:24.743Z level=INFO msg="guestfs exec ok" bin=guestfish duration=60ms outputBytes=0 output=""
time=2026-08-10T10:57:24.743Z level=INFO msg="guestfs exec" bin=guestfish args="[--remote=134]" scriptLines=2 script="-mkdir-p /Windows/Drivers/VirtIO\n-upload /usr/share/virtio-win/drivers/by-os/amd64/2k19/viostor.cat /Windows/Drivers/VirtIO/viostor.cat"
time=2026-08-10T10:57:24.804Z level=INFO msg="guestfs exec ok" bin=guestfish duration=60ms outputBytes=0 output=""
time=2026-08-10T10:57:24.804Z level=INFO msg="guestfs exec" bin=guestfish args="[--remote=134]" scriptLines=2 script="-mkdir-p /Windows/Drivers/VirtIO\n-upload /usr/share/virtio-win/drivers/by-os/amd64/2k19/viostor.inf /Windows/Drivers/VirtIO/viostor.inf"
time=2026-08-10T10:57:24.854Z level=INFO msg="guestfs exec ok" bin=guestfish duration=50ms outputBytes=0 output=""
time=2026-08-10T10:57:24.854Z level=INFO msg="guestfs exec" bin=guestfish args="[--remote=134]" scriptLines=2 script="-mkdir-p /Windows/Drivers/VirtIO\n-upload /usr/share/virtio-win/drivers/by-os/amd64/2k19/viostor.sys /Windows/Drivers/VirtIO/viostor.sys"
time=2026-08-10T10:57:24.910Z level=INFO msg="guestfs exec ok" bin=guestfish duration=56ms outputBytes=0 output=""
time=2026-08-10T10:57:24.910Z level=INFO msg="guestfs exec" bin=guestfish args="[--remote=134]" scriptLines=2 script="-mkdir-p /Windows/System32/drivers\n-upload /usr/share/virtio-win/drivers/by-os/amd64/2k19/viostor.sys /Windows/System32/drivers/viostor.sys"
time=2026-08-10T10:57:24.962Z level=INFO msg="guestfs exec ok" bin=guestfish duration=52ms outputBytes=0 output=""
time=2026-08-10T10:57:24.962Z level=INFO msg="copied driver" name=viomem
time=2026-08-10T10:57:24.962Z level=INFO msg="guestfs exec" bin=guestfish args="[--remote=134]" scriptLines=2 script="-mkdir-p /Windows/Drivers/VirtIO\n-upload /usr/share/virtio-win/drivers/by-os/amd64/2k19/balloon.cat /Windows/Drivers/VirtIO/balloon.cat"
time=2026-08-10T10:57:25.020Z level=INFO msg="guestfs exec ok" bin=guestfish duration=58ms outputBytes=0 output=""
time=2026-08-10T10:57:25.020Z level=INFO msg="guestfs exec" bin=guestfish args="[--remote=134]" scriptLines=2 script="-mkdir-p /Windows/Drivers/VirtIO\n-upload /usr/share/virtio-win/drivers/by-os/amd64/2k19/balloon.inf /Windows/Drivers/VirtIO/balloon.inf"
time=2026-08-10T10:57:25.076Z level=INFO msg="guestfs exec ok" bin=guestfish duration=56ms outputBytes=0 output=""
time=2026-08-10T10:57:25.076Z level=INFO msg="guestfs exec" bin=guestfish args="[--remote=134]" scriptLines=2 script="-mkdir-p /Windows/Drivers/VirtIO\n-upload /usr/share/virtio-win/drivers/by-os/amd64/2k19/balloon.sys /Windows/Drivers/VirtIO/balloon.sys"
time=2026-08-10T10:57:25.133Z level=INFO msg="guestfs exec ok" bin=guestfish duration=56ms outputBytes=0 output=""
time=2026-08-10T10:57:25.133Z level=INFO msg="guestfs exec" bin=guestfish args="[--remote=134]" scriptLines=2 script="-mkdir-p /Windows/Drivers/VirtIO\n-upload /usr/share/virtio-win/drivers/by-os/amd64/2k19/fwcfg.cat /Windows/Drivers/VirtIO/fwcfg.cat"
time=2026-08-10T10:57:25.192Z level=INFO msg="guestfs exec ok" bin=guestfish duration=60ms outputBytes=0 output=""
time=2026-08-10T10:57:25.193Z level=INFO msg="guestfs exec" bin=guestfish args="[--remote=134]" scriptLines=2 script="-mkdir-p /Windows/Drivers/VirtIO\n-upload /usr/share/virtio-win/drivers/by-os/amd64/2k19/fwcfg.inf /Windows/Drivers/VirtIO/fwcfg.inf"
time=2026-08-10T10:57:25.250Z level=INFO msg="guestfs exec ok" bin=guestfish duration=58ms outputBytes=0 output=""
time=2026-08-10T10:57:25.251Z level=INFO msg="guestfs exec" bin=guestfish args="[--remote=134]" scriptLines=2 script="-mkdir-p /Windows/Drivers/VirtIO\n-upload /usr/share/virtio-win/drivers/by-os/amd64/2k19/fwcfg.sys /Windows/Drivers/VirtIO/fwcfg.sys"
time=2026-08-10T10:57:25.312Z level=INFO msg="guestfs exec ok" bin=guestfish duration=62ms outputBytes=0 output=""
time=2026-08-10T10:57:25.313Z level=INFO msg="guestfs exec" bin=guestfish args="[--remote=134]" scriptLines=2 script="-mkdir-p /Windows/Drivers/VirtIO\n-upload /usr/share/virtio-win/drivers/by-os/amd64/2k19/netkvm.cat /Windows/Drivers/VirtIO/netkvm.cat"
time=2026-08-10T10:57:25.367Z level=INFO msg="guestfs exec ok" bin=guestfish duration=54ms outputBytes=0 output=""
time=2026-08-10T10:57:25.367Z level=INFO msg="guestfs exec" bin=guestfish args="[--remote=134]" scriptLines=2 script="-mkdir-p /Windows/Drivers/VirtIO\n-upload /usr/share/virtio-win/drivers/by-os/amd64/2k19/netkvm.inf /Windows/Drivers/VirtIO/netkvm.inf"
time=2026-08-10T10:57:25.415Z level=INFO msg="guestfs exec ok" bin=guestfish duration=48ms outputBytes=0 output=""
time=2026-08-10T10:57:25.415Z level=INFO msg="guestfs exec" bin=guestfish args="[--remote=134]" scriptLines=2 script="-mkdir-p /Windows/Drivers/VirtIO\n-upload /usr/share/virtio-win/drivers/by-os/amd64/2k19/netkvm.sys /Windows/Drivers/VirtIO/netkvm.sys"
time=2026-08-10T10:57:25.465Z level=INFO msg="guestfs exec ok" bin=guestfish duration=49ms outputBytes=0 output=""
time=2026-08-10T10:57:25.465Z level=INFO msg="guestfs exec" bin=guestfish args="[--remote=134]" scriptLines=2 script="-mkdir-p /Windows/Drivers/VirtIO\n-upload /usr/share/virtio-win/drivers/by-os/amd64/2k19/pvpanic-pci.cat /Windows/Drivers/VirtIO/pvpanic-pci.cat"
time=2026-08-10T10:57:25.509Z level=INFO msg="guestfs exec ok" bin=guestfish duration=43ms outputBytes=0 output=""
time=2026-08-10T10:57:25.509Z level=INFO msg="guestfs exec" bin=guestfish args="[--remote=134]" scriptLines=2 script="-mkdir-p /Windows/Drivers/VirtIO\n-upload /usr/share/virtio-win/drivers/by-os/amd64/2k19/pvpanic-pci.inf /Windows/Drivers/VirtIO/pvpanic-pci.inf"
time=2026-08-10T10:57:25.558Z level=INFO msg="guestfs exec ok" bin=guestfish duration=49ms outputBytes=0 output=""
time=2026-08-10T10:57:25.558Z level=INFO msg="guestfs exec" bin=guestfish args="[--remote=134]" scriptLines=2 script="-mkdir-p /Windows/Drivers/VirtIO\n-upload /usr/share/virtio-win/drivers/by-os/amd64/2k19/pvpanic.cat /Windows/Drivers/VirtIO/pvpanic.cat"
time=2026-08-10T10:57:25.609Z level=INFO msg="guestfs exec ok" bin=guestfish duration=51ms outputBytes=0 output=""
time=2026-08-10T10:57:25.609Z level=INFO msg="guestfs exec" bin=guestfish args="[--remote=134]" scriptLines=2 script="-mkdir-p /Windows/Drivers/VirtIO\n-upload /usr/share/virtio-win/drivers/by-os/amd64/2k19/pvpanic.inf /Windows/Drivers/VirtIO/pvpanic.inf"
time=2026-08-10T10:57:25.658Z level=INFO msg="guestfs exec ok" bin=guestfish duration=49ms outputBytes=0 output=""
time=2026-08-10T10:57:25.658Z level=INFO msg="guestfs exec" bin=guestfish args="[--remote=134]" scriptLines=2 script="-mkdir-p /Windows/Drivers/VirtIO\n-upload /usr/share/virtio-win/drivers/by-os/amd64/2k19/pvpanic.sys /Windows/Drivers/VirtIO/pvpanic.sys"
time=2026-08-10T10:57:25.710Z level=INFO msg="guestfs exec ok" bin=guestfish duration=52ms outputBytes=0 output=""
time=2026-08-10T10:57:25.710Z level=INFO msg="guestfs exec" bin=guestfish args="[--remote=134]" scriptLines=2 script="-mkdir-p /Windows/Drivers/VirtIO\n-upload /usr/share/virtio-win/drivers/by-os/amd64/2k19/qemufwcfg.cat /Windows/Drivers/VirtIO/qemufwcfg.cat"
time=2026-08-10T10:57:25.757Z level=INFO msg="guestfs exec ok" bin=guestfish duration=47ms outputBytes=0 output=""
time=2026-08-10T10:57:25.757Z level=INFO msg="guestfs exec" bin=guestfish args="[--remote=134]" scriptLines=2 script="-mkdir-p /Windows/Drivers/VirtIO\n-upload /usr/share/virtio-win/drivers/by-os/amd64/2k19/qemufwcfg.inf /Windows/Drivers/VirtIO/qemufwcfg.inf"
time=2026-08-10T10:57:25.801Z level=INFO msg="guestfs exec ok" bin=guestfish duration=43ms outputBytes=0 output=""
time=2026-08-10T10:57:25.801Z level=INFO msg="guestfs exec" bin=guestfish args="[--remote=134]" scriptLines=2 script="-mkdir-p /Windows/Drivers/VirtIO\n-upload /usr/share/virtio-win/drivers/by-os/amd64/2k19/qemupciserial.cat /Windows/Drivers/VirtIO/qemupciserial.cat"
time=2026-08-10T10:57:25.844Z level=INFO msg="guestfs exec ok" bin=guestfish duration=43ms outputBytes=0 output=""
time=2026-08-10T10:57:25.844Z level=INFO msg="guestfs exec" bin=guestfish args="[--remote=134]" scriptLines=2 script="-mkdir-p /Windows/Drivers/VirtIO\n-upload /usr/share/virtio-win/drivers/by-os/amd64/2k19/qemupciserial.inf /Windows/Drivers/VirtIO/qemupciserial.inf"
time=2026-08-10T10:57:25.895Z level=INFO msg="guestfs exec ok" bin=guestfish duration=50ms outputBytes=0 output=""
time=2026-08-10T10:57:25.895Z level=INFO msg="guestfs exec" bin=guestfish args="[--remote=134]" scriptLines=2 script="-mkdir-p /Windows/Drivers/VirtIO\n-upload /usr/share/virtio-win/drivers/by-os/amd64/2k19/qxldod.cat /Windows/Drivers/VirtIO/qxldod.cat"
time=2026-08-10T10:57:25.943Z level=INFO msg="guestfs exec ok" bin=guestfish duration=48ms outputBytes=0 output=""
time=2026-08-10T10:57:25.943Z level=INFO msg="guestfs exec" bin=guestfish args="[--remote=134]" scriptLines=2 script="-mkdir-p /Windows/Drivers/VirtIO\n-upload /usr/share/virtio-win/drivers/by-os/amd64/2k19/qxldod.inf /Windows/Drivers/VirtIO/qxldod.inf"
time=2026-08-10T10:57:25.989Z level=INFO msg="guestfs exec ok" bin=guestfish duration=46ms outputBytes=0 output=""
time=2026-08-10T10:57:25.989Z level=INFO msg="guestfs exec" bin=guestfish args="[--remote=134]" scriptLines=2 script="-mkdir-p /Windows/Drivers/VirtIO\n-upload /usr/share/virtio-win/drivers/by-os/amd64/2k19/qxldod.sys /Windows/Drivers/VirtIO/qxldod.sys"
time=2026-08-10T10:57:26.043Z level=INFO msg="guestfs exec ok" bin=guestfish duration=54ms outputBytes=0 output=""
time=2026-08-10T10:57:26.043Z level=INFO msg="guestfs exec" bin=guestfish args="[--remote=134]" scriptLines=2 script="-mkdir-p /Windows/Drivers/VirtIO\n-upload /usr/share/virtio-win/drivers/by-os/amd64/2k19/viofs.cat /Windows/Drivers/VirtIO/viofs.cat"
time=2026-08-10T10:57:26.089Z level=INFO msg="guestfs exec ok" bin=guestfish duration=45ms outputBytes=0 output=""
time=2026-08-10T10:57:26.089Z level=INFO msg="guestfs exec" bin=guestfish args="[--remote=134]" scriptLines=2 script="-mkdir-p /Windows/Drivers/VirtIO\n-upload /usr/share/virtio-win/drivers/by-os/amd64/2k19/viofs.inf /Windows/Drivers/VirtIO/viofs.inf"
time=2026-08-10T10:57:26.142Z level=INFO msg="guestfs exec ok" bin=guestfish duration=53ms outputBytes=0 output=""
time=2026-08-10T10:57:26.142Z level=INFO msg="guestfs exec" bin=guestfish args="[--remote=134]" scriptLines=2 script="-mkdir-p /Windows/Drivers/VirtIO\n-upload /usr/share/virtio-win/drivers/by-os/amd64/2k19/viofs.sys /Windows/Drivers/VirtIO/viofs.sys"
time=2026-08-10T10:57:26.204Z level=INFO msg="guestfs exec ok" bin=guestfish duration=62ms outputBytes=0 output=""
time=2026-08-10T10:57:26.204Z level=INFO msg="guestfs exec" bin=guestfish args="[--remote=134]" scriptLines=2 script="-mkdir-p /Windows/Drivers/VirtIO\n-upload /usr/share/virtio-win/drivers/by-os/amd64/2k19/viogpudo.cat /Windows/Drivers/VirtIO/viogpudo.cat"
time=2026-08-10T10:57:26.272Z level=INFO msg="guestfs exec ok" bin=guestfish duration=68ms outputBytes=0 output=""
time=2026-08-10T10:57:26.272Z level=INFO msg="guestfs exec" bin=guestfish args="[--remote=134]" scriptLines=2 script="-mkdir-p /Windows/Drivers/VirtIO\n-upload /usr/share/virtio-win/drivers/by-os/amd64/2k19/viogpudo.inf /Windows/Drivers/VirtIO/viogpudo.inf"
time=2026-08-10T10:57:26.336Z level=INFO msg="guestfs exec ok" bin=guestfish duration=64ms outputBytes=0 output=""
time=2026-08-10T10:57:26.337Z level=INFO msg="guestfs exec" bin=guestfish args="[--remote=134]" scriptLines=2 script="-mkdir-p /Windows/Drivers/VirtIO\n-upload /usr/share/virtio-win/drivers/by-os/amd64/2k19/viogpudo.sys /Windows/Drivers/VirtIO/viogpudo.sys"
time=2026-08-10T10:57:26.395Z level=INFO msg="guestfs exec ok" bin=guestfish duration=58ms outputBytes=0 output=""
time=2026-08-10T10:57:26.395Z level=INFO msg="guestfs exec" bin=guestfish args="[--remote=134]" scriptLines=2 script="-mkdir-p /Windows/Drivers/VirtIO\n-upload /usr/share/virtio-win/drivers/by-os/amd64/2k19/viohidkmdf.sys /Windows/Drivers/VirtIO/viohidkmdf.sys"
time=2026-08-10T10:57:26.441Z level=INFO msg="guestfs exec ok" bin=guestfish duration=46ms outputBytes=0 output=""
time=2026-08-10T10:57:26.441Z level=INFO msg="guestfs exec" bin=guestfish args="[--remote=134]" scriptLines=2 script="-mkdir-p /Windows/Drivers/VirtIO\n-upload /usr/share/virtio-win/drivers/by-os/amd64/2k19/vioinput.cat /Windows/Drivers/VirtIO/vioinput.cat"
time=2026-08-10T10:57:26.496Z level=INFO msg="guestfs exec ok" bin=guestfish duration=55ms outputBytes=0 output=""
time=2026-08-10T10:57:26.496Z level=INFO msg="guestfs exec" bin=guestfish args="[--remote=134]" scriptLines=2 script="-mkdir-p /Windows/Drivers/VirtIO\n-upload /usr/share/virtio-win/drivers/by-os/amd64/2k19/vioinput.inf /Windows/Drivers/VirtIO/vioinput.inf"
time=2026-08-10T10:57:26.545Z level=INFO msg="guestfs exec ok" bin=guestfish duration=48ms outputBytes=0 output=""
time=2026-08-10T10:57:26.545Z level=INFO msg="guestfs exec" bin=guestfish args="[--remote=134]" scriptLines=2 script="-mkdir-p /Windows/Drivers/VirtIO\n-upload /usr/share/virtio-win/drivers/by-os/amd64/2k19/vioinput.sys /Windows/Drivers/VirtIO/vioinput.sys"
time=2026-08-10T10:57:26.601Z level=INFO msg="guestfs exec ok" bin=guestfish duration=56ms outputBytes=0 output=""
time=2026-08-10T10:57:26.601Z level=INFO msg="guestfs exec" bin=guestfish args="[--remote=134]" scriptLines=2 script="-mkdir-p /Windows/Drivers/VirtIO\n-upload /usr/share/virtio-win/drivers/by-os/amd64/2k19/viomem.cat /Windows/Drivers/VirtIO/viomem.cat"
time=2026-08-10T10:57:26.659Z level=INFO msg="guestfs exec ok" bin=guestfish duration=58ms outputBytes=0 output=""
time=2026-08-10T10:57:26.659Z level=INFO msg="guestfs exec" bin=guestfish args="[--remote=134]" scriptLines=2 script="-mkdir-p /Windows/Drivers/VirtIO\n-upload /usr/share/virtio-win/drivers/by-os/amd64/2k19/viomem.inf /Windows/Drivers/VirtIO/viomem.inf"
time=2026-08-10T10:57:26.706Z level=INFO msg="guestfs exec ok" bin=guestfish duration=47ms outputBytes=0 output=""
time=2026-08-10T10:57:26.706Z level=INFO msg="guestfs exec" bin=guestfish args="[--remote=134]" scriptLines=2 script="-mkdir-p /Windows/Drivers/VirtIO\n-upload /usr/share/virtio-win/drivers/by-os/amd64/2k19/viomem.sys /Windows/Drivers/VirtIO/viomem.sys"
time=2026-08-10T10:57:26.757Z level=INFO msg="guestfs exec ok" bin=guestfish duration=51ms outputBytes=0 output=""
time=2026-08-10T10:57:26.757Z level=INFO msg="guestfs exec" bin=guestfish args="[--remote=134]" scriptLines=2 script="-mkdir-p /Windows/Drivers/VirtIO\n-upload /usr/share/virtio-win/drivers/by-os/amd64/2k19/vioprot.cat /Windows/Drivers/VirtIO/vioprot.cat"
time=2026-08-10T10:57:26.802Z level=INFO msg="guestfs exec ok" bin=guestfish duration=45ms outputBytes=0 output=""
time=2026-08-10T10:57:26.802Z level=INFO msg="guestfs exec" bin=guestfish args="[--remote=134]" scriptLines=2 script="-mkdir-p /Windows/Drivers/VirtIO\n-upload /usr/share/virtio-win/drivers/by-os/amd64/2k19/vioprot.inf /Windows/Drivers/VirtIO/vioprot.inf"
time=2026-08-10T10:57:26.862Z level=INFO msg="guestfs exec ok" bin=guestfish duration=60ms outputBytes=0 output=""
time=2026-08-10T10:57:26.863Z level=INFO msg="guestfs exec" bin=guestfish args="[--remote=134]" scriptLines=2 script="-mkdir-p /Windows/Drivers/VirtIO\n-upload /usr/share/virtio-win/drivers/by-os/amd64/2k19/viorng.cat /Windows/Drivers/VirtIO/viorng.cat"
time=2026-08-10T10:57:26.926Z level=INFO msg="guestfs exec ok" bin=guestfish duration=64ms outputBytes=0 output=""
time=2026-08-10T10:57:26.927Z level=INFO msg="guestfs exec" bin=guestfish args="[--remote=134]" scriptLines=2 script="-mkdir-p /Windows/Drivers/VirtIO\n-upload /usr/share/virtio-win/drivers/by-os/amd64/2k19/viorng.inf /Windows/Drivers/VirtIO/viorng.inf"
time=2026-08-10T10:57:26.989Z level=INFO msg="guestfs exec ok" bin=guestfish duration=63ms outputBytes=0 output=""
time=2026-08-10T10:57:26.989Z level=INFO msg="guestfs exec" bin=guestfish args="[--remote=134]" scriptLines=2 script="-mkdir-p /Windows/Drivers/VirtIO\n-upload /usr/share/virtio-win/drivers/by-os/amd64/2k19/viorng.sys /Windows/Drivers/VirtIO/viorng.sys"
time=2026-08-10T10:57:27.047Z level=INFO msg="guestfs exec ok" bin=guestfish duration=58ms outputBytes=0 output=""
time=2026-08-10T10:57:27.047Z level=INFO msg="guestfs exec" bin=guestfish args="[--remote=134]" scriptLines=2 script="-mkdir-p /Windows/Drivers/VirtIO\n-upload /usr/share/virtio-win/drivers/by-os/amd64/2k19/vioscsi.cat /Windows/Drivers/VirtIO/vioscsi.cat"
time=2026-08-10T10:57:27.099Z level=INFO msg="guestfs exec ok" bin=guestfish duration=51ms outputBytes=0 output=""
time=2026-08-10T10:57:27.099Z level=INFO msg="guestfs exec" bin=guestfish args="[--remote=134]" scriptLines=2 script="-mkdir-p /Windows/Drivers/VirtIO\n-upload /usr/share/virtio-win/drivers/by-os/amd64/2k19/vioscsi.inf /Windows/Drivers/VirtIO/vioscsi.inf"
time=2026-08-10T10:57:27.158Z level=INFO msg="guestfs exec ok" bin=guestfish duration=59ms outputBytes=0 output=""
time=2026-08-10T10:57:27.158Z level=INFO msg="guestfs exec" bin=guestfish args="[--remote=134]" scriptLines=2 script="-mkdir-p /Windows/Drivers/VirtIO\n-upload /usr/share/virtio-win/drivers/by-os/amd64/2k19/vioscsi.sys /Windows/Drivers/VirtIO/vioscsi.sys"
time=2026-08-10T10:57:27.210Z level=INFO msg="guestfs exec ok" bin=guestfish duration=52ms outputBytes=0 output=""
time=2026-08-10T10:57:27.210Z level=INFO msg="guestfs exec" bin=guestfish args="[--remote=134]" scriptLines=2 script="-mkdir-p /Windows/System32/drivers\n-upload /usr/share/virtio-win/drivers/by-os/amd64/2k19/vioscsi.sys /Windows/System32/drivers/vioscsi.sys"
time=2026-08-10T10:57:27.261Z level=INFO msg="guestfs exec ok" bin=guestfish duration=51ms outputBytes=0 output=""
time=2026-08-10T10:57:27.262Z level=INFO msg="guestfs exec" bin=guestfish args="[--remote=134]" scriptLines=2 script="-mkdir-p /Windows/Drivers/VirtIO\n-upload /usr/share/virtio-win/drivers/by-os/amd64/2k19/vioser.cat /Windows/Drivers/VirtIO/vioser.cat"
time=2026-08-10T10:57:27.319Z level=INFO msg="guestfs exec ok" bin=guestfish duration=57ms outputBytes=0 output=""
time=2026-08-10T10:57:27.319Z level=INFO msg="guestfs exec" bin=guestfish args="[--remote=134]" scriptLines=2 script="-mkdir-p /Windows/Drivers/VirtIO\n-upload /usr/share/virtio-win/drivers/by-os/amd64/2k19/vioser.inf /Windows/Drivers/VirtIO/vioser.inf"
time=2026-08-10T10:57:27.391Z level=INFO msg="guestfs exec ok" bin=guestfish duration=72ms outputBytes=0 output=""
time=2026-08-10T10:57:27.391Z level=INFO msg="guestfs exec" bin=guestfish args="[--remote=134]" scriptLines=2 script="-mkdir-p /Windows/Drivers/VirtIO\n-upload /usr/share/virtio-win/drivers/by-os/amd64/2k19/vioser.sys /Windows/Drivers/VirtIO/vioser.sys"
time=2026-08-10T10:57:27.453Z level=INFO msg="guestfs exec ok" bin=guestfish duration=61ms outputBytes=0 output=""
time=2026-08-10T10:57:27.453Z level=INFO msg="guestfs exec" bin=guestfish args="[--remote=134]" scriptLines=2 script="-mkdir-p /Windows/Drivers/VirtIO\n-upload /usr/share/virtio-win/drivers/by-os/amd64/2k19/viosock.cat /Windows/Drivers/VirtIO/viosock.cat"
time=2026-08-10T10:57:27.516Z level=INFO msg="guestfs exec ok" bin=guestfish duration=63ms outputBytes=0 output=""
time=2026-08-10T10:57:27.516Z level=INFO msg="guestfs exec" bin=guestfish args="[--remote=134]" scriptLines=2 script="-mkdir-p /Windows/Drivers/VirtIO\n-upload /usr/share/virtio-win/drivers/by-os/amd64/2k19/viosock.inf /Windows/Drivers/VirtIO/viosock.inf"
time=2026-08-10T10:57:27.569Z level=INFO msg="guestfs exec ok" bin=guestfish duration=52ms outputBytes=0 output=""
time=2026-08-10T10:57:27.569Z level=INFO msg="guestfs exec" bin=guestfish args="[--remote=134]" scriptLines=2 script="-mkdir-p /Windows/Drivers/VirtIO\n-upload /usr/share/virtio-win/drivers/by-os/amd64/2k19/viosock.sys /Windows/Drivers/VirtIO/viosock.sys"
time=2026-08-10T10:57:27.629Z level=INFO msg="guestfs exec ok" bin=guestfish duration=60ms outputBytes=0 output=""
time=2026-08-10T10:57:27.630Z level=INFO msg="guestfs exec" bin=guestfish args="[--remote=134]" scriptLines=2 script="-mkdir-p /Windows/Drivers/VirtIO\n-upload /usr/share/virtio-win/drivers/by-os/amd64/2k19/viostor.cat /Windows/Drivers/VirtIO/viostor.cat"
time=2026-08-10T10:57:27.690Z level=INFO msg="guestfs exec ok" bin=guestfish duration=61ms outputBytes=0 output=""
time=2026-08-10T10:57:27.690Z level=INFO msg="guestfs exec" bin=guestfish args="[--remote=134]" scriptLines=2 script="-mkdir-p /Windows/Drivers/VirtIO\n-upload /usr/share/virtio-win/drivers/by-os/amd64/2k19/viostor.inf /Windows/Drivers/VirtIO/viostor.inf"
time=2026-08-10T10:57:27.739Z level=INFO msg="guestfs exec ok" bin=guestfish duration=49ms outputBytes=0 output=""
time=2026-08-10T10:57:27.739Z level=INFO msg="guestfs exec" bin=guestfish args="[--remote=134]" scriptLines=2 script="-mkdir-p /Windows/Drivers/VirtIO\n-upload /usr/share/virtio-win/drivers/by-os/amd64/2k19/viostor.sys /Windows/Drivers/VirtIO/viostor.sys"
time=2026-08-10T10:57:27.796Z level=INFO msg="guestfs exec ok" bin=guestfish duration=57ms outputBytes=0 output=""
time=2026-08-10T10:57:27.796Z level=INFO msg="guestfs exec" bin=guestfish args="[--remote=134]" scriptLines=2 script="-mkdir-p /Windows/System32/drivers\n-upload /usr/share/virtio-win/drivers/by-os/amd64/2k19/viostor.sys /Windows/System32/drivers/viostor.sys"
time=2026-08-10T10:57:27.855Z level=INFO msg="guestfs exec ok" bin=guestfish duration=59ms outputBytes=0 output=""
time=2026-08-10T10:57:27.855Z level=INFO msg="copied driver" name=vioprot
time=2026-08-10T10:57:27.856Z level=INFO msg="guestfs exec" bin=guestfish args="[--remote=134]" scriptLines=2 script="-mkdir-p /Windows/Drivers/VirtIO\n-upload /usr/share/virtio-win/drivers/by-os/amd64/2k19/balloon.cat /Windows/Drivers/VirtIO/balloon.cat"
time=2026-08-10T10:57:27.918Z level=INFO msg="guestfs exec ok" bin=guestfish duration=62ms outputBytes=0 output=""
time=2026-08-10T10:57:27.918Z level=INFO msg="guestfs exec" bin=guestfish args="[--remote=134]" scriptLines=2 script="-mkdir-p /Windows/Drivers/VirtIO\n-upload /usr/share/virtio-win/drivers/by-os/amd64/2k19/balloon.inf /Windows/Drivers/VirtIO/balloon.inf"
time=2026-08-10T10:57:27.980Z level=INFO msg="guestfs exec ok" bin=guestfish duration=62ms outputBytes=0 output=""
time=2026-08-10T10:57:27.981Z level=INFO msg="guestfs exec" bin=guestfish args="[--remote=134]" scriptLines=2 script="-mkdir-p /Windows/Drivers/VirtIO\n-upload /usr/share/virtio-win/drivers/by-os/amd64/2k19/balloon.sys /Windows/Drivers/VirtIO/balloon.sys"
time=2026-08-10T10:57:28.039Z level=INFO msg="guestfs exec ok" bin=guestfish duration=58ms outputBytes=0 output=""
time=2026-08-10T10:57:28.039Z level=INFO msg="guestfs exec" bin=guestfish args="[--remote=134]" scriptLines=2 script="-mkdir-p /Windows/Drivers/VirtIO\n-upload /usr/share/virtio-win/drivers/by-os/amd64/2k19/fwcfg.cat /Windows/Drivers/VirtIO/fwcfg.cat"
time=2026-08-10T10:57:28.099Z level=INFO msg="guestfs exec ok" bin=guestfish duration=59ms outputBytes=0 output=""
time=2026-08-10T10:57:28.099Z level=INFO msg="guestfs exec" bin=guestfish args="[--remote=134]" scriptLines=2 script="-mkdir-p /Windows/Drivers/VirtIO\n-upload /usr/share/virtio-win/drivers/by-os/amd64/2k19/fwcfg.inf /Windows/Drivers/VirtIO/fwcfg.inf"
time=2026-08-10T10:57:28.160Z level=INFO msg="guestfs exec ok" bin=guestfish duration=62ms outputBytes=0 output=""
time=2026-08-10T10:57:28.161Z level=INFO msg="guestfs exec" bin=guestfish args="[--remote=134]" scriptLines=2 script="-mkdir-p /Windows/Drivers/VirtIO\n-upload /usr/share/virtio-win/drivers/by-os/amd64/2k19/fwcfg.sys /Windows/Drivers/VirtIO/fwcfg.sys"
time=2026-08-10T10:57:28.227Z level=INFO msg="guestfs exec ok" bin=guestfish duration=66ms outputBytes=0 output=""
time=2026-08-10T10:57:28.227Z level=INFO msg="guestfs exec" bin=guestfish args="[--remote=134]" scriptLines=2 script="-mkdir-p /Windows/Drivers/VirtIO\n-upload /usr/share/virtio-win/drivers/by-os/amd64/2k19/netkvm.cat /Windows/Drivers/VirtIO/netkvm.cat"
time=2026-08-10T10:57:28.286Z level=INFO msg="guestfs exec ok" bin=guestfish duration=59ms outputBytes=0 output=""
time=2026-08-10T10:57:28.286Z level=INFO msg="guestfs exec" bin=guestfish args="[--remote=134]" scriptLines=2 script="-mkdir-p /Windows/Drivers/VirtIO\n-upload /usr/share/virtio-win/drivers/by-os/amd64/2k19/netkvm.inf /Windows/Drivers/VirtIO/netkvm.inf"
time=2026-08-10T10:57:28.348Z level=INFO msg="guestfs exec ok" bin=guestfish duration=62ms outputBytes=0 output=""
time=2026-08-10T10:57:28.348Z level=INFO msg="guestfs exec" bin=guestfish args="[--remote=134]" scriptLines=2 script="-mkdir-p /Windows/Drivers/VirtIO\n-upload /usr/share/virtio-win/drivers/by-os/amd64/2k19/netkvm.sys /Windows/Drivers/VirtIO/netkvm.sys"
time=2026-08-10T10:57:28.419Z level=INFO msg="guestfs exec ok" bin=guestfish duration=71ms outputBytes=0 output=""
time=2026-08-10T10:57:28.419Z level=INFO msg="guestfs exec" bin=guestfish args="[--remote=134]" scriptLines=2 script="-mkdir-p /Windows/Drivers/VirtIO\n-upload /usr/share/virtio-win/drivers/by-os/amd64/2k19/pvpanic-pci.cat /Windows/Drivers/VirtIO/pvpanic-pci.cat"
time=2026-08-10T10:57:28.473Z level=INFO msg="guestfs exec ok" bin=guestfish duration=54ms outputBytes=0 output=""
time=2026-08-10T10:57:28.473Z level=INFO msg="guestfs exec" bin=guestfish args="[--remote=134]" scriptLines=2 script="-mkdir-p /Windows/Drivers/VirtIO\n-upload /usr/share/virtio-win/drivers/by-os/amd64/2k19/pvpanic-pci.inf /Windows/Drivers/VirtIO/pvpanic-pci.inf"
time=2026-08-10T10:57:28.537Z level=INFO msg="guestfs exec ok" bin=guestfish duration=64ms outputBytes=0 output=""
time=2026-08-10T10:57:28.537Z level=INFO msg="guestfs exec" bin=guestfish args="[--remote=134]" scriptLines=2 script="-mkdir-p /Windows/Drivers/VirtIO\n-upload /usr/share/virtio-win/drivers/by-os/amd64/2k19/pvpanic.cat /Windows/Drivers/VirtIO/pvpanic.cat"
time=2026-08-10T10:57:28.592Z level=INFO msg="guestfs exec ok" bin=guestfish duration=55ms outputBytes=0 output=""
time=2026-08-10T10:57:28.593Z level=INFO msg="guestfs exec" bin=guestfish args="[--remote=134]" scriptLines=2 script="-mkdir-p /Windows/Drivers/VirtIO\n-upload /usr/share/virtio-win/drivers/by-os/amd64/2k19/pvpanic.inf /Windows/Drivers/VirtIO/pvpanic.inf"
time=2026-08-10T10:57:28.655Z level=INFO msg="guestfs exec ok" bin=guestfish duration=62ms outputBytes=0 output=""
time=2026-08-10T10:57:28.655Z level=INFO msg="guestfs exec" bin=guestfish args="[--remote=134]" scriptLines=2 script="-mkdir-p /Windows/Drivers/VirtIO\n-upload /usr/share/virtio-win/drivers/by-os/amd64/2k19/pvpanic.sys /Windows/Drivers/VirtIO/pvpanic.sys"
time=2026-08-10T10:57:28.712Z level=INFO msg="guestfs exec ok" bin=guestfish duration=56ms outputBytes=0 output=""
time=2026-08-10T10:57:28.712Z level=INFO msg="guestfs exec" bin=guestfish args="[--remote=134]" scriptLines=2 script="-mkdir-p /Windows/Drivers/VirtIO\n-upload /usr/share/virtio-win/drivers/by-os/amd64/2k19/qemufwcfg.cat /Windows/Drivers/VirtIO/qemufwcfg.cat"
time=2026-08-10T10:57:28.770Z level=INFO msg="guestfs exec ok" bin=guestfish duration=58ms outputBytes=0 output=""
time=2026-08-10T10:57:28.770Z level=INFO msg="guestfs exec" bin=guestfish args="[--remote=134]" scriptLines=2 script="-mkdir-p /Windows/Drivers/VirtIO\n-upload /usr/share/virtio-win/drivers/by-os/amd64/2k19/qemufwcfg.inf /Windows/Drivers/VirtIO/qemufwcfg.inf"
time=2026-08-10T10:57:28.835Z level=INFO msg="guestfs exec ok" bin=guestfish duration=65ms outputBytes=0 output=""
time=2026-08-10T10:57:28.835Z level=INFO msg="guestfs exec" bin=guestfish args="[--remote=134]" scriptLines=2 script="-mkdir-p /Windows/Drivers/VirtIO\n-upload /usr/share/virtio-win/drivers/by-os/amd64/2k19/qemupciserial.cat /Windows/Drivers/VirtIO/qemupciserial.cat"
time=2026-08-10T10:57:28.890Z level=INFO msg="guestfs exec ok" bin=guestfish duration=54ms outputBytes=0 output=""
time=2026-08-10T10:57:28.890Z level=INFO msg="guestfs exec" bin=guestfish args="[--remote=134]" scriptLines=2 script="-mkdir-p /Windows/Drivers/VirtIO\n-upload /usr/share/virtio-win/drivers/by-os/amd64/2k19/qemupciserial.inf /Windows/Drivers/VirtIO/qemupciserial.inf"
time=2026-08-10T10:57:28.943Z level=INFO msg="guestfs exec ok" bin=guestfish duration=53ms outputBytes=0 output=""
time=2026-08-10T10:57:28.943Z level=INFO msg="guestfs exec" bin=guestfish args="[--remote=134]" scriptLines=2 script="-mkdir-p /Windows/Drivers/VirtIO\n-upload /usr/share/virtio-win/drivers/by-os/amd64/2k19/qxldod.cat /Windows/Drivers/VirtIO/qxldod.cat"
time=2026-08-10T10:57:28.998Z level=INFO msg="guestfs exec ok" bin=guestfish duration=54ms outputBytes=0 output=""
time=2026-08-10T10:57:28.998Z level=INFO msg="guestfs exec" bin=guestfish args="[--remote=134]" scriptLines=2 script="-mkdir-p /Windows/Drivers/VirtIO\n-upload /usr/share/virtio-win/drivers/by-os/amd64/2k19/qxldod.inf /Windows/Drivers/VirtIO/qxldod.inf"
time=2026-08-10T10:57:29.052Z level=INFO msg="guestfs exec ok" bin=guestfish duration=54ms outputBytes=0 output=""
time=2026-08-10T10:57:29.053Z level=INFO msg="guestfs exec" bin=guestfish args="[--remote=134]" scriptLines=2 script="-mkdir-p /Windows/Drivers/VirtIO\n-upload /usr/share/virtio-win/drivers/by-os/amd64/2k19/qxldod.sys /Windows/Drivers/VirtIO/qxldod.sys"
time=2026-08-10T10:57:29.119Z level=INFO msg="guestfs exec ok" bin=guestfish duration=66ms outputBytes=0 output=""
time=2026-08-10T10:57:29.119Z level=INFO msg="guestfs exec" bin=guestfish args="[--remote=134]" scriptLines=2 script="-mkdir-p /Windows/Drivers/VirtIO\n-upload /usr/share/virtio-win/drivers/by-os/amd64/2k19/viofs.cat /Windows/Drivers/VirtIO/viofs.cat"
time=2026-08-10T10:57:29.179Z level=INFO msg="guestfs exec ok" bin=guestfish duration=60ms outputBytes=0 output=""
time=2026-08-10T10:57:29.179Z level=INFO msg="guestfs exec" bin=guestfish args="[--remote=134]" scriptLines=2 script="-mkdir-p /Windows/Drivers/VirtIO\n-upload /usr/share/virtio-win/drivers/by-os/amd64/2k19/viofs.inf /Windows/Drivers/VirtIO/viofs.inf"
time=2026-08-10T10:57:29.238Z level=INFO msg="guestfs exec ok" bin=guestfish duration=59ms outputBytes=0 output=""
time=2026-08-10T10:57:29.239Z level=INFO msg="guestfs exec" bin=guestfish args="[--remote=134]" scriptLines=2 script="-mkdir-p /Windows/Drivers/VirtIO\n-upload /usr/share/virtio-win/drivers/by-os/amd64/2k19/viofs.sys /Windows/Drivers/VirtIO/viofs.sys"
time=2026-08-10T10:57:29.298Z level=INFO msg="guestfs exec ok" bin=guestfish duration=59ms outputBytes=0 output=""
time=2026-08-10T10:57:29.298Z level=INFO msg="guestfs exec" bin=guestfish args="[--remote=134]" scriptLines=2 script="-mkdir-p /Windows/Drivers/VirtIO\n-upload /usr/share/virtio-win/drivers/by-os/amd64/2k19/viogpudo.cat /Windows/Drivers/VirtIO/viogpudo.cat"
time=2026-08-10T10:57:29.358Z level=INFO msg="guestfs exec ok" bin=guestfish duration=60ms outputBytes=0 output=""
time=2026-08-10T10:57:29.358Z level=INFO msg="guestfs exec" bin=guestfish args="[--remote=134]" scriptLines=2 script="-mkdir-p /Windows/Drivers/VirtIO\n-upload /usr/share/virtio-win/drivers/by-os/amd64/2k19/viogpudo.inf /Windows/Drivers/VirtIO/viogpudo.inf"
time=2026-08-10T10:57:29.423Z level=INFO msg="guestfs exec ok" bin=guestfish duration=65ms outputBytes=0 output=""
time=2026-08-10T10:57:29.423Z level=INFO msg="guestfs exec" bin=guestfish args="[--remote=134]" scriptLines=2 script="-mkdir-p /Windows/Drivers/VirtIO\n-upload /usr/share/virtio-win/drivers/by-os/amd64/2k19/viogpudo.sys /Windows/Drivers/VirtIO/viogpudo.sys"
time=2026-08-10T10:57:29.482Z level=INFO msg="guestfs exec ok" bin=guestfish duration=58ms outputBytes=0 output=""
time=2026-08-10T10:57:29.482Z level=INFO msg="guestfs exec" bin=guestfish args="[--remote=134]" scriptLines=2 script="-mkdir-p /Windows/Drivers/VirtIO\n-upload /usr/share/virtio-win/drivers/by-os/amd64/2k19/viohidkmdf.sys /Windows/Drivers/VirtIO/viohidkmdf.sys"
time=2026-08-10T10:57:29.542Z level=INFO msg="guestfs exec ok" bin=guestfish duration=60ms outputBytes=0 output=""
time=2026-08-10T10:57:29.542Z level=INFO msg="guestfs exec" bin=guestfish args="[--remote=134]" scriptLines=2 script="-mkdir-p /Windows/Drivers/VirtIO\n-upload /usr/share/virtio-win/drivers/by-os/amd64/2k19/vioinput.cat /Windows/Drivers/VirtIO/vioinput.cat"
time=2026-08-10T10:57:29.597Z level=INFO msg="guestfs exec ok" bin=guestfish duration=55ms outputBytes=0 output=""
time=2026-08-10T10:57:29.597Z level=INFO msg="guestfs exec" bin=guestfish args="[--remote=134]" scriptLines=2 script="-mkdir-p /Windows/Drivers/VirtIO\n-upload /usr/share/virtio-win/drivers/by-os/amd64/2k19/vioinput.inf /Windows/Drivers/VirtIO/vioinput.inf"
time=2026-08-10T10:57:29.652Z level=INFO msg="guestfs exec ok" bin=guestfish duration=55ms outputBytes=0 output=""
time=2026-08-10T10:57:29.653Z level=INFO msg="guestfs exec" bin=guestfish args="[--remote=134]" scriptLines=2 script="-mkdir-p /Windows/Drivers/VirtIO\n-upload /usr/share/virtio-win/drivers/by-os/amd64/2k19/vioinput.sys /Windows/Drivers/VirtIO/vioinput.sys"
time=2026-08-10T10:57:29.711Z level=INFO msg="guestfs exec ok" bin=guestfish duration=58ms outputBytes=0 output=""
time=2026-08-10T10:57:29.711Z level=INFO msg="guestfs exec" bin=guestfish args="[--remote=134]" scriptLines=2 script="-mkdir-p /Windows/Drivers/VirtIO\n-upload /usr/share/virtio-win/drivers/by-os/amd64/2k19/viomem.cat /Windows/Drivers/VirtIO/viomem.cat"
time=2026-08-10T10:57:29.794Z level=INFO msg="guestfs exec ok" bin=guestfish duration=83ms outputBytes=0 output=""
time=2026-08-10T10:57:29.797Z level=INFO msg="guestfs exec" bin=guestfish args="[--remote=134]" scriptLines=2 script="-mkdir-p /Windows/Drivers/VirtIO\n-upload /usr/share/virtio-win/drivers/by-os/amd64/2k19/viomem.inf /Windows/Drivers/VirtIO/viomem.inf"
time=2026-08-10T10:57:29.852Z level=INFO msg="guestfs exec ok" bin=guestfish duration=55ms outputBytes=0 output=""
time=2026-08-10T10:57:29.852Z level=INFO msg="guestfs exec" bin=guestfish args="[--remote=134]" scriptLines=2 script="-mkdir-p /Windows/Drivers/VirtIO\n-upload /usr/share/virtio-win/drivers/by-os/amd64/2k19/viomem.sys /Windows/Drivers/VirtIO/viomem.sys"
time=2026-08-10T10:57:29.906Z level=INFO msg="guestfs exec ok" bin=guestfish duration=54ms outputBytes=0 output=""
time=2026-08-10T10:57:29.906Z level=INFO msg="guestfs exec" bin=guestfish args="[--remote=134]" scriptLines=2 script="-mkdir-p /Windows/Drivers/VirtIO\n-upload /usr/share/virtio-win/drivers/by-os/amd64/2k19/vioprot.cat /Windows/Drivers/VirtIO/vioprot.cat"
time=2026-08-10T10:57:29.960Z level=INFO msg="guestfs exec ok" bin=guestfish duration=55ms outputBytes=0 output=""
time=2026-08-10T10:57:29.961Z level=INFO msg="guestfs exec" bin=guestfish args="[--remote=134]" scriptLines=2 script="-mkdir-p /Windows/Drivers/VirtIO\n-upload /usr/share/virtio-win/drivers/by-os/amd64/2k19/vioprot.inf /Windows/Drivers/VirtIO/vioprot.inf"
time=2026-08-10T10:57:30.018Z level=INFO msg="guestfs exec ok" bin=guestfish duration=58ms outputBytes=0 output=""
time=2026-08-10T10:57:30.018Z level=INFO msg="guestfs exec" bin=guestfish args="[--remote=134]" scriptLines=2 script="-mkdir-p /Windows/Drivers/VirtIO\n-upload /usr/share/virtio-win/drivers/by-os/amd64/2k19/viorng.cat /Windows/Drivers/VirtIO/viorng.cat"
time=2026-08-10T10:57:30.068Z level=INFO msg="guestfs exec ok" bin=guestfish duration=49ms outputBytes=0 output=""
time=2026-08-10T10:57:30.068Z level=INFO msg="guestfs exec" bin=guestfish args="[--remote=134]" scriptLines=2 script="-mkdir-p /Windows/Drivers/VirtIO\n-upload /usr/share/virtio-win/drivers/by-os/amd64/2k19/viorng.inf /Windows/Drivers/VirtIO/viorng.inf"
time=2026-08-10T10:57:30.122Z level=INFO msg="guestfs exec ok" bin=guestfish duration=54ms outputBytes=0 output=""
time=2026-08-10T10:57:30.122Z level=INFO msg="guestfs exec" bin=guestfish args="[--remote=134]" scriptLines=2 script="-mkdir-p /Windows/Drivers/VirtIO\n-upload /usr/share/virtio-win/drivers/by-os/amd64/2k19/viorng.sys /Windows/Drivers/VirtIO/viorng.sys"
time=2026-08-10T10:57:30.179Z level=INFO msg="guestfs exec ok" bin=guestfish duration=56ms outputBytes=0 output=""
time=2026-08-10T10:57:30.179Z level=INFO msg="guestfs exec" bin=guestfish args="[--remote=134]" scriptLines=2 script="-mkdir-p /Windows/Drivers/VirtIO\n-upload /usr/share/virtio-win/drivers/by-os/amd64/2k19/vioscsi.cat /Windows/Drivers/VirtIO/vioscsi.cat"
time=2026-08-10T10:57:30.240Z level=INFO msg="guestfs exec ok" bin=guestfish duration=61ms outputBytes=0 output=""
time=2026-08-10T10:57:30.240Z level=INFO msg="guestfs exec" bin=guestfish args="[--remote=134]" scriptLines=2 script="-mkdir-p /Windows/Drivers/VirtIO\n-upload /usr/share/virtio-win/drivers/by-os/amd64/2k19/vioscsi.inf /Windows/Drivers/VirtIO/vioscsi.inf"
time=2026-08-10T10:57:30.293Z level=INFO msg="guestfs exec ok" bin=guestfish duration=53ms outputBytes=0 output=""
time=2026-08-10T10:57:30.293Z level=INFO msg="guestfs exec" bin=guestfish args="[--remote=134]" scriptLines=2 script="-mkdir-p /Windows/Drivers/VirtIO\n-upload /usr/share/virtio-win/drivers/by-os/amd64/2k19/vioscsi.sys /Windows/Drivers/VirtIO/vioscsi.sys"
time=2026-08-10T10:57:30.348Z level=INFO msg="guestfs exec ok" bin=guestfish duration=55ms outputBytes=0 output=""
time=2026-08-10T10:57:30.348Z level=INFO msg="guestfs exec" bin=guestfish args="[--remote=134]" scriptLines=2 script="-mkdir-p /Windows/System32/drivers\n-upload /usr/share/virtio-win/drivers/by-os/amd64/2k19/vioscsi.sys /Windows/System32/drivers/vioscsi.sys"
time=2026-08-10T10:57:30.409Z level=INFO msg="guestfs exec ok" bin=guestfish duration=61ms outputBytes=0 output=""
time=2026-08-10T10:57:30.409Z level=INFO msg="guestfs exec" bin=guestfish args="[--remote=134]" scriptLines=2 script="-mkdir-p /Windows/Drivers/VirtIO\n-upload /usr/share/virtio-win/drivers/by-os/amd64/2k19/vioser.cat /Windows/Drivers/VirtIO/vioser.cat"
time=2026-08-10T10:57:30.466Z level=INFO msg="guestfs exec ok" bin=guestfish duration=57ms outputBytes=0 output=""
time=2026-08-10T10:57:30.466Z level=INFO msg="guestfs exec" bin=guestfish args="[--remote=134]" scriptLines=2 script="-mkdir-p /Windows/Drivers/VirtIO\n-upload /usr/share/virtio-win/drivers/by-os/amd64/2k19/vioser.inf /Windows/Drivers/VirtIO/vioser.inf"
time=2026-08-10T10:57:30.527Z level=INFO msg="guestfs exec ok" bin=guestfish duration=61ms outputBytes=0 output=""
time=2026-08-10T10:57:30.528Z level=INFO msg="guestfs exec" bin=guestfish args="[--remote=134]" scriptLines=2 script="-mkdir-p /Windows/Drivers/VirtIO\n-upload /usr/share/virtio-win/drivers/by-os/amd64/2k19/vioser.sys /Windows/Drivers/VirtIO/vioser.sys"
time=2026-08-10T10:57:30.588Z level=INFO msg="guestfs exec ok" bin=guestfish duration=61ms outputBytes=0 output=""
time=2026-08-10T10:57:30.589Z level=INFO msg="guestfs exec" bin=guestfish args="[--remote=134]" scriptLines=2 script="-mkdir-p /Windows/Drivers/VirtIO\n-upload /usr/share/virtio-win/drivers/by-os/amd64/2k19/viosock.cat /Windows/Drivers/VirtIO/viosock.cat"
time=2026-08-10T10:57:30.652Z level=INFO msg="guestfs exec ok" bin=guestfish duration=64ms outputBytes=0 output=""
time=2026-08-10T10:57:30.652Z level=INFO msg="guestfs exec" bin=guestfish args="[--remote=134]" scriptLines=2 script="-mkdir-p /Windows/Drivers/VirtIO\n-upload /usr/share/virtio-win/drivers/by-os/amd64/2k19/viosock.inf /Windows/Drivers/VirtIO/viosock.inf"
time=2026-08-10T10:57:30.710Z level=INFO msg="guestfs exec ok" bin=guestfish duration=58ms outputBytes=0 output=""
time=2026-08-10T10:57:30.710Z level=INFO msg="guestfs exec" bin=guestfish args="[--remote=134]" scriptLines=2 script="-mkdir-p /Windows/Drivers/VirtIO\n-upload /usr/share/virtio-win/drivers/by-os/amd64/2k19/viosock.sys /Windows/Drivers/VirtIO/viosock.sys"
time=2026-08-10T10:57:30.763Z level=INFO msg="guestfs exec ok" bin=guestfish duration=53ms outputBytes=0 output=""
time=2026-08-10T10:57:30.763Z level=INFO msg="guestfs exec" bin=guestfish args="[--remote=134]" scriptLines=2 script="-mkdir-p /Windows/Drivers/VirtIO\n-upload /usr/share/virtio-win/drivers/by-os/amd64/2k19/viostor.cat /Windows/Drivers/VirtIO/viostor.cat"
time=2026-08-10T10:57:30.842Z level=INFO msg="guestfs exec ok" bin=guestfish duration=79ms outputBytes=0 output=""
time=2026-08-10T10:57:30.842Z level=INFO msg="guestfs exec" bin=guestfish args="[--remote=134]" scriptLines=2 script="-mkdir-p /Windows/Drivers/VirtIO\n-upload /usr/share/virtio-win/drivers/by-os/amd64/2k19/viostor.inf /Windows/Drivers/VirtIO/viostor.inf"
time=2026-08-10T10:57:30.906Z level=INFO msg="guestfs exec ok" bin=guestfish duration=64ms outputBytes=0 output=""
time=2026-08-10T10:57:30.906Z level=INFO msg="guestfs exec" bin=guestfish args="[--remote=134]" scriptLines=2 script="-mkdir-p /Windows/Drivers/VirtIO\n-upload /usr/share/virtio-win/drivers/by-os/amd64/2k19/viostor.sys /Windows/Drivers/VirtIO/viostor.sys"
time=2026-08-10T10:57:30.962Z level=INFO msg="guestfs exec ok" bin=guestfish duration=57ms outputBytes=0 output=""
time=2026-08-10T10:57:30.962Z level=INFO msg="guestfs exec" bin=guestfish args="[--remote=134]" scriptLines=2 script="-mkdir-p /Windows/System32/drivers\n-upload /usr/share/virtio-win/drivers/by-os/amd64/2k19/viostor.sys /Windows/System32/drivers/viostor.sys"
time=2026-08-10T10:57:31.030Z level=INFO msg="guestfs exec ok" bin=guestfish duration=68ms outputBytes=0 output=""
time=2026-08-10T10:57:31.031Z level=INFO msg="copied driver" name=viorng
time=2026-08-10T10:57:31.031Z level=INFO msg="guestfs exec" bin=guestfish args="[--remote=134]" scriptLines=2 script="-mkdir-p /Windows/Drivers/VirtIO\n-upload /usr/share/virtio-win/drivers/by-os/amd64/2k19/balloon.cat /Windows/Drivers/VirtIO/balloon.cat"
time=2026-08-10T10:57:31.089Z level=INFO msg="guestfs exec ok" bin=guestfish duration=59ms outputBytes=0 output=""
time=2026-08-10T10:57:31.090Z level=INFO msg="guestfs exec" bin=guestfish args="[--remote=134]" scriptLines=2 script="-mkdir-p /Windows/Drivers/VirtIO\n-upload /usr/share/virtio-win/drivers/by-os/amd64/2k19/balloon.inf /Windows/Drivers/VirtIO/balloon.inf"
time=2026-08-10T10:57:31.145Z level=INFO msg="guestfs exec ok" bin=guestfish duration=56ms outputBytes=0 output=""
time=2026-08-10T10:57:31.146Z level=INFO msg="guestfs exec" bin=guestfish args="[--remote=134]" scriptLines=2 script="-mkdir-p /Windows/Drivers/VirtIO\n-upload /usr/share/virtio-win/drivers/by-os/amd64/2k19/balloon.sys /Windows/Drivers/VirtIO/balloon.sys"
time=2026-08-10T10:57:31.206Z level=INFO msg="guestfs exec ok" bin=guestfish duration=59ms outputBytes=0 output=""
time=2026-08-10T10:57:31.206Z level=INFO msg="guestfs exec" bin=guestfish args="[--remote=134]" scriptLines=2 script="-mkdir-p /Windows/Drivers/VirtIO\n-upload /usr/share/virtio-win/drivers/by-os/amd64/2k19/fwcfg.cat /Windows/Drivers/VirtIO/fwcfg.cat"
time=2026-08-10T10:57:31.262Z level=INFO msg="guestfs exec ok" bin=guestfish duration=56ms outputBytes=0 output=""
time=2026-08-10T10:57:31.262Z level=INFO msg="guestfs exec" bin=guestfish args="[--remote=134]" scriptLines=2 script="-mkdir-p /Windows/Drivers/VirtIO\n-upload /usr/share/virtio-win/drivers/by-os/amd64/2k19/fwcfg.inf /Windows/Drivers/VirtIO/fwcfg.inf"
time=2026-08-10T10:57:31.316Z level=INFO msg="guestfs exec ok" bin=guestfish duration=54ms outputBytes=0 output=""
time=2026-08-10T10:57:31.316Z level=INFO msg="guestfs exec" bin=guestfish args="[--remote=134]" scriptLines=2 script="-mkdir-p /Windows/Drivers/VirtIO\n-upload /usr/share/virtio-win/drivers/by-os/amd64/2k19/fwcfg.sys /Windows/Drivers/VirtIO/fwcfg.sys"
time=2026-08-10T10:57:31.378Z level=INFO msg="guestfs exec ok" bin=guestfish duration=62ms outputBytes=0 output=""
time=2026-08-10T10:57:31.378Z level=INFO msg="guestfs exec" bin=guestfish args="[--remote=134]" scriptLines=2 script="-mkdir-p /Windows/Drivers/VirtIO\n-upload /usr/share/virtio-win/drivers/by-os/amd64/2k19/netkvm.cat /Windows/Drivers/VirtIO/netkvm.cat"
time=2026-08-10T10:57:31.443Z level=INFO msg="guestfs exec ok" bin=guestfish duration=64ms outputBytes=0 output=""
time=2026-08-10T10:57:31.443Z level=INFO msg="guestfs exec" bin=guestfish args="[--remote=134]" scriptLines=2 script="-mkdir-p /Windows/Drivers/VirtIO\n-upload /usr/share/virtio-win/drivers/by-os/amd64/2k19/netkvm.inf /Windows/Drivers/VirtIO/netkvm.inf"
time=2026-08-10T10:57:31.512Z level=INFO msg="guestfs exec ok" bin=guestfish duration=69ms outputBytes=0 output=""
time=2026-08-10T10:57:31.512Z level=INFO msg="guestfs exec" bin=guestfish args="[--remote=134]" scriptLines=2 script="-mkdir-p /Windows/Drivers/VirtIO\n-upload /usr/share/virtio-win/drivers/by-os/amd64/2k19/netkvm.sys /Windows/Drivers/VirtIO/netkvm.sys"
time=2026-08-10T10:57:31.575Z level=INFO msg="guestfs exec ok" bin=guestfish duration=63ms outputBytes=0 output=""
time=2026-08-10T10:57:31.575Z level=INFO msg="guestfs exec" bin=guestfish args="[--remote=134]" scriptLines=2 script="-mkdir-p /Windows/Drivers/VirtIO\n-upload /usr/share/virtio-win/drivers/by-os/amd64/2k19/pvpanic-pci.cat /Windows/Drivers/VirtIO/pvpanic-pci.cat"
time=2026-08-10T10:57:31.629Z level=INFO msg="guestfs exec ok" bin=guestfish duration=53ms outputBytes=0 output=""
time=2026-08-10T10:57:31.629Z level=INFO msg="guestfs exec" bin=guestfish args="[--remote=134]" scriptLines=2 script="-mkdir-p /Windows/Drivers/VirtIO\n-upload /usr/share/virtio-win/drivers/by-os/amd64/2k19/pvpanic-pci.inf /Windows/Drivers/VirtIO/pvpanic-pci.inf"
time=2026-08-10T10:57:31.683Z level=INFO msg="guestfs exec ok" bin=guestfish duration=54ms outputBytes=0 output=""
time=2026-08-10T10:57:31.684Z level=INFO msg="guestfs exec" bin=guestfish args="[--remote=134]" scriptLines=2 script="-mkdir-p /Windows/Drivers/VirtIO\n-upload /usr/share/virtio-win/drivers/by-os/amd64/2k19/pvpanic.cat /Windows/Drivers/VirtIO/pvpanic.cat"
time=2026-08-10T10:57:31.735Z level=INFO msg="guestfs exec ok" bin=guestfish duration=51ms outputBytes=0 output=""
time=2026-08-10T10:57:31.735Z level=INFO msg="guestfs exec" bin=guestfish args="[--remote=134]" scriptLines=2 script="-mkdir-p /Windows/Drivers/VirtIO\n-upload /usr/share/virtio-win/drivers/by-os/amd64/2k19/pvpanic.inf /Windows/Drivers/VirtIO/pvpanic.inf"
time=2026-08-10T10:57:31.788Z level=INFO msg="guestfs exec ok" bin=guestfish duration=53ms outputBytes=0 output=""
time=2026-08-10T10:57:31.788Z level=INFO msg="guestfs exec" bin=guestfish args="[--remote=134]" scriptLines=2 script="-mkdir-p /Windows/Drivers/VirtIO\n-upload /usr/share/virtio-win/drivers/by-os/amd64/2k19/pvpanic.sys /Windows/Drivers/VirtIO/pvpanic.sys"
time=2026-08-10T10:57:31.842Z level=INFO msg="guestfs exec ok" bin=guestfish duration=54ms outputBytes=0 output=""
time=2026-08-10T10:57:31.843Z level=INFO msg="guestfs exec" bin=guestfish args="[--remote=134]" scriptLines=2 script="-mkdir-p /Windows/Drivers/VirtIO\n-upload /usr/share/virtio-win/drivers/by-os/amd64/2k19/qemufwcfg.cat /Windows/Drivers/VirtIO/qemufwcfg.cat"
time=2026-08-10T10:57:31.893Z level=INFO msg="guestfs exec ok" bin=guestfish duration=50ms outputBytes=0 output=""
time=2026-08-10T10:57:31.893Z level=INFO msg="guestfs exec" bin=guestfish args="[--remote=134]" scriptLines=2 script="-mkdir-p /Windows/Drivers/VirtIO\n-upload /usr/share/virtio-win/drivers/by-os/amd64/2k19/qemufwcfg.inf /Windows/Drivers/VirtIO/qemufwcfg.inf"
time=2026-08-10T10:57:31.946Z level=INFO msg="guestfs exec ok" bin=guestfish duration=53ms outputBytes=0 output=""
time=2026-08-10T10:57:31.946Z level=INFO msg="guestfs exec" bin=guestfish args="[--remote=134]" scriptLines=2 script="-mkdir-p /Windows/Drivers/VirtIO\n-upload /usr/share/virtio-win/drivers/by-os/amd64/2k19/qemupciserial.cat /Windows/Drivers/VirtIO/qemupciserial.cat"
time=2026-08-10T10:57:32.002Z level=INFO msg="guestfs exec ok" bin=guestfish duration=56ms outputBytes=0 output=""
time=2026-08-10T10:57:32.002Z level=INFO msg="guestfs exec" bin=guestfish args="[--remote=134]" scriptLines=2 script="-mkdir-p /Windows/Drivers/VirtIO\n-upload /usr/share/virtio-win/drivers/by-os/amd64/2k19/qemupciserial.inf /Windows/Drivers/VirtIO/qemupciserial.inf"
time=2026-08-10T10:57:32.049Z level=INFO msg="guestfs exec ok" bin=guestfish duration=47ms outputBytes=0 output=""
time=2026-08-10T10:57:32.049Z level=INFO msg="guestfs exec" bin=guestfish args="[--remote=134]" scriptLines=2 script="-mkdir-p /Windows/Drivers/VirtIO\n-upload /usr/share/virtio-win/drivers/by-os/amd64/2k19/qxldod.cat /Windows/Drivers/VirtIO/qxldod.cat"
time=2026-08-10T10:57:32.103Z level=INFO msg="guestfs exec ok" bin=guestfish duration=54ms outputBytes=0 output=""
time=2026-08-10T10:57:32.104Z level=INFO msg="guestfs exec" bin=guestfish args="[--remote=134]" scriptLines=2 script="-mkdir-p /Windows/Drivers/VirtIO\n-upload /usr/share/virtio-win/drivers/by-os/amd64/2k19/qxldod.inf /Windows/Drivers/VirtIO/qxldod.inf"
time=2026-08-10T10:57:32.155Z level=INFO msg="guestfs exec ok" bin=guestfish duration=51ms outputBytes=0 output=""
time=2026-08-10T10:57:32.155Z level=INFO msg="guestfs exec" bin=guestfish args="[--remote=134]" scriptLines=2 script="-mkdir-p /Windows/Drivers/VirtIO\n-upload /usr/share/virtio-win/drivers/by-os/amd64/2k19/qxldod.sys /Windows/Drivers/VirtIO/qxldod.sys"
time=2026-08-10T10:57:32.208Z level=INFO msg="guestfs exec ok" bin=guestfish duration=53ms outputBytes=0 output=""
time=2026-08-10T10:57:32.208Z level=INFO msg="guestfs exec" bin=guestfish args="[--remote=134]" scriptLines=2 script="-mkdir-p /Windows/Drivers/VirtIO\n-upload /usr/share/virtio-win/drivers/by-os/amd64/2k19/viofs.cat /Windows/Drivers/VirtIO/viofs.cat"
time=2026-08-10T10:57:32.301Z level=INFO msg="guestfs exec ok" bin=guestfish duration=93ms outputBytes=0 output=""
time=2026-08-10T10:57:32.302Z level=INFO msg="guestfs exec" bin=guestfish args="[--remote=134]" scriptLines=2 script="-mkdir-p /Windows/Drivers/VirtIO\n-upload /usr/share/virtio-win/drivers/by-os/amd64/2k19/viofs.inf /Windows/Drivers/VirtIO/viofs.inf"
time=2026-08-10T10:57:32.362Z level=INFO msg="guestfs exec ok" bin=guestfish duration=60ms outputBytes=0 output=""
time=2026-08-10T10:57:32.362Z level=INFO msg="guestfs exec" bin=guestfish args="[--remote=134]" scriptLines=2 script="-mkdir-p /Windows/Drivers/VirtIO\n-upload /usr/share/virtio-win/drivers/by-os/amd64/2k19/viofs.sys /Windows/Drivers/VirtIO/viofs.sys"
time=2026-08-10T10:57:32.423Z level=INFO msg="guestfs exec ok" bin=guestfish duration=61ms outputBytes=0 output=""
time=2026-08-10T10:57:32.424Z level=INFO msg="guestfs exec" bin=guestfish args="[--remote=134]" scriptLines=2 script="-mkdir-p /Windows/Drivers/VirtIO\n-upload /usr/share/virtio-win/drivers/by-os/amd64/2k19/viogpudo.cat /Windows/Drivers/VirtIO/viogpudo.cat"
time=2026-08-10T10:57:32.476Z level=INFO msg="guestfs exec ok" bin=guestfish duration=53ms outputBytes=0 output=""
time=2026-08-10T10:57:32.477Z level=INFO msg="guestfs exec" bin=guestfish args="[--remote=134]" scriptLines=2 script="-mkdir-p /Windows/Drivers/VirtIO\n-upload /usr/share/virtio-win/drivers/by-os/amd64/2k19/viogpudo.inf /Windows/Drivers/VirtIO/viogpudo.inf"
time=2026-08-10T10:57:32.527Z level=INFO msg="guestfs exec ok" bin=guestfish duration=51ms outputBytes=0 output=""
time=2026-08-10T10:57:32.527Z level=INFO msg="guestfs exec" bin=guestfish args="[--remote=134]" scriptLines=2 script="-mkdir-p /Windows/Drivers/VirtIO\n-upload /usr/share/virtio-win/drivers/by-os/amd64/2k19/viogpudo.sys /Windows/Drivers/VirtIO/viogpudo.sys"
time=2026-08-10T10:57:32.585Z level=INFO msg="guestfs exec ok" bin=guestfish duration=58ms outputBytes=0 output=""
time=2026-08-10T10:57:32.586Z level=INFO msg="guestfs exec" bin=guestfish args="[--remote=134]" scriptLines=2 script="-mkdir-p /Windows/Drivers/VirtIO\n-upload /usr/share/virtio-win/drivers/by-os/amd64/2k19/viohidkmdf.sys /Windows/Drivers/VirtIO/viohidkmdf.sys"
time=2026-08-10T10:57:32.641Z level=INFO msg="guestfs exec ok" bin=guestfish duration=56ms outputBytes=0 output=""
time=2026-08-10T10:57:32.642Z level=INFO msg="guestfs exec" bin=guestfish args="[--remote=134]" scriptLines=2 script="-mkdir-p /Windows/Drivers/VirtIO\n-upload /usr/share/virtio-win/drivers/by-os/amd64/2k19/vioinput.cat /Windows/Drivers/VirtIO/vioinput.cat"
time=2026-08-10T10:57:32.702Z level=INFO msg="guestfs exec ok" bin=guestfish duration=60ms outputBytes=0 output=""
time=2026-08-10T10:57:32.702Z level=INFO msg="guestfs exec" bin=guestfish args="[--remote=134]" scriptLines=2 script="-mkdir-p /Windows/Drivers/VirtIO\n-upload /usr/share/virtio-win/drivers/by-os/amd64/2k19/vioinput.inf /Windows/Drivers/VirtIO/vioinput.inf"
time=2026-08-10T10:57:32.757Z level=INFO msg="guestfs exec ok" bin=guestfish duration=55ms outputBytes=0 output=""
time=2026-08-10T10:57:32.757Z level=INFO msg="guestfs exec" bin=guestfish args="[--remote=134]" scriptLines=2 script="-mkdir-p /Windows/Drivers/VirtIO\n-upload /usr/share/virtio-win/drivers/by-os/amd64/2k19/vioinput.sys /Windows/Drivers/VirtIO/vioinput.sys"
time=2026-08-10T10:57:32.815Z level=INFO msg="guestfs exec ok" bin=guestfish duration=57ms outputBytes=0 output=""
time=2026-08-10T10:57:32.815Z level=INFO msg="guestfs exec" bin=guestfish args="[--remote=134]" scriptLines=2 script="-mkdir-p /Windows/Drivers/VirtIO\n-upload /usr/share/virtio-win/drivers/by-os/amd64/2k19/viomem.cat /Windows/Drivers/VirtIO/viomem.cat"
time=2026-08-10T10:57:32.876Z level=INFO msg="guestfs exec ok" bin=guestfish duration=61ms outputBytes=0 output=""
time=2026-08-10T10:57:32.876Z level=INFO msg="guestfs exec" bin=guestfish args="[--remote=134]" scriptLines=2 script="-mkdir-p /Windows/Drivers/VirtIO\n-upload /usr/share/virtio-win/drivers/by-os/amd64/2k19/viomem.inf /Windows/Drivers/VirtIO/viomem.inf"
time=2026-08-10T10:57:32.926Z level=INFO msg="guestfs exec ok" bin=guestfish duration=49ms outputBytes=0 output=""
time=2026-08-10T10:57:32.926Z level=INFO msg="guestfs exec" bin=guestfish args="[--remote=134]" scriptLines=2 script="-mkdir-p /Windows/Drivers/VirtIO\n-upload /usr/share/virtio-win/drivers/by-os/amd64/2k19/viomem.sys /Windows/Drivers/VirtIO/viomem.sys"
time=2026-08-10T10:57:32.981Z level=INFO msg="guestfs exec ok" bin=guestfish duration=55ms outputBytes=0 output=""
time=2026-08-10T10:57:32.981Z level=INFO msg="guestfs exec" bin=guestfish args="[--remote=134]" scriptLines=2 script="-mkdir-p /Windows/Drivers/VirtIO\n-upload /usr/share/virtio-win/drivers/by-os/amd64/2k19/vioprot.cat /Windows/Drivers/VirtIO/vioprot.cat"
time=2026-08-10T10:57:33.031Z level=INFO msg="guestfs exec ok" bin=guestfish duration=50ms outputBytes=0 output=""
time=2026-08-10T10:57:33.031Z level=INFO msg="guestfs exec" bin=guestfish args="[--remote=134]" scriptLines=2 script="-mkdir-p /Windows/Drivers/VirtIO\n-upload /usr/share/virtio-win/drivers/by-os/amd64/2k19/vioprot.inf /Windows/Drivers/VirtIO/vioprot.inf"
time=2026-08-10T10:57:33.086Z level=INFO msg="guestfs exec ok" bin=guestfish duration=54ms outputBytes=0 output=""
time=2026-08-10T10:57:33.086Z level=INFO msg="guestfs exec" bin=guestfish args="[--remote=134]" scriptLines=2 script="-mkdir-p /Windows/Drivers/VirtIO\n-upload /usr/share/virtio-win/drivers/by-os/amd64/2k19/viorng.cat /Windows/Drivers/VirtIO/viorng.cat"
time=2026-08-10T10:57:33.149Z level=INFO msg="guestfs exec ok" bin=guestfish duration=64ms outputBytes=0 output=""
time=2026-08-10T10:57:33.150Z level=INFO msg="guestfs exec" bin=guestfish args="[--remote=134]" scriptLines=2 script="-mkdir-p /Windows/Drivers/VirtIO\n-upload /usr/share/virtio-win/drivers/by-os/amd64/2k19/viorng.inf /Windows/Drivers/VirtIO/viorng.inf"
time=2026-08-10T10:57:33.201Z level=INFO msg="guestfs exec ok" bin=guestfish duration=52ms outputBytes=0 output=""
time=2026-08-10T10:57:33.201Z level=INFO msg="guestfs exec" bin=guestfish args="[--remote=134]" scriptLines=2 script="-mkdir-p /Windows/Drivers/VirtIO\n-upload /usr/share/virtio-win/drivers/by-os/amd64/2k19/viorng.sys /Windows/Drivers/VirtIO/viorng.sys"
time=2026-08-10T10:57:33.254Z level=INFO msg="guestfs exec ok" bin=guestfish duration=52ms outputBytes=0 output=""
time=2026-08-10T10:57:33.254Z level=INFO msg="guestfs exec" bin=guestfish args="[--remote=134]" scriptLines=2 script="-mkdir-p /Windows/Drivers/VirtIO\n-upload /usr/share/virtio-win/drivers/by-os/amd64/2k19/vioscsi.cat /Windows/Drivers/VirtIO/vioscsi.cat"
time=2026-08-10T10:57:33.304Z level=INFO msg="guestfs exec ok" bin=guestfish duration=50ms outputBytes=0 output=""
time=2026-08-10T10:57:33.304Z level=INFO msg="guestfs exec" bin=guestfish args="[--remote=134]" scriptLines=2 script="-mkdir-p /Windows/Drivers/VirtIO\n-upload /usr/share/virtio-win/drivers/by-os/amd64/2k19/vioscsi.inf /Windows/Drivers/VirtIO/vioscsi.inf"
time=2026-08-10T10:57:33.352Z level=INFO msg="guestfs exec ok" bin=guestfish duration=48ms outputBytes=0 output=""
time=2026-08-10T10:57:33.353Z level=INFO msg="guestfs exec" bin=guestfish args="[--remote=134]" scriptLines=2 script="-mkdir-p /Windows/Drivers/VirtIO\n-upload /usr/share/virtio-win/drivers/by-os/amd64/2k19/vioscsi.sys /Windows/Drivers/VirtIO/vioscsi.sys"
time=2026-08-10T10:57:33.405Z level=INFO msg="guestfs exec ok" bin=guestfish duration=52ms outputBytes=0 output=""
time=2026-08-10T10:57:33.405Z level=INFO msg="guestfs exec" bin=guestfish args="[--remote=134]" scriptLines=2 script="-mkdir-p /Windows/System32/drivers\n-upload /usr/share/virtio-win/drivers/by-os/amd64/2k19/vioscsi.sys /Windows/System32/drivers/vioscsi.sys"
time=2026-08-10T10:57:33.453Z level=INFO msg="guestfs exec ok" bin=guestfish duration=48ms outputBytes=0 output=""
time=2026-08-10T10:57:33.453Z level=INFO msg="guestfs exec" bin=guestfish args="[--remote=134]" scriptLines=2 script="-mkdir-p /Windows/Drivers/VirtIO\n-upload /usr/share/virtio-win/drivers/by-os/amd64/2k19/vioser.cat /Windows/Drivers/VirtIO/vioser.cat"
time=2026-08-10T10:57:33.505Z level=INFO msg="guestfs exec ok" bin=guestfish duration=52ms outputBytes=0 output=""
time=2026-08-10T10:57:33.505Z level=INFO msg="guestfs exec" bin=guestfish args="[--remote=134]" scriptLines=2 script="-mkdir-p /Windows/Drivers/VirtIO\n-upload /usr/share/virtio-win/drivers/by-os/amd64/2k19/vioser.inf /Windows/Drivers/VirtIO/vioser.inf"
time=2026-08-10T10:57:33.556Z level=INFO msg="guestfs exec ok" bin=guestfish duration=51ms outputBytes=0 output=""
time=2026-08-10T10:57:33.556Z level=INFO msg="guestfs exec" bin=guestfish args="[--remote=134]" scriptLines=2 script="-mkdir-p /Windows/Drivers/VirtIO\n-upload /usr/share/virtio-win/drivers/by-os/amd64/2k19/vioser.sys /Windows/Drivers/VirtIO/vioser.sys"
time=2026-08-10T10:57:33.614Z level=INFO msg="guestfs exec ok" bin=guestfish duration=58ms outputBytes=0 output=""
time=2026-08-10T10:57:33.615Z level=INFO msg="guestfs exec" bin=guestfish args="[--remote=134]" scriptLines=2 script="-mkdir-p /Windows/Drivers/VirtIO\n-upload /usr/share/virtio-win/drivers/by-os/amd64/2k19/viosock.cat /Windows/Drivers/VirtIO/viosock.cat"
time=2026-08-10T10:57:33.683Z level=INFO msg="guestfs exec ok" bin=guestfish duration=68ms outputBytes=0 output=""
time=2026-08-10T10:57:33.683Z level=INFO msg="guestfs exec" bin=guestfish args="[--remote=134]" scriptLines=2 script="-mkdir-p /Windows/Drivers/VirtIO\n-upload /usr/share/virtio-win/drivers/by-os/amd64/2k19/viosock.inf /Windows/Drivers/VirtIO/viosock.inf"
time=2026-08-10T10:57:33.742Z level=INFO msg="guestfs exec ok" bin=guestfish duration=59ms outputBytes=0 output=""
time=2026-08-10T10:57:33.743Z level=INFO msg="guestfs exec" bin=guestfish args="[--remote=134]" scriptLines=2 script="-mkdir-p /Windows/Drivers/VirtIO\n-upload /usr/share/virtio-win/drivers/by-os/amd64/2k19/viosock.sys /Windows/Drivers/VirtIO/viosock.sys"
time=2026-08-10T10:57:33.805Z level=INFO msg="guestfs exec ok" bin=guestfish duration=62ms outputBytes=0 output=""
time=2026-08-10T10:57:33.805Z level=INFO msg="guestfs exec" bin=guestfish args="[--remote=134]" scriptLines=2 script="-mkdir-p /Windows/Drivers/VirtIO\n-upload /usr/share/virtio-win/drivers/by-os/amd64/2k19/viostor.cat /Windows/Drivers/VirtIO/viostor.cat"
time=2026-08-10T10:57:33.871Z level=INFO msg="guestfs exec ok" bin=guestfish duration=65ms outputBytes=0 output=""
time=2026-08-10T10:57:33.871Z level=INFO msg="guestfs exec" bin=guestfish args="[--remote=134]" scriptLines=2 script="-mkdir-p /Windows/Drivers/VirtIO\n-upload /usr/share/virtio-win/drivers/by-os/amd64/2k19/viostor.inf /Windows/Drivers/VirtIO/viostor.inf"
time=2026-08-10T10:57:33.922Z level=INFO msg="guestfs exec ok" bin=guestfish duration=51ms outputBytes=0 output=""
time=2026-08-10T10:57:33.922Z level=INFO msg="guestfs exec" bin=guestfish args="[--remote=134]" scriptLines=2 script="-mkdir-p /Windows/Drivers/VirtIO\n-upload /usr/share/virtio-win/drivers/by-os/amd64/2k19/viostor.sys /Windows/Drivers/VirtIO/viostor.sys"
time=2026-08-10T10:57:33.982Z level=INFO msg="guestfs exec ok" bin=guestfish duration=60ms outputBytes=0 output=""
time=2026-08-10T10:57:33.982Z level=INFO msg="guestfs exec" bin=guestfish args="[--remote=134]" scriptLines=2 script="-mkdir-p /Windows/System32/drivers\n-upload /usr/share/virtio-win/drivers/by-os/amd64/2k19/viostor.sys /Windows/System32/drivers/viostor.sys"
time=2026-08-10T10:57:34.036Z level=INFO msg="guestfs exec ok" bin=guestfish duration=53ms outputBytes=0 output=""
time=2026-08-10T10:57:34.036Z level=INFO msg="copied driver" name=vioscsi
time=2026-08-10T10:57:34.036Z level=INFO msg="guestfs exec" bin=guestfish args="[--remote=134]" scriptLines=2 script="-mkdir-p /Windows/Drivers/VirtIO\n-upload /usr/share/virtio-win/drivers/by-os/amd64/2k19/balloon.cat /Windows/Drivers/VirtIO/balloon.cat"
time=2026-08-10T10:57:34.089Z level=INFO msg="guestfs exec ok" bin=guestfish duration=53ms outputBytes=0 output=""
time=2026-08-10T10:57:34.089Z level=INFO msg="guestfs exec" bin=guestfish args="[--remote=134]" scriptLines=2 script="-mkdir-p /Windows/Drivers/VirtIO\n-upload /usr/share/virtio-win/drivers/by-os/amd64/2k19/balloon.inf /Windows/Drivers/VirtIO/balloon.inf"
time=2026-08-10T10:57:34.143Z level=INFO msg="guestfs exec ok" bin=guestfish duration=54ms outputBytes=0 output=""
time=2026-08-10T10:57:34.143Z level=INFO msg="guestfs exec" bin=guestfish args="[--remote=134]" scriptLines=2 script="-mkdir-p /Windows/Drivers/VirtIO\n-upload /usr/share/virtio-win/drivers/by-os/amd64/2k19/balloon.sys /Windows/Drivers/VirtIO/balloon.sys"
time=2026-08-10T10:57:34.197Z level=INFO msg="guestfs exec ok" bin=guestfish duration=54ms outputBytes=0 output=""
time=2026-08-10T10:57:34.197Z level=INFO msg="guestfs exec" bin=guestfish args="[--remote=134]" scriptLines=2 script="-mkdir-p /Windows/Drivers/VirtIO\n-upload /usr/share/virtio-win/drivers/by-os/amd64/2k19/fwcfg.cat /Windows/Drivers/VirtIO/fwcfg.cat"
time=2026-08-10T10:57:34.248Z level=INFO msg="guestfs exec ok" bin=guestfish duration=51ms outputBytes=0 output=""
time=2026-08-10T10:57:34.248Z level=INFO msg="guestfs exec" bin=guestfish args="[--remote=134]" scriptLines=2 script="-mkdir-p /Windows/Drivers/VirtIO\n-upload /usr/share/virtio-win/drivers/by-os/amd64/2k19/fwcfg.inf /Windows/Drivers/VirtIO/fwcfg.inf"
time=2026-08-10T10:57:34.310Z level=INFO msg="guestfs exec ok" bin=guestfish duration=62ms outputBytes=0 output=""
time=2026-08-10T10:57:34.310Z level=INFO msg="guestfs exec" bin=guestfish args="[--remote=134]" scriptLines=2 script="-mkdir-p /Windows/Drivers/VirtIO\n-upload /usr/share/virtio-win/drivers/by-os/amd64/2k19/fwcfg.sys /Windows/Drivers/VirtIO/fwcfg.sys"
time=2026-08-10T10:57:34.361Z level=INFO msg="guestfs exec ok" bin=guestfish duration=51ms outputBytes=0 output=""
time=2026-08-10T10:57:34.361Z level=INFO msg="guestfs exec" bin=guestfish args="[--remote=134]" scriptLines=2 script="-mkdir-p /Windows/Drivers/VirtIO\n-upload /usr/share/virtio-win/drivers/by-os/amd64/2k19/netkvm.cat /Windows/Drivers/VirtIO/netkvm.cat"
time=2026-08-10T10:57:34.410Z level=INFO msg="guestfs exec ok" bin=guestfish duration=49ms outputBytes=0 output=""
time=2026-08-10T10:57:34.410Z level=INFO msg="guestfs exec" bin=guestfish args="[--remote=134]" scriptLines=2 script="-mkdir-p /Windows/Drivers/VirtIO\n-upload /usr/share/virtio-win/drivers/by-os/amd64/2k19/netkvm.inf /Windows/Drivers/VirtIO/netkvm.inf"
time=2026-08-10T10:57:34.468Z level=INFO msg="guestfs exec ok" bin=guestfish duration=58ms outputBytes=0 output=""
time=2026-08-10T10:57:34.468Z level=INFO msg="guestfs exec" bin=guestfish args="[--remote=134]" scriptLines=2 script="-mkdir-p /Windows/Drivers/VirtIO\n-upload /usr/share/virtio-win/drivers/by-os/amd64/2k19/netkvm.sys /Windows/Drivers/VirtIO/netkvm.sys"
time=2026-08-10T10:57:34.523Z level=INFO msg="guestfs exec ok" bin=guestfish duration=55ms outputBytes=0 output=""
time=2026-08-10T10:57:34.523Z level=INFO msg="guestfs exec" bin=guestfish args="[--remote=134]" scriptLines=2 script="-mkdir-p /Windows/Drivers/VirtIO\n-upload /usr/share/virtio-win/drivers/by-os/amd64/2k19/pvpanic-pci.cat /Windows/Drivers/VirtIO/pvpanic-pci.cat"
time=2026-08-10T10:57:34.579Z level=INFO msg="guestfs exec ok" bin=guestfish duration=56ms outputBytes=0 output=""
time=2026-08-10T10:57:34.580Z level=INFO msg="guestfs exec" bin=guestfish args="[--remote=134]" scriptLines=2 script="-mkdir-p /Windows/Drivers/VirtIO\n-upload /usr/share/virtio-win/drivers/by-os/amd64/2k19/pvpanic-pci.inf /Windows/Drivers/VirtIO/pvpanic-pci.inf"
time=2026-08-10T10:57:34.631Z level=INFO msg="guestfs exec ok" bin=guestfish duration=51ms outputBytes=0 output=""
time=2026-08-10T10:57:34.631Z level=INFO msg="guestfs exec" bin=guestfish args="[--remote=134]" scriptLines=2 script="-mkdir-p /Windows/Drivers/VirtIO\n-upload /usr/share/virtio-win/drivers/by-os/amd64/2k19/pvpanic.cat /Windows/Drivers/VirtIO/pvpanic.cat"
time=2026-08-10T10:57:34.682Z level=INFO msg="guestfs exec ok" bin=guestfish duration=51ms outputBytes=0 output=""
time=2026-08-10T10:57:34.682Z level=INFO msg="guestfs exec" bin=guestfish args="[--remote=134]" scriptLines=2 script="-mkdir-p /Windows/Drivers/VirtIO\n-upload /usr/share/virtio-win/drivers/by-os/amd64/2k19/pvpanic.inf /Windows/Drivers/VirtIO/pvpanic.inf"
time=2026-08-10T10:57:34.735Z level=INFO msg="guestfs exec ok" bin=guestfish duration=53ms outputBytes=0 output=""
time=2026-08-10T10:57:34.735Z level=INFO msg="guestfs exec" bin=guestfish args="[--remote=134]" scriptLines=2 script="-mkdir-p /Windows/Drivers/VirtIO\n-upload /usr/share/virtio-win/drivers/by-os/amd64/2k19/pvpanic.sys /Windows/Drivers/VirtIO/pvpanic.sys"
time=2026-08-10T10:57:34.793Z level=INFO msg="guestfs exec ok" bin=guestfish duration=58ms outputBytes=0 output=""
time=2026-08-10T10:57:34.793Z level=INFO msg="guestfs exec" bin=guestfish args="[--remote=134]" scriptLines=2 script="-mkdir-p /Windows/Drivers/VirtIO\n-upload /usr/share/virtio-win/drivers/by-os/amd64/2k19/qemufwcfg.cat /Windows/Drivers/VirtIO/qemufwcfg.cat"
time=2026-08-10T10:57:34.859Z level=INFO msg="guestfs exec ok" bin=guestfish duration=66ms outputBytes=0 output=""
time=2026-08-10T10:57:34.859Z level=INFO msg="guestfs exec" bin=guestfish args="[--remote=134]" scriptLines=2 script="-mkdir-p /Windows/Drivers/VirtIO\n-upload /usr/share/virtio-win/drivers/by-os/amd64/2k19/qemufwcfg.inf /Windows/Drivers/VirtIO/qemufwcfg.inf"
time=2026-08-10T10:57:34.922Z level=INFO msg="guestfs exec ok" bin=guestfish duration=62ms outputBytes=0 output=""
time=2026-08-10T10:57:34.922Z level=INFO msg="guestfs exec" bin=guestfish args="[--remote=134]" scriptLines=2 script="-mkdir-p /Windows/Drivers/VirtIO\n-upload /usr/share/virtio-win/drivers/by-os/amd64/2k19/qemupciserial.cat /Windows/Drivers/VirtIO/qemupciserial.cat"
time=2026-08-10T10:57:34.984Z level=INFO msg="guestfs exec ok" bin=guestfish duration=61ms outputBytes=0 output=""
time=2026-08-10T10:57:34.984Z level=INFO msg="guestfs exec" bin=guestfish args="[--remote=134]" scriptLines=2 script="-mkdir-p /Windows/Drivers/VirtIO\n-upload /usr/share/virtio-win/drivers/by-os/amd64/2k19/qemupciserial.inf /Windows/Drivers/VirtIO/qemupciserial.inf"
time=2026-08-10T10:57:35.047Z level=INFO msg="guestfs exec ok" bin=guestfish duration=62ms outputBytes=0 output=""
time=2026-08-10T10:57:35.047Z level=INFO msg="guestfs exec" bin=guestfish args="[--remote=134]" scriptLines=2 script="-mkdir-p /Windows/Drivers/VirtIO\n-upload /usr/share/virtio-win/drivers/by-os/amd64/2k19/qxldod.cat /Windows/Drivers/VirtIO/qxldod.cat"
time=2026-08-10T10:57:35.106Z level=INFO msg="guestfs exec ok" bin=guestfish duration=59ms outputBytes=0 output=""
time=2026-08-10T10:57:35.107Z level=INFO msg="guestfs exec" bin=guestfish args="[--remote=134]" scriptLines=2 script="-mkdir-p /Windows/Drivers/VirtIO\n-upload /usr/share/virtio-win/drivers/by-os/amd64/2k19/qxldod.inf /Windows/Drivers/VirtIO/qxldod.inf"
time=2026-08-10T10:57:35.164Z level=INFO msg="guestfs exec ok" bin=guestfish duration=57ms outputBytes=0 output=""
time=2026-08-10T10:57:35.164Z level=INFO msg="guestfs exec" bin=guestfish args="[--remote=134]" scriptLines=2 script="-mkdir-p /Windows/Drivers/VirtIO\n-upload /usr/share/virtio-win/drivers/by-os/amd64/2k19/qxldod.sys /Windows/Drivers/VirtIO/qxldod.sys"
time=2026-08-10T10:57:35.230Z level=INFO msg="guestfs exec ok" bin=guestfish duration=66ms outputBytes=0 output=""
time=2026-08-10T10:57:35.230Z level=INFO msg="guestfs exec" bin=guestfish args="[--remote=134]" scriptLines=2 script="-mkdir-p /Windows/Drivers/VirtIO\n-upload /usr/share/virtio-win/drivers/by-os/amd64/2k19/viofs.cat /Windows/Drivers/VirtIO/viofs.cat"
time=2026-08-10T10:57:35.290Z level=INFO msg="guestfs exec ok" bin=guestfish duration=60ms outputBytes=0 output=""
time=2026-08-10T10:57:35.291Z level=INFO msg="guestfs exec" bin=guestfish args="[--remote=134]" scriptLines=2 script="-mkdir-p /Windows/Drivers/VirtIO\n-upload /usr/share/virtio-win/drivers/by-os/amd64/2k19/viofs.inf /Windows/Drivers/VirtIO/viofs.inf"
time=2026-08-10T10:57:35.347Z level=INFO msg="guestfs exec ok" bin=guestfish duration=56ms outputBytes=0 output=""
time=2026-08-10T10:57:35.348Z level=INFO msg="guestfs exec" bin=guestfish args="[--remote=134]" scriptLines=2 script="-mkdir-p /Windows/Drivers/VirtIO\n-upload /usr/share/virtio-win/drivers/by-os/amd64/2k19/viofs.sys /Windows/Drivers/VirtIO/viofs.sys"
time=2026-08-10T10:57:35.412Z level=INFO msg="guestfs exec ok" bin=guestfish duration=64ms outputBytes=0 output=""
time=2026-08-10T10:57:35.412Z level=INFO msg="guestfs exec" bin=guestfish args="[--remote=134]" scriptLines=2 script="-mkdir-p /Windows/Drivers/VirtIO\n-upload /usr/share/virtio-win/drivers/by-os/amd64/2k19/viogpudo.cat /Windows/Drivers/VirtIO/viogpudo.cat"
time=2026-08-10T10:57:35.463Z level=INFO msg="guestfs exec ok" bin=guestfish duration=51ms outputBytes=0 output=""
time=2026-08-10T10:57:35.463Z level=INFO msg="guestfs exec" bin=guestfish args="[--remote=134]" scriptLines=2 script="-mkdir-p /Windows/Drivers/VirtIO\n-upload /usr/share/virtio-win/drivers/by-os/amd64/2k19/viogpudo.inf /Windows/Drivers/VirtIO/viogpudo.inf"
time=2026-08-10T10:57:35.515Z level=INFO msg="guestfs exec ok" bin=guestfish duration=52ms outputBytes=0 output=""
time=2026-08-10T10:57:35.515Z level=INFO msg="guestfs exec" bin=guestfish args="[--remote=134]" scriptLines=2 script="-mkdir-p /Windows/Drivers/VirtIO\n-upload /usr/share/virtio-win/drivers/by-os/amd64/2k19/viogpudo.sys /Windows/Drivers/VirtIO/viogpudo.sys"
time=2026-08-10T10:57:35.577Z level=INFO msg="guestfs exec ok" bin=guestfish duration=62ms outputBytes=0 output=""
time=2026-08-10T10:57:35.577Z level=INFO msg="guestfs exec" bin=guestfish args="[--remote=134]" scriptLines=2 script="-mkdir-p /Windows/Drivers/VirtIO\n-upload /usr/share/virtio-win/drivers/by-os/amd64/2k19/viohidkmdf.sys /Windows/Drivers/VirtIO/viohidkmdf.sys"
time=2026-08-10T10:57:35.639Z level=INFO msg="guestfs exec ok" bin=guestfish duration=62ms outputBytes=0 output=""
time=2026-08-10T10:57:35.639Z level=INFO msg="guestfs exec" bin=guestfish args="[--remote=134]" scriptLines=2 script="-mkdir-p /Windows/Drivers/VirtIO\n-upload /usr/share/virtio-win/drivers/by-os/amd64/2k19/vioinput.cat /Windows/Drivers/VirtIO/vioinput.cat"
time=2026-08-10T10:57:35.708Z level=INFO msg="guestfs exec ok" bin=guestfish duration=69ms outputBytes=0 output=""
time=2026-08-10T10:57:35.708Z level=INFO msg="guestfs exec" bin=guestfish args="[--remote=134]" scriptLines=2 script="-mkdir-p /Windows/Drivers/VirtIO\n-upload /usr/share/virtio-win/drivers/by-os/amd64/2k19/vioinput.inf /Windows/Drivers/VirtIO/vioinput.inf"
time=2026-08-10T10:57:35.757Z level=INFO msg="guestfs exec ok" bin=guestfish duration=49ms outputBytes=0 output=""
time=2026-08-10T10:57:35.757Z level=INFO msg="guestfs exec" bin=guestfish args="[--remote=134]" scriptLines=2 script="-mkdir-p /Windows/Drivers/VirtIO\n-upload /usr/share/virtio-win/drivers/by-os/amd64/2k19/vioinput.sys /Windows/Drivers/VirtIO/vioinput.sys"
time=2026-08-10T10:57:35.809Z level=INFO msg="guestfs exec ok" bin=guestfish duration=52ms outputBytes=0 output=""
time=2026-08-10T10:57:35.809Z level=INFO msg="guestfs exec" bin=guestfish args="[--remote=134]" scriptLines=2 script="-mkdir-p /Windows/Drivers/VirtIO\n-upload /usr/share/virtio-win/drivers/by-os/amd64/2k19/viomem.cat /Windows/Drivers/VirtIO/viomem.cat"
time=2026-08-10T10:57:35.860Z level=INFO msg="guestfs exec ok" bin=guestfish duration=51ms outputBytes=0 output=""
time=2026-08-10T10:57:35.861Z level=INFO msg="guestfs exec" bin=guestfish args="[--remote=134]" scriptLines=2 script="-mkdir-p /Windows/Drivers/VirtIO\n-upload /usr/share/virtio-win/drivers/by-os/amd64/2k19/viomem.inf /Windows/Drivers/VirtIO/viomem.inf"
time=2026-08-10T10:57:35.912Z level=INFO msg="guestfs exec ok" bin=guestfish duration=51ms outputBytes=0 output=""
time=2026-08-10T10:57:35.912Z level=INFO msg="guestfs exec" bin=guestfish args="[--remote=134]" scriptLines=2 script="-mkdir-p /Windows/Drivers/VirtIO\n-upload /usr/share/virtio-win/drivers/by-os/amd64/2k19/viomem.sys /Windows/Drivers/VirtIO/viomem.sys"
time=2026-08-10T10:57:35.969Z level=INFO msg="guestfs exec ok" bin=guestfish duration=57ms outputBytes=0 output=""
time=2026-08-10T10:57:35.970Z level=INFO msg="guestfs exec" bin=guestfish args="[--remote=134]" scriptLines=2 script="-mkdir-p /Windows/Drivers/VirtIO\n-upload /usr/share/virtio-win/drivers/by-os/amd64/2k19/vioprot.cat /Windows/Drivers/VirtIO/vioprot.cat"
time=2026-08-10T10:57:36.027Z level=INFO msg="guestfs exec ok" bin=guestfish duration=57ms outputBytes=0 output=""
time=2026-08-10T10:57:36.027Z level=INFO msg="guestfs exec" bin=guestfish args="[--remote=134]" scriptLines=2 script="-mkdir-p /Windows/Drivers/VirtIO\n-upload /usr/share/virtio-win/drivers/by-os/amd64/2k19/vioprot.inf /Windows/Drivers/VirtIO/vioprot.inf"
time=2026-08-10T10:57:36.086Z level=INFO msg="guestfs exec ok" bin=guestfish duration=60ms outputBytes=0 output=""
time=2026-08-10T10:57:36.086Z level=INFO msg="guestfs exec" bin=guestfish args="[--remote=134]" scriptLines=2 script="-mkdir-p /Windows/Drivers/VirtIO\n-upload /usr/share/virtio-win/drivers/by-os/amd64/2k19/viorng.cat /Windows/Drivers/VirtIO/viorng.cat"
time=2026-08-10T10:57:36.152Z level=INFO msg="guestfs exec ok" bin=guestfish duration=65ms outputBytes=0 output=""
time=2026-08-10T10:57:36.152Z level=INFO msg="guestfs exec" bin=guestfish args="[--remote=134]" scriptLines=2 script="-mkdir-p /Windows/Drivers/VirtIO\n-upload /usr/share/virtio-win/drivers/by-os/amd64/2k19/viorng.inf /Windows/Drivers/VirtIO/viorng.inf"
time=2026-08-10T10:57:36.209Z level=INFO msg="guestfs exec ok" bin=guestfish duration=57ms outputBytes=0 output=""
time=2026-08-10T10:57:36.209Z level=INFO msg="guestfs exec" bin=guestfish args="[--remote=134]" scriptLines=2 script="-mkdir-p /Windows/Drivers/VirtIO\n-upload /usr/share/virtio-win/drivers/by-os/amd64/2k19/viorng.sys /Windows/Drivers/VirtIO/viorng.sys"
time=2026-08-10T10:57:36.268Z level=INFO msg="guestfs exec ok" bin=guestfish duration=59ms outputBytes=0 output=""
time=2026-08-10T10:57:36.268Z level=INFO msg="guestfs exec" bin=guestfish args="[--remote=134]" scriptLines=2 script="-mkdir-p /Windows/Drivers/VirtIO\n-upload /usr/share/virtio-win/drivers/by-os/amd64/2k19/vioscsi.cat /Windows/Drivers/VirtIO/vioscsi.cat"
time=2026-08-10T10:57:36.317Z level=INFO msg="guestfs exec ok" bin=guestfish duration=49ms outputBytes=0 output=""
time=2026-08-10T10:57:36.317Z level=INFO msg="guestfs exec" bin=guestfish args="[--remote=134]" scriptLines=2 script="-mkdir-p /Windows/Drivers/VirtIO\n-upload /usr/share/virtio-win/drivers/by-os/amd64/2k19/vioscsi.inf /Windows/Drivers/VirtIO/vioscsi.inf"
time=2026-08-10T10:57:36.365Z level=INFO msg="guestfs exec ok" bin=guestfish duration=48ms outputBytes=0 output=""
time=2026-08-10T10:57:36.365Z level=INFO msg="guestfs exec" bin=guestfish args="[--remote=134]" scriptLines=2 script="-mkdir-p /Windows/Drivers/VirtIO\n-upload /usr/share/virtio-win/drivers/by-os/amd64/2k19/vioscsi.sys /Windows/Drivers/VirtIO/vioscsi.sys"
time=2026-08-10T10:57:36.424Z level=INFO msg="guestfs exec ok" bin=guestfish duration=59ms outputBytes=0 output=""
time=2026-08-10T10:57:36.424Z level=INFO msg="guestfs exec" bin=guestfish args="[--remote=134]" scriptLines=2 script="-mkdir-p /Windows/System32/drivers\n-upload /usr/share/virtio-win/drivers/by-os/amd64/2k19/vioscsi.sys /Windows/System32/drivers/vioscsi.sys"
time=2026-08-10T10:57:36.487Z level=INFO msg="guestfs exec ok" bin=guestfish duration=63ms outputBytes=0 output=""
time=2026-08-10T10:57:36.487Z level=INFO msg="guestfs exec" bin=guestfish args="[--remote=134]" scriptLines=2 script="-mkdir-p /Windows/Drivers/VirtIO\n-upload /usr/share/virtio-win/drivers/by-os/amd64/2k19/vioser.cat /Windows/Drivers/VirtIO/vioser.cat"
time=2026-08-10T10:57:36.537Z level=INFO msg="guestfs exec ok" bin=guestfish duration=50ms outputBytes=0 output=""
time=2026-08-10T10:57:36.538Z level=INFO msg="guestfs exec" bin=guestfish args="[--remote=134]" scriptLines=2 script="-mkdir-p /Windows/Drivers/VirtIO\n-upload /usr/share/virtio-win/drivers/by-os/amd64/2k19/vioser.inf /Windows/Drivers/VirtIO/vioser.inf"
time=2026-08-10T10:57:36.595Z level=INFO msg="guestfs exec ok" bin=guestfish duration=57ms outputBytes=0 output=""
time=2026-08-10T10:57:36.595Z level=INFO msg="guestfs exec" bin=guestfish args="[--remote=134]" scriptLines=2 script="-mkdir-p /Windows/Drivers/VirtIO\n-upload /usr/share/virtio-win/drivers/by-os/amd64/2k19/vioser.sys /Windows/Drivers/VirtIO/vioser.sys"
time=2026-08-10T10:57:36.650Z level=INFO msg="guestfs exec ok" bin=guestfish duration=55ms outputBytes=0 output=""
time=2026-08-10T10:57:36.650Z level=INFO msg="guestfs exec" bin=guestfish args="[--remote=134]" scriptLines=2 script="-mkdir-p /Windows/Drivers/VirtIO\n-upload /usr/share/virtio-win/drivers/by-os/amd64/2k19/viosock.cat /Windows/Drivers/VirtIO/viosock.cat"
time=2026-08-10T10:57:36.704Z level=INFO msg="guestfs exec ok" bin=guestfish duration=53ms outputBytes=0 output=""
time=2026-08-10T10:57:36.704Z level=INFO msg="guestfs exec" bin=guestfish args="[--remote=134]" scriptLines=2 script="-mkdir-p /Windows/Drivers/VirtIO\n-upload /usr/share/virtio-win/drivers/by-os/amd64/2k19/viosock.inf /Windows/Drivers/VirtIO/viosock.inf"
time=2026-08-10T10:57:36.758Z level=INFO msg="guestfs exec ok" bin=guestfish duration=54ms outputBytes=0 output=""
time=2026-08-10T10:57:36.758Z level=INFO msg="guestfs exec" bin=guestfish args="[--remote=134]" scriptLines=2 script="-mkdir-p /Windows/Drivers/VirtIO\n-upload /usr/share/virtio-win/drivers/by-os/amd64/2k19/viosock.sys /Windows/Drivers/VirtIO/viosock.sys"
time=2026-08-10T10:57:36.808Z level=INFO msg="guestfs exec ok" bin=guestfish duration=50ms outputBytes=0 output=""
time=2026-08-10T10:57:36.809Z level=INFO msg="guestfs exec" bin=guestfish args="[--remote=134]" scriptLines=2 script="-mkdir-p /Windows/Drivers/VirtIO\n-upload /usr/share/virtio-win/drivers/by-os/amd64/2k19/viostor.cat /Windows/Drivers/VirtIO/viostor.cat"
time=2026-08-10T10:57:36.862Z level=INFO msg="guestfs exec ok" bin=guestfish duration=54ms outputBytes=0 output=""
time=2026-08-10T10:57:36.862Z level=INFO msg="guestfs exec" bin=guestfish args="[--remote=134]" scriptLines=2 script="-mkdir-p /Windows/Drivers/VirtIO\n-upload /usr/share/virtio-win/drivers/by-os/amd64/2k19/viostor.inf /Windows/Drivers/VirtIO/viostor.inf"
time=2026-08-10T10:57:36.919Z level=INFO msg="guestfs exec ok" bin=guestfish duration=57ms outputBytes=0 output=""
time=2026-08-10T10:57:36.919Z level=INFO msg="guestfs exec" bin=guestfish args="[--remote=134]" scriptLines=2 script="-mkdir-p /Windows/Drivers/VirtIO\n-upload /usr/share/virtio-win/drivers/by-os/amd64/2k19/viostor.sys /Windows/Drivers/VirtIO/viostor.sys"
time=2026-08-10T10:57:36.986Z level=INFO msg="guestfs exec ok" bin=guestfish duration=66ms outputBytes=0 output=""
time=2026-08-10T10:57:36.986Z level=INFO msg="guestfs exec" bin=guestfish args="[--remote=134]" scriptLines=2 script="-mkdir-p /Windows/System32/drivers\n-upload /usr/share/virtio-win/drivers/by-os/amd64/2k19/viostor.sys /Windows/System32/drivers/viostor.sys"
time=2026-08-10T10:57:37.041Z level=INFO msg="guestfs exec ok" bin=guestfish duration=56ms outputBytes=0 output=""
time=2026-08-10T10:57:37.042Z level=INFO msg="copied driver" name=vioser
time=2026-08-10T10:57:37.042Z level=INFO msg="guestfs exec" bin=guestfish args="[--remote=134]" scriptLines=2 script="-mkdir-p /Windows/Drivers/VirtIO\n-upload /usr/share/virtio-win/drivers/by-os/amd64/2k19/balloon.cat /Windows/Drivers/VirtIO/balloon.cat"
time=2026-08-10T10:57:37.097Z level=INFO msg="guestfs exec ok" bin=guestfish duration=55ms outputBytes=0 output=""
time=2026-08-10T10:57:37.097Z level=INFO msg="guestfs exec" bin=guestfish args="[--remote=134]" scriptLines=2 script="-mkdir-p /Windows/Drivers/VirtIO\n-upload /usr/share/virtio-win/drivers/by-os/amd64/2k19/balloon.inf /Windows/Drivers/VirtIO/balloon.inf"
time=2026-08-10T10:57:37.164Z level=INFO msg="guestfs exec ok" bin=guestfish duration=67ms outputBytes=0 output=""
time=2026-08-10T10:57:37.164Z level=INFO msg="guestfs exec" bin=guestfish args="[--remote=134]" scriptLines=2 script="-mkdir-p /Windows/Drivers/VirtIO\n-upload /usr/share/virtio-win/drivers/by-os/amd64/2k19/balloon.sys /Windows/Drivers/VirtIO/balloon.sys"
time=2026-08-10T10:57:37.225Z level=INFO msg="guestfs exec ok" bin=guestfish duration=61ms outputBytes=0 output=""
time=2026-08-10T10:57:37.226Z level=INFO msg="guestfs exec" bin=guestfish args="[--remote=134]" scriptLines=2 script="-mkdir-p /Windows/Drivers/VirtIO\n-upload /usr/share/virtio-win/drivers/by-os/amd64/2k19/fwcfg.cat /Windows/Drivers/VirtIO/fwcfg.cat"
time=2026-08-10T10:57:37.286Z level=INFO msg="guestfs exec ok" bin=guestfish duration=60ms outputBytes=0 output=""
time=2026-08-10T10:57:37.286Z level=INFO msg="guestfs exec" bin=guestfish args="[--remote=134]" scriptLines=2 script="-mkdir-p /Windows/Drivers/VirtIO\n-upload /usr/share/virtio-win/drivers/by-os/amd64/2k19/fwcfg.inf /Windows/Drivers/VirtIO/fwcfg.inf"
time=2026-08-10T10:57:37.351Z level=INFO msg="guestfs exec ok" bin=guestfish duration=65ms outputBytes=0 output=""
time=2026-08-10T10:57:37.351Z level=INFO msg="guestfs exec" bin=guestfish args="[--remote=134]" scriptLines=2 script="-mkdir-p /Windows/Drivers/VirtIO\n-upload /usr/share/virtio-win/drivers/by-os/amd64/2k19/fwcfg.sys /Windows/Drivers/VirtIO/fwcfg.sys"
time=2026-08-10T10:57:37.415Z level=INFO msg="guestfs exec ok" bin=guestfish duration=64ms outputBytes=0 output=""
time=2026-08-10T10:57:37.415Z level=INFO msg="guestfs exec" bin=guestfish args="[--remote=134]" scriptLines=2 script="-mkdir-p /Windows/Drivers/VirtIO\n-upload /usr/share/virtio-win/drivers/by-os/amd64/2k19/netkvm.cat /Windows/Drivers/VirtIO/netkvm.cat"
time=2026-08-10T10:57:37.477Z level=INFO msg="guestfs exec ok" bin=guestfish duration=62ms outputBytes=0 output=""
time=2026-08-10T10:57:37.477Z level=INFO msg="guestfs exec" bin=guestfish args="[--remote=134]" scriptLines=2 script="-mkdir-p /Windows/Drivers/VirtIO\n-upload /usr/share/virtio-win/drivers/by-os/amd64/2k19/netkvm.inf /Windows/Drivers/VirtIO/netkvm.inf"
time=2026-08-10T10:57:37.536Z level=INFO msg="guestfs exec ok" bin=guestfish duration=59ms outputBytes=0 output=""
time=2026-08-10T10:57:37.536Z level=INFO msg="guestfs exec" bin=guestfish args="[--remote=134]" scriptLines=2 script="-mkdir-p /Windows/Drivers/VirtIO\n-upload /usr/share/virtio-win/drivers/by-os/amd64/2k19/netkvm.sys /Windows/Drivers/VirtIO/netkvm.sys"
time=2026-08-10T10:57:37.599Z level=INFO msg="guestfs exec ok" bin=guestfish duration=63ms outputBytes=0 output=""
time=2026-08-10T10:57:37.599Z level=INFO msg="guestfs exec" bin=guestfish args="[--remote=134]" scriptLines=2 script="-mkdir-p /Windows/Drivers/VirtIO\n-upload /usr/share/virtio-win/drivers/by-os/amd64/2k19/pvpanic-pci.cat /Windows/Drivers/VirtIO/pvpanic-pci.cat"
time=2026-08-10T10:57:37.656Z level=INFO msg="guestfs exec ok" bin=guestfish duration=57ms outputBytes=0 output=""
time=2026-08-10T10:57:37.656Z level=INFO msg="guestfs exec" bin=guestfish args="[--remote=134]" scriptLines=2 script="-mkdir-p /Windows/Drivers/VirtIO\n-upload /usr/share/virtio-win/drivers/by-os/amd64/2k19/pvpanic-pci.inf /Windows/Drivers/VirtIO/pvpanic-pci.inf"
time=2026-08-10T10:57:37.727Z level=INFO msg="guestfs exec ok" bin=guestfish duration=70ms outputBytes=0 output=""
time=2026-08-10T10:57:37.727Z level=INFO msg="guestfs exec" bin=guestfish args="[--remote=134]" scriptLines=2 script="-mkdir-p /Windows/Drivers/VirtIO\n-upload /usr/share/virtio-win/drivers/by-os/amd64/2k19/pvpanic.cat /Windows/Drivers/VirtIO/pvpanic.cat"
time=2026-08-10T10:57:37.784Z level=INFO msg="guestfs exec ok" bin=guestfish duration=57ms outputBytes=0 output=""
time=2026-08-10T10:57:37.784Z level=INFO msg="guestfs exec" bin=guestfish args="[--remote=134]" scriptLines=2 script="-mkdir-p /Windows/Drivers/VirtIO\n-upload /usr/share/virtio-win/drivers/by-os/amd64/2k19/pvpanic.inf /Windows/Drivers/VirtIO/pvpanic.inf"
time=2026-08-10T10:57:37.845Z level=INFO msg="guestfs exec ok" bin=guestfish duration=61ms outputBytes=0 output=""
time=2026-08-10T10:57:37.846Z level=INFO msg="guestfs exec" bin=guestfish args="[--remote=134]" scriptLines=2 script="-mkdir-p /Windows/Drivers/VirtIO\n-upload /usr/share/virtio-win/drivers/by-os/amd64/2k19/pvpanic.sys /Windows/Drivers/VirtIO/pvpanic.sys"
time=2026-08-10T10:57:37.908Z level=INFO msg="guestfs exec ok" bin=guestfish duration=62ms outputBytes=0 output=""
time=2026-08-10T10:57:37.908Z level=INFO msg="guestfs exec" bin=guestfish args="[--remote=134]" scriptLines=2 script="-mkdir-p /Windows/Drivers/VirtIO\n-upload /usr/share/virtio-win/drivers/by-os/amd64/2k19/qemufwcfg.cat /Windows/Drivers/VirtIO/qemufwcfg.cat"
time=2026-08-10T10:57:37.971Z level=INFO msg="guestfs exec ok" bin=guestfish duration=63ms outputBytes=0 output=""
time=2026-08-10T10:57:37.971Z level=INFO msg="guestfs exec" bin=guestfish args="[--remote=134]" scriptLines=2 script="-mkdir-p /Windows/Drivers/VirtIO\n-upload /usr/share/virtio-win/drivers/by-os/amd64/2k19/qemufwcfg.inf /Windows/Drivers/VirtIO/qemufwcfg.inf"
time=2026-08-10T10:57:38.033Z level=INFO msg="guestfs exec ok" bin=guestfish duration=62ms outputBytes=0 output=""
time=2026-08-10T10:57:38.033Z level=INFO msg="guestfs exec" bin=guestfish args="[--remote=134]" scriptLines=2 script="-mkdir-p /Windows/Drivers/VirtIO\n-upload /usr/share/virtio-win/drivers/by-os/amd64/2k19/qemupciserial.cat /Windows/Drivers/VirtIO/qemupciserial.cat"
time=2026-08-10T10:57:38.093Z level=INFO msg="guestfs exec ok" bin=guestfish duration=59ms outputBytes=0 output=""
time=2026-08-10T10:57:38.093Z level=INFO msg="guestfs exec" bin=guestfish args="[--remote=134]" scriptLines=2 script="-mkdir-p /Windows/Drivers/VirtIO\n-upload /usr/share/virtio-win/drivers/by-os/amd64/2k19/qemupciserial.inf /Windows/Drivers/VirtIO/qemupciserial.inf"
time=2026-08-10T10:57:38.155Z level=INFO msg="guestfs exec ok" bin=guestfish duration=62ms outputBytes=0 output=""
time=2026-08-10T10:57:38.155Z level=INFO msg="guestfs exec" bin=guestfish args="[--remote=134]" scriptLines=2 script="-mkdir-p /Windows/Drivers/VirtIO\n-upload /usr/share/virtio-win/drivers/by-os/amd64/2k19/qxldod.cat /Windows/Drivers/VirtIO/qxldod.cat"
time=2026-08-10T10:57:38.226Z level=INFO msg="guestfs exec ok" bin=guestfish duration=70ms outputBytes=0 output=""
time=2026-08-10T10:57:38.226Z level=INFO msg="guestfs exec" bin=guestfish args="[--remote=134]" scriptLines=2 script="-mkdir-p /Windows/Drivers/VirtIO\n-upload /usr/share/virtio-win/drivers/by-os/amd64/2k19/qxldod.inf /Windows/Drivers/VirtIO/qxldod.inf"
time=2026-08-10T10:57:38.288Z level=INFO msg="guestfs exec ok" bin=guestfish duration=62ms outputBytes=0 output=""
time=2026-08-10T10:57:38.288Z level=INFO msg="guestfs exec" bin=guestfish args="[--remote=134]" scriptLines=2 script="-mkdir-p /Windows/Drivers/VirtIO\n-upload /usr/share/virtio-win/drivers/by-os/amd64/2k19/qxldod.sys /Windows/Drivers/VirtIO/qxldod.sys"
time=2026-08-10T10:57:38.358Z level=INFO msg="guestfs exec ok" bin=guestfish duration=70ms outputBytes=0 output=""
time=2026-08-10T10:57:38.358Z level=INFO msg="guestfs exec" bin=guestfish args="[--remote=134]" scriptLines=2 script="-mkdir-p /Windows/Drivers/VirtIO\n-upload /usr/share/virtio-win/drivers/by-os/amd64/2k19/viofs.cat /Windows/Drivers/VirtIO/viofs.cat"
time=2026-08-10T10:57:38.428Z level=INFO msg="guestfs exec ok" bin=guestfish duration=70ms outputBytes=0 output=""
time=2026-08-10T10:57:38.428Z level=INFO msg="guestfs exec" bin=guestfish args="[--remote=134]" scriptLines=2 script="-mkdir-p /Windows/Drivers/VirtIO\n-upload /usr/share/virtio-win/drivers/by-os/amd64/2k19/viofs.inf /Windows/Drivers/VirtIO/viofs.inf"
time=2026-08-10T10:57:38.490Z level=INFO msg="guestfs exec ok" bin=guestfish duration=61ms outputBytes=0 output=""
time=2026-08-10T10:57:38.490Z level=INFO msg="guestfs exec" bin=guestfish args="[--remote=134]" scriptLines=2 script="-mkdir-p /Windows/Drivers/VirtIO\n-upload /usr/share/virtio-win/drivers/by-os/amd64/2k19/viofs.sys /Windows/Drivers/VirtIO/viofs.sys"
time=2026-08-10T10:57:38.554Z level=INFO msg="guestfs exec ok" bin=guestfish duration=64ms outputBytes=0 output=""
time=2026-08-10T10:57:38.554Z level=INFO msg="guestfs exec" bin=guestfish args="[--remote=134]" scriptLines=2 script="-mkdir-p /Windows/Drivers/VirtIO\n-upload /usr/share/virtio-win/drivers/by-os/amd64/2k19/viogpudo.cat /Windows/Drivers/VirtIO/viogpudo.cat"
time=2026-08-10T10:57:38.623Z level=INFO msg="guestfs exec ok" bin=guestfish duration=69ms outputBytes=0 output=""
time=2026-08-10T10:57:38.623Z level=INFO msg="guestfs exec" bin=guestfish args="[--remote=134]" scriptLines=2 script="-mkdir-p /Windows/Drivers/VirtIO\n-upload /usr/share/virtio-win/drivers/by-os/amd64/2k19/viogpudo.inf /Windows/Drivers/VirtIO/viogpudo.inf"
time=2026-08-10T10:57:38.681Z level=INFO msg="guestfs exec ok" bin=guestfish duration=58ms outputBytes=0 output=""
time=2026-08-10T10:57:38.681Z level=INFO msg="guestfs exec" bin=guestfish args="[--remote=134]" scriptLines=2 script="-mkdir-p /Windows/Drivers/VirtIO\n-upload /usr/share/virtio-win/drivers/by-os/amd64/2k19/viogpudo.sys /Windows/Drivers/VirtIO/viogpudo.sys"
time=2026-08-10T10:57:38.748Z level=INFO msg="guestfs exec ok" bin=guestfish duration=67ms outputBytes=0 output=""
time=2026-08-10T10:57:38.748Z level=INFO msg="guestfs exec" bin=guestfish args="[--remote=134]" scriptLines=2 script="-mkdir-p /Windows/Drivers/VirtIO\n-upload /usr/share/virtio-win/drivers/by-os/amd64/2k19/viohidkmdf.sys /Windows/Drivers/VirtIO/viohidkmdf.sys"
time=2026-08-10T10:57:38.821Z level=INFO msg="guestfs exec ok" bin=guestfish duration=72ms outputBytes=0 output=""
time=2026-08-10T10:57:38.821Z level=INFO msg="guestfs exec" bin=guestfish args="[--remote=134]" scriptLines=2 script="-mkdir-p /Windows/Drivers/VirtIO\n-upload /usr/share/virtio-win/drivers/by-os/amd64/2k19/vioinput.cat /Windows/Drivers/VirtIO/vioinput.cat"
time=2026-08-10T10:57:38.883Z level=INFO msg="guestfs exec ok" bin=guestfish duration=62ms outputBytes=0 output=""
time=2026-08-10T10:57:38.883Z level=INFO msg="guestfs exec" bin=guestfish args="[--remote=134]" scriptLines=2 script="-mkdir-p /Windows/Drivers/VirtIO\n-upload /usr/share/virtio-win/drivers/by-os/amd64/2k19/vioinput.inf /Windows/Drivers/VirtIO/vioinput.inf"
time=2026-08-10T10:57:38.937Z level=INFO msg="guestfs exec ok" bin=guestfish duration=54ms outputBytes=0 output=""
time=2026-08-10T10:57:38.937Z level=INFO msg="guestfs exec" bin=guestfish args="[--remote=134]" scriptLines=2 script="-mkdir-p /Windows/Drivers/VirtIO\n-upload /usr/share/virtio-win/drivers/by-os/amd64/2k19/vioinput.sys /Windows/Drivers/VirtIO/vioinput.sys"
time=2026-08-10T10:57:38.993Z level=INFO msg="guestfs exec ok" bin=guestfish duration=55ms outputBytes=0 output=""
time=2026-08-10T10:57:38.993Z level=INFO msg="guestfs exec" bin=guestfish args="[--remote=134]" scriptLines=2 script="-mkdir-p /Windows/Drivers/VirtIO\n-upload /usr/share/virtio-win/drivers/by-os/amd64/2k19/viomem.cat /Windows/Drivers/VirtIO/viomem.cat"
time=2026-08-10T10:57:39.054Z level=INFO msg="guestfs exec ok" bin=guestfish duration=61ms outputBytes=0 output=""
time=2026-08-10T10:57:39.054Z level=INFO msg="guestfs exec" bin=guestfish args="[--remote=134]" scriptLines=2 script="-mkdir-p /Windows/Drivers/VirtIO\n-upload /usr/share/virtio-win/drivers/by-os/amd64/2k19/viomem.inf /Windows/Drivers/VirtIO/viomem.inf"
time=2026-08-10T10:57:39.110Z level=INFO msg="guestfs exec ok" bin=guestfish duration=56ms outputBytes=0 output=""
time=2026-08-10T10:57:39.110Z level=INFO msg="guestfs exec" bin=guestfish args="[--remote=134]" scriptLines=2 script="-mkdir-p /Windows/Drivers/VirtIO\n-upload /usr/share/virtio-win/drivers/by-os/amd64/2k19/viomem.sys /Windows/Drivers/VirtIO/viomem.sys"
time=2026-08-10T10:57:39.171Z level=INFO msg="guestfs exec ok" bin=guestfish duration=61ms outputBytes=0 output=""
time=2026-08-10T10:57:39.172Z level=INFO msg="guestfs exec" bin=guestfish args="[--remote=134]" scriptLines=2 script="-mkdir-p /Windows/Drivers/VirtIO\n-upload /usr/share/virtio-win/drivers/by-os/amd64/2k19/vioprot.cat /Windows/Drivers/VirtIO/vioprot.cat"
time=2026-08-10T10:57:39.228Z level=INFO msg="guestfs exec ok" bin=guestfish duration=56ms outputBytes=0 output=""
time=2026-08-10T10:57:39.228Z level=INFO msg="guestfs exec" bin=guestfish args="[--remote=134]" scriptLines=2 script="-mkdir-p /Windows/Drivers/VirtIO\n-upload /usr/share/virtio-win/drivers/by-os/amd64/2k19/vioprot.inf /Windows/Drivers/VirtIO/vioprot.inf"
time=2026-08-10T10:57:39.280Z level=INFO msg="guestfs exec ok" bin=guestfish duration=52ms outputBytes=0 output=""
time=2026-08-10T10:57:39.280Z level=INFO msg="guestfs exec" bin=guestfish args="[--remote=134]" scriptLines=2 script="-mkdir-p /Windows/Drivers/VirtIO\n-upload /usr/share/virtio-win/drivers/by-os/amd64/2k19/viorng.cat /Windows/Drivers/VirtIO/viorng.cat"
time=2026-08-10T10:57:39.333Z level=INFO msg="guestfs exec ok" bin=guestfish duration=53ms outputBytes=0 output=""
time=2026-08-10T10:57:39.334Z level=INFO msg="guestfs exec" bin=guestfish args="[--remote=134]" scriptLines=2 script="-mkdir-p /Windows/Drivers/VirtIO\n-upload /usr/share/virtio-win/drivers/by-os/amd64/2k19/viorng.inf /Windows/Drivers/VirtIO/viorng.inf"
time=2026-08-10T10:57:39.390Z level=INFO msg="guestfs exec ok" bin=guestfish duration=56ms outputBytes=0 output=""
time=2026-08-10T10:57:39.390Z level=INFO msg="guestfs exec" bin=guestfish args="[--remote=134]" scriptLines=2 script="-mkdir-p /Windows/Drivers/VirtIO\n-upload /usr/share/virtio-win/drivers/by-os/amd64/2k19/viorng.sys /Windows/Drivers/VirtIO/viorng.sys"
time=2026-08-10T10:57:39.436Z level=INFO msg="guestfs exec ok" bin=guestfish duration=46ms outputBytes=0 output=""
time=2026-08-10T10:57:39.436Z level=INFO msg="guestfs exec" bin=guestfish args="[--remote=134]" scriptLines=2 script="-mkdir-p /Windows/Drivers/VirtIO\n-upload /usr/share/virtio-win/drivers/by-os/amd64/2k19/vioscsi.cat /Windows/Drivers/VirtIO/vioscsi.cat"
time=2026-08-10T10:57:39.505Z level=INFO msg="guestfs exec ok" bin=guestfish duration=68ms outputBytes=0 output=""
time=2026-08-10T10:57:39.505Z level=INFO msg="guestfs exec" bin=guestfish args="[--remote=134]" scriptLines=2 script="-mkdir-p /Windows/Drivers/VirtIO\n-upload /usr/share/virtio-win/drivers/by-os/amd64/2k19/vioscsi.inf /Windows/Drivers/VirtIO/vioscsi.inf"
time=2026-08-10T10:57:39.563Z level=INFO msg="guestfs exec ok" bin=guestfish duration=58ms outputBytes=0 output=""
time=2026-08-10T10:57:39.563Z level=INFO msg="guestfs exec" bin=guestfish args="[--remote=134]" scriptLines=2 script="-mkdir-p /Windows/Drivers/VirtIO\n-upload /usr/share/virtio-win/drivers/by-os/amd64/2k19/vioscsi.sys /Windows/Drivers/VirtIO/vioscsi.sys"
time=2026-08-10T10:57:39.617Z level=INFO msg="guestfs exec ok" bin=guestfish duration=54ms outputBytes=0 output=""
time=2026-08-10T10:57:39.617Z level=INFO msg="guestfs exec" bin=guestfish args="[--remote=134]" scriptLines=2 script="-mkdir-p /Windows/System32/drivers\n-upload /usr/share/virtio-win/drivers/by-os/amd64/2k19/vioscsi.sys /Windows/System32/drivers/vioscsi.sys"
time=2026-08-10T10:57:39.671Z level=INFO msg="guestfs exec ok" bin=guestfish duration=54ms outputBytes=0 output=""
time=2026-08-10T10:57:39.671Z level=INFO msg="guestfs exec" bin=guestfish args="[--remote=134]" scriptLines=2 script="-mkdir-p /Windows/Drivers/VirtIO\n-upload /usr/share/virtio-win/drivers/by-os/amd64/2k19/vioser.cat /Windows/Drivers/VirtIO/vioser.cat"
time=2026-08-10T10:57:39.724Z level=INFO msg="guestfs exec ok" bin=guestfish duration=53ms outputBytes=0 output=""
time=2026-08-10T10:57:39.724Z level=INFO msg="guestfs exec" bin=guestfish args="[--remote=134]" scriptLines=2 script="-mkdir-p /Windows/Drivers/VirtIO\n-upload /usr/share/virtio-win/drivers/by-os/amd64/2k19/vioser.inf /Windows/Drivers/VirtIO/vioser.inf"
time=2026-08-10T10:57:39.772Z level=INFO msg="guestfs exec ok" bin=guestfish duration=48ms outputBytes=0 output=""
time=2026-08-10T10:57:39.772Z level=INFO msg="guestfs exec" bin=guestfish args="[--remote=134]" scriptLines=2 script="-mkdir-p /Windows/Drivers/VirtIO\n-upload /usr/share/virtio-win/drivers/by-os/amd64/2k19/vioser.sys /Windows/Drivers/VirtIO/vioser.sys"
time=2026-08-10T10:57:39.826Z level=INFO msg="guestfs exec ok" bin=guestfish duration=54ms outputBytes=0 output=""
time=2026-08-10T10:57:39.826Z level=INFO msg="guestfs exec" bin=guestfish args="[--remote=134]" scriptLines=2 script="-mkdir-p /Windows/Drivers/VirtIO\n-upload /usr/share/virtio-win/drivers/by-os/amd64/2k19/viosock.cat /Windows/Drivers/VirtIO/viosock.cat"
time=2026-08-10T10:57:39.890Z level=INFO msg="guestfs exec ok" bin=guestfish duration=64ms outputBytes=0 output=""
time=2026-08-10T10:57:39.890Z level=INFO msg="guestfs exec" bin=guestfish args="[--remote=134]" scriptLines=2 script="-mkdir-p /Windows/Drivers/VirtIO\n-upload /usr/share/virtio-win/drivers/by-os/amd64/2k19/viosock.inf /Windows/Drivers/VirtIO/viosock.inf"
time=2026-08-10T10:57:39.945Z level=INFO msg="guestfs exec ok" bin=guestfish duration=55ms outputBytes=0 output=""
time=2026-08-10T10:57:39.945Z level=INFO msg="guestfs exec" bin=guestfish args="[--remote=134]" scriptLines=2 script="-mkdir-p /Windows/Drivers/VirtIO\n-upload /usr/share/virtio-win/drivers/by-os/amd64/2k19/viosock.sys /Windows/Drivers/VirtIO/viosock.sys"
time=2026-08-10T10:57:40.008Z level=INFO msg="guestfs exec ok" bin=guestfish duration=62ms outputBytes=0 output=""
time=2026-08-10T10:57:40.008Z level=INFO msg="guestfs exec" bin=guestfish args="[--remote=134]" scriptLines=2 script="-mkdir-p /Windows/Drivers/VirtIO\n-upload /usr/share/virtio-win/drivers/by-os/amd64/2k19/viostor.cat /Windows/Drivers/VirtIO/viostor.cat"
time=2026-08-10T10:57:40.065Z level=INFO msg="guestfs exec ok" bin=guestfish duration=57ms outputBytes=0 output=""
time=2026-08-10T10:57:40.065Z level=INFO msg="guestfs exec" bin=guestfish args="[--remote=134]" scriptLines=2 script="-mkdir-p /Windows/Drivers/VirtIO\n-upload /usr/share/virtio-win/drivers/by-os/amd64/2k19/viostor.inf /Windows/Drivers/VirtIO/viostor.inf"
time=2026-08-10T10:57:40.118Z level=INFO msg="guestfs exec ok" bin=guestfish duration=53ms outputBytes=0 output=""
time=2026-08-10T10:57:40.118Z level=INFO msg="guestfs exec" bin=guestfish args="[--remote=134]" scriptLines=2 script="-mkdir-p /Windows/Drivers/VirtIO\n-upload /usr/share/virtio-win/drivers/by-os/amd64/2k19/viostor.sys /Windows/Drivers/VirtIO/viostor.sys"
time=2026-08-10T10:57:40.176Z level=INFO msg="guestfs exec ok" bin=guestfish duration=58ms outputBytes=0 output=""
time=2026-08-10T10:57:40.176Z level=INFO msg="guestfs exec" bin=guestfish args="[--remote=134]" scriptLines=2 script="-mkdir-p /Windows/System32/drivers\n-upload /usr/share/virtio-win/drivers/by-os/amd64/2k19/viostor.sys /Windows/System32/drivers/viostor.sys"
time=2026-08-10T10:57:40.236Z level=INFO msg="guestfs exec ok" bin=guestfish duration=60ms outputBytes=0 output=""
time=2026-08-10T10:57:40.236Z level=INFO msg="copied driver" name=viosock
time=2026-08-10T10:57:40.237Z level=INFO msg="guestfs exec" bin=guestfish args="[--remote=134]" scriptLines=2 script="-mkdir-p /Windows/Drivers/VirtIO\n-upload /usr/share/virtio-win/drivers/by-os/amd64/2k19/balloon.cat /Windows/Drivers/VirtIO/balloon.cat"
time=2026-08-10T10:57:40.285Z level=INFO msg="guestfs exec ok" bin=guestfish duration=49ms outputBytes=0 output=""
time=2026-08-10T10:57:40.285Z level=INFO msg="guestfs exec" bin=guestfish args="[--remote=134]" scriptLines=2 script="-mkdir-p /Windows/Drivers/VirtIO\n-upload /usr/share/virtio-win/drivers/by-os/amd64/2k19/balloon.inf /Windows/Drivers/VirtIO/balloon.inf"
time=2026-08-10T10:57:40.336Z level=INFO msg="guestfs exec ok" bin=guestfish duration=51ms outputBytes=0 output=""
time=2026-08-10T10:57:40.337Z level=INFO msg="guestfs exec" bin=guestfish args="[--remote=134]" scriptLines=2 script="-mkdir-p /Windows/Drivers/VirtIO\n-upload /usr/share/virtio-win/drivers/by-os/amd64/2k19/balloon.sys /Windows/Drivers/VirtIO/balloon.sys"
time=2026-08-10T10:57:40.393Z level=INFO msg="guestfs exec ok" bin=guestfish duration=56ms outputBytes=0 output=""
time=2026-08-10T10:57:40.393Z level=INFO msg="guestfs exec" bin=guestfish args="[--remote=134]" scriptLines=2 script="-mkdir-p /Windows/Drivers/VirtIO\n-upload /usr/share/virtio-win/drivers/by-os/amd64/2k19/fwcfg.cat /Windows/Drivers/VirtIO/fwcfg.cat"
time=2026-08-10T10:57:40.444Z level=INFO msg="guestfs exec ok" bin=guestfish duration=51ms outputBytes=0 output=""
time=2026-08-10T10:57:40.444Z level=INFO msg="guestfs exec" bin=guestfish args="[--remote=134]" scriptLines=2 script="-mkdir-p /Windows/Drivers/VirtIO\n-upload /usr/share/virtio-win/drivers/by-os/amd64/2k19/fwcfg.inf /Windows/Drivers/VirtIO/fwcfg.inf"
time=2026-08-10T10:57:40.490Z level=INFO msg="guestfs exec ok" bin=guestfish duration=45ms outputBytes=0 output=""
time=2026-08-10T10:57:40.490Z level=INFO msg="guestfs exec" bin=guestfish args="[--remote=134]" scriptLines=2 script="-mkdir-p /Windows/Drivers/VirtIO\n-upload /usr/share/virtio-win/drivers/by-os/amd64/2k19/fwcfg.sys /Windows/Drivers/VirtIO/fwcfg.sys"
time=2026-08-10T10:57:40.551Z level=INFO msg="guestfs exec ok" bin=guestfish duration=60ms outputBytes=0 output=""
time=2026-08-10T10:57:40.551Z level=INFO msg="guestfs exec" bin=guestfish args="[--remote=134]" scriptLines=2 script="-mkdir-p /Windows/Drivers/VirtIO\n-upload /usr/share/virtio-win/drivers/by-os/amd64/2k19/netkvm.cat /Windows/Drivers/VirtIO/netkvm.cat"
time=2026-08-10T10:57:40.608Z level=INFO msg="guestfs exec ok" bin=guestfish duration=57ms outputBytes=0 output=""
time=2026-08-10T10:57:40.608Z level=INFO msg="guestfs exec" bin=guestfish args="[--remote=134]" scriptLines=2 script="-mkdir-p /Windows/Drivers/VirtIO\n-upload /usr/share/virtio-win/drivers/by-os/amd64/2k19/netkvm.inf /Windows/Drivers/VirtIO/netkvm.inf"
time=2026-08-10T10:57:40.680Z level=INFO msg="guestfs exec ok" bin=guestfish duration=71ms outputBytes=0 output=""
time=2026-08-10T10:57:40.680Z level=INFO msg="guestfs exec" bin=guestfish args="[--remote=134]" scriptLines=2 script="-mkdir-p /Windows/Drivers/VirtIO\n-upload /usr/share/virtio-win/drivers/by-os/amd64/2k19/netkvm.sys /Windows/Drivers/VirtIO/netkvm.sys"
time=2026-08-10T10:57:40.737Z level=INFO msg="guestfs exec ok" bin=guestfish duration=57ms outputBytes=0 output=""
time=2026-08-10T10:57:40.737Z level=INFO msg="guestfs exec" bin=guestfish args="[--remote=134]" scriptLines=2 script="-mkdir-p /Windows/Drivers/VirtIO\n-upload /usr/share/virtio-win/drivers/by-os/amd64/2k19/pvpanic-pci.cat /Windows/Drivers/VirtIO/pvpanic-pci.cat"
time=2026-08-10T10:57:40.785Z level=INFO msg="guestfs exec ok" bin=guestfish duration=48ms outputBytes=0 output=""
time=2026-08-10T10:57:40.785Z level=INFO msg="guestfs exec" bin=guestfish args="[--remote=134]" scriptLines=2 script="-mkdir-p /Windows/Drivers/VirtIO\n-upload /usr/share/virtio-win/drivers/by-os/amd64/2k19/pvpanic-pci.inf /Windows/Drivers/VirtIO/pvpanic-pci.inf"
time=2026-08-10T10:57:40.834Z level=INFO msg="guestfs exec ok" bin=guestfish duration=49ms outputBytes=0 output=""
time=2026-08-10T10:57:40.834Z level=INFO msg="guestfs exec" bin=guestfish args="[--remote=134]" scriptLines=2 script="-mkdir-p /Windows/Drivers/VirtIO\n-upload /usr/share/virtio-win/drivers/by-os/amd64/2k19/pvpanic.cat /Windows/Drivers/VirtIO/pvpanic.cat"
time=2026-08-10T10:57:40.888Z level=INFO msg="guestfs exec ok" bin=guestfish duration=54ms outputBytes=0 output=""
time=2026-08-10T10:57:40.888Z level=INFO msg="guestfs exec" bin=guestfish args="[--remote=134]" scriptLines=2 script="-mkdir-p /Windows/Drivers/VirtIO\n-upload /usr/share/virtio-win/drivers/by-os/amd64/2k19/pvpanic.inf /Windows/Drivers/VirtIO/pvpanic.inf"
time=2026-08-10T10:57:40.948Z level=INFO msg="guestfs exec ok" bin=guestfish duration=60ms outputBytes=0 output=""
time=2026-08-10T10:57:40.948Z level=INFO msg="guestfs exec" bin=guestfish args="[--remote=134]" scriptLines=2 script="-mkdir-p /Windows/Drivers/VirtIO\n-upload /usr/share/virtio-win/drivers/by-os/amd64/2k19/pvpanic.sys /Windows/Drivers/VirtIO/pvpanic.sys"
time=2026-08-10T10:57:41.010Z level=INFO msg="guestfs exec ok" bin=guestfish duration=62ms outputBytes=0 output=""
time=2026-08-10T10:57:41.011Z level=INFO msg="guestfs exec" bin=guestfish args="[--remote=134]" scriptLines=2 script="-mkdir-p /Windows/Drivers/VirtIO\n-upload /usr/share/virtio-win/drivers/by-os/amd64/2k19/qemufwcfg.cat /Windows/Drivers/VirtIO/qemufwcfg.cat"
time=2026-08-10T10:57:41.076Z level=INFO msg="guestfs exec ok" bin=guestfish duration=65ms outputBytes=0 output=""
time=2026-08-10T10:57:41.076Z level=INFO msg="guestfs exec" bin=guestfish args="[--remote=134]" scriptLines=2 script="-mkdir-p /Windows/Drivers/VirtIO\n-upload /usr/share/virtio-win/drivers/by-os/amd64/2k19/qemufwcfg.inf /Windows/Drivers/VirtIO/qemufwcfg.inf"
time=2026-08-10T10:57:41.135Z level=INFO msg="guestfs exec ok" bin=guestfish duration=59ms outputBytes=0 output=""
time=2026-08-10T10:57:41.135Z level=INFO msg="guestfs exec" bin=guestfish args="[--remote=134]" scriptLines=2 script="-mkdir-p /Windows/Drivers/VirtIO\n-upload /usr/share/virtio-win/drivers/by-os/amd64/2k19/qemupciserial.cat /Windows/Drivers/VirtIO/qemupciserial.cat"
time=2026-08-10T10:57:41.201Z level=INFO msg="guestfs exec ok" bin=guestfish duration=66ms outputBytes=0 output=""
time=2026-08-10T10:57:41.201Z level=INFO msg="guestfs exec" bin=guestfish args="[--remote=134]" scriptLines=2 script="-mkdir-p /Windows/Drivers/VirtIO\n-upload /usr/share/virtio-win/drivers/by-os/amd64/2k19/qemupciserial.inf /Windows/Drivers/VirtIO/qemupciserial.inf"
time=2026-08-10T10:57:41.264Z level=INFO msg="guestfs exec ok" bin=guestfish duration=63ms outputBytes=0 output=""
time=2026-08-10T10:57:41.264Z level=INFO msg="guestfs exec" bin=guestfish args="[--remote=134]" scriptLines=2 script="-mkdir-p /Windows/Drivers/VirtIO\n-upload /usr/share/virtio-win/drivers/by-os/amd64/2k19/qxldod.cat /Windows/Drivers/VirtIO/qxldod.cat"
time=2026-08-10T10:57:41.327Z level=INFO msg="guestfs exec ok" bin=guestfish duration=62ms outputBytes=0 output=""
time=2026-08-10T10:57:41.327Z level=INFO msg="guestfs exec" bin=guestfish args="[--remote=134]" scriptLines=2 script="-mkdir-p /Windows/Drivers/VirtIO\n-upload /usr/share/virtio-win/drivers/by-os/amd64/2k19/qxldod.inf /Windows/Drivers/VirtIO/qxldod.inf"
time=2026-08-10T10:57:41.381Z level=INFO msg="guestfs exec ok" bin=guestfish duration=54ms outputBytes=0 output=""
time=2026-08-10T10:57:41.381Z level=INFO msg="guestfs exec" bin=guestfish args="[--remote=134]" scriptLines=2 script="-mkdir-p /Windows/Drivers/VirtIO\n-upload /usr/share/virtio-win/drivers/by-os/amd64/2k19/qxldod.sys /Windows/Drivers/VirtIO/qxldod.sys"
time=2026-08-10T10:57:41.443Z level=INFO msg="guestfs exec ok" bin=guestfish duration=62ms outputBytes=0 output=""
time=2026-08-10T10:57:41.443Z level=INFO msg="guestfs exec" bin=guestfish args="[--remote=134]" scriptLines=2 script="-mkdir-p /Windows/Drivers/VirtIO\n-upload /usr/share/virtio-win/drivers/by-os/amd64/2k19/viofs.cat /Windows/Drivers/VirtIO/viofs.cat"
time=2026-08-10T10:57:41.499Z level=INFO msg="guestfs exec ok" bin=guestfish duration=55ms outputBytes=0 output=""
time=2026-08-10T10:57:41.499Z level=INFO msg="guestfs exec" bin=guestfish args="[--remote=134]" scriptLines=2 script="-mkdir-p /Windows/Drivers/VirtIO\n-upload /usr/share/virtio-win/drivers/by-os/amd64/2k19/viofs.inf /Windows/Drivers/VirtIO/viofs.inf"
time=2026-08-10T10:57:41.552Z level=INFO msg="guestfs exec ok" bin=guestfish duration=53ms outputBytes=0 output=""
time=2026-08-10T10:57:41.552Z level=INFO msg="guestfs exec" bin=guestfish args="[--remote=134]" scriptLines=2 script="-mkdir-p /Windows/Drivers/VirtIO\n-upload /usr/share/virtio-win/drivers/by-os/amd64/2k19/viofs.sys /Windows/Drivers/VirtIO/viofs.sys"
time=2026-08-10T10:57:41.617Z level=INFO msg="guestfs exec ok" bin=guestfish duration=65ms outputBytes=0 output=""
time=2026-08-10T10:57:41.617Z level=INFO msg="guestfs exec" bin=guestfish args="[--remote=134]" scriptLines=2 script="-mkdir-p /Windows/Drivers/VirtIO\n-upload /usr/share/virtio-win/drivers/by-os/amd64/2k19/viogpudo.cat /Windows/Drivers/VirtIO/viogpudo.cat"
time=2026-08-10T10:57:41.678Z level=INFO msg="guestfs exec ok" bin=guestfish duration=61ms outputBytes=0 output=""
time=2026-08-10T10:57:41.678Z level=INFO msg="guestfs exec" bin=guestfish args="[--remote=134]" scriptLines=2 script="-mkdir-p /Windows/Drivers/VirtIO\n-upload /usr/share/virtio-win/drivers/by-os/amd64/2k19/viogpudo.inf /Windows/Drivers/VirtIO/viogpudo.inf"
time=2026-08-10T10:57:41.734Z level=INFO msg="guestfs exec ok" bin=guestfish duration=56ms outputBytes=0 output=""
time=2026-08-10T10:57:41.734Z level=INFO msg="guestfs exec" bin=guestfish args="[--remote=134]" scriptLines=2 script="-mkdir-p /Windows/Drivers/VirtIO\n-upload /usr/share/virtio-win/drivers/by-os/amd64/2k19/viogpudo.sys /Windows/Drivers/VirtIO/viogpudo.sys"
time=2026-08-10T10:57:41.785Z level=INFO msg="guestfs exec ok" bin=guestfish duration=50ms outputBytes=0 output=""
time=2026-08-10T10:57:41.785Z level=INFO msg="guestfs exec" bin=guestfish args="[--remote=134]" scriptLines=2 script="-mkdir-p /Windows/Drivers/VirtIO\n-upload /usr/share/virtio-win/drivers/by-os/amd64/2k19/viohidkmdf.sys /Windows/Drivers/VirtIO/viohidkmdf.sys"
time=2026-08-10T10:57:41.834Z level=INFO msg="guestfs exec ok" bin=guestfish duration=49ms outputBytes=0 output=""
time=2026-08-10T10:57:41.834Z level=INFO msg="guestfs exec" bin=guestfish args="[--remote=134]" scriptLines=2 script="-mkdir-p /Windows/Drivers/VirtIO\n-upload /usr/share/virtio-win/drivers/by-os/amd64/2k19/vioinput.cat /Windows/Drivers/VirtIO/vioinput.cat"
time=2026-08-10T10:57:41.890Z level=INFO msg="guestfs exec ok" bin=guestfish duration=56ms outputBytes=0 output=""
time=2026-08-10T10:57:41.890Z level=INFO msg="guestfs exec" bin=guestfish args="[--remote=134]" scriptLines=2 script="-mkdir-p /Windows/Drivers/VirtIO\n-upload /usr/share/virtio-win/drivers/by-os/amd64/2k19/vioinput.inf /Windows/Drivers/VirtIO/vioinput.inf"
time=2026-08-10T10:57:41.939Z level=INFO msg="guestfs exec ok" bin=guestfish duration=49ms outputBytes=0 output=""
time=2026-08-10T10:57:41.939Z level=INFO msg="guestfs exec" bin=guestfish args="[--remote=134]" scriptLines=2 script="-mkdir-p /Windows/Drivers/VirtIO\n-upload /usr/share/virtio-win/drivers/by-os/amd64/2k19/vioinput.sys /Windows/Drivers/VirtIO/vioinput.sys"
time=2026-08-10T10:57:42.002Z level=INFO msg="guestfs exec ok" bin=guestfish duration=62ms outputBytes=0 output=""
time=2026-08-10T10:57:42.002Z level=INFO msg="guestfs exec" bin=guestfish args="[--remote=134]" scriptLines=2 script="-mkdir-p /Windows/Drivers/VirtIO\n-upload /usr/share/virtio-win/drivers/by-os/amd64/2k19/viomem.cat /Windows/Drivers/VirtIO/viomem.cat"
time=2026-08-10T10:57:42.055Z level=INFO msg="guestfs exec ok" bin=guestfish duration=54ms outputBytes=0 output=""
time=2026-08-10T10:57:42.056Z level=INFO msg="guestfs exec" bin=guestfish args="[--remote=134]" scriptLines=2 script="-mkdir-p /Windows/Drivers/VirtIO\n-upload /usr/share/virtio-win/drivers/by-os/amd64/2k19/viomem.inf /Windows/Drivers/VirtIO/viomem.inf"
time=2026-08-10T10:57:42.120Z level=INFO msg="guestfs exec ok" bin=guestfish duration=64ms outputBytes=0 output=""
time=2026-08-10T10:57:42.120Z level=INFO msg="guestfs exec" bin=guestfish args="[--remote=134]" scriptLines=2 script="-mkdir-p /Windows/Drivers/VirtIO\n-upload /usr/share/virtio-win/drivers/by-os/amd64/2k19/viomem.sys /Windows/Drivers/VirtIO/viomem.sys"
time=2026-08-10T10:57:42.181Z level=INFO msg="guestfs exec ok" bin=guestfish duration=60ms outputBytes=0 output=""
time=2026-08-10T10:57:42.181Z level=INFO msg="guestfs exec" bin=guestfish args="[--remote=134]" scriptLines=2 script="-mkdir-p /Windows/Drivers/VirtIO\n-upload /usr/share/virtio-win/drivers/by-os/amd64/2k19/vioprot.cat /Windows/Drivers/VirtIO/vioprot.cat"
time=2026-08-10T10:57:42.243Z level=INFO msg="guestfs exec ok" bin=guestfish duration=62ms outputBytes=0 output=""
time=2026-08-10T10:57:42.243Z level=INFO msg="guestfs exec" bin=guestfish args="[--remote=134]" scriptLines=2 script="-mkdir-p /Windows/Drivers/VirtIO\n-upload /usr/share/virtio-win/drivers/by-os/amd64/2k19/vioprot.inf /Windows/Drivers/VirtIO/vioprot.inf"
time=2026-08-10T10:57:42.303Z level=INFO msg="guestfs exec ok" bin=guestfish duration=60ms outputBytes=0 output=""
time=2026-08-10T10:57:42.303Z level=INFO msg="guestfs exec" bin=guestfish args="[--remote=134]" scriptLines=2 script="-mkdir-p /Windows/Drivers/VirtIO\n-upload /usr/share/virtio-win/drivers/by-os/amd64/2k19/viorng.cat /Windows/Drivers/VirtIO/viorng.cat"
time=2026-08-10T10:57:42.367Z level=INFO msg="guestfs exec ok" bin=guestfish duration=64ms outputBytes=0 output=""
time=2026-08-10T10:57:42.367Z level=INFO msg="guestfs exec" bin=guestfish args="[--remote=134]" scriptLines=2 script="-mkdir-p /Windows/Drivers/VirtIO\n-upload /usr/share/virtio-win/drivers/by-os/amd64/2k19/viorng.inf /Windows/Drivers/VirtIO/viorng.inf"
time=2026-08-10T10:57:42.434Z level=INFO msg="guestfs exec ok" bin=guestfish duration=67ms outputBytes=0 output=""
time=2026-08-10T10:57:42.434Z level=INFO msg="guestfs exec" bin=guestfish args="[--remote=134]" scriptLines=2 script="-mkdir-p /Windows/Drivers/VirtIO\n-upload /usr/share/virtio-win/drivers/by-os/amd64/2k19/viorng.sys /Windows/Drivers/VirtIO/viorng.sys"
time=2026-08-10T10:57:42.500Z level=INFO msg="guestfs exec ok" bin=guestfish duration=66ms outputBytes=0 output=""
time=2026-08-10T10:57:42.500Z level=INFO msg="guestfs exec" bin=guestfish args="[--remote=134]" scriptLines=2 script="-mkdir-p /Windows/Drivers/VirtIO\n-upload /usr/share/virtio-win/drivers/by-os/amd64/2k19/vioscsi.cat /Windows/Drivers/VirtIO/vioscsi.cat"
time=2026-08-10T10:57:42.563Z level=INFO msg="guestfs exec ok" bin=guestfish duration=62ms outputBytes=0 output=""
time=2026-08-10T10:57:42.563Z level=INFO msg="guestfs exec" bin=guestfish args="[--remote=134]" scriptLines=2 script="-mkdir-p /Windows/Drivers/VirtIO\n-upload /usr/share/virtio-win/drivers/by-os/amd64/2k19/vioscsi.inf /Windows/Drivers/VirtIO/vioscsi.inf"
time=2026-08-10T10:57:42.625Z level=INFO msg="guestfs exec ok" bin=guestfish duration=62ms outputBytes=0 output=""
time=2026-08-10T10:57:42.625Z level=INFO msg="guestfs exec" bin=guestfish args="[--remote=134]" scriptLines=2 script="-mkdir-p /Windows/Drivers/VirtIO\n-upload /usr/share/virtio-win/drivers/by-os/amd64/2k19/vioscsi.sys /Windows/Drivers/VirtIO/vioscsi.sys"
time=2026-08-10T10:57:42.695Z level=INFO msg="guestfs exec ok" bin=guestfish duration=69ms outputBytes=0 output=""
time=2026-08-10T10:57:42.695Z level=INFO msg="guestfs exec" bin=guestfish args="[--remote=134]" scriptLines=2 script="-mkdir-p /Windows/System32/drivers\n-upload /usr/share/virtio-win/drivers/by-os/amd64/2k19/vioscsi.sys /Windows/System32/drivers/vioscsi.sys"
time=2026-08-10T10:57:42.756Z level=INFO msg="guestfs exec ok" bin=guestfish duration=61ms outputBytes=0 output=""
time=2026-08-10T10:57:42.756Z level=INFO msg="guestfs exec" bin=guestfish args="[--remote=134]" scriptLines=2 script="-mkdir-p /Windows/Drivers/VirtIO\n-upload /usr/share/virtio-win/drivers/by-os/amd64/2k19/vioser.cat /Windows/Drivers/VirtIO/vioser.cat"
time=2026-08-10T10:57:42.819Z level=INFO msg="guestfs exec ok" bin=guestfish duration=63ms outputBytes=0 output=""
time=2026-08-10T10:57:42.819Z level=INFO msg="guestfs exec" bin=guestfish args="[--remote=134]" scriptLines=2 script="-mkdir-p /Windows/Drivers/VirtIO\n-upload /usr/share/virtio-win/drivers/by-os/amd64/2k19/vioser.inf /Windows/Drivers/VirtIO/vioser.inf"
time=2026-08-10T10:57:42.884Z level=INFO msg="guestfs exec ok" bin=guestfish duration=65ms outputBytes=0 output=""
time=2026-08-10T10:57:42.885Z level=INFO msg="guestfs exec" bin=guestfish args="[--remote=134]" scriptLines=2 script="-mkdir-p /Windows/Drivers/VirtIO\n-upload /usr/share/virtio-win/drivers/by-os/amd64/2k19/vioser.sys /Windows/Drivers/VirtIO/vioser.sys"
time=2026-08-10T10:57:42.953Z level=INFO msg="guestfs exec ok" bin=guestfish duration=68ms outputBytes=0 output=""
time=2026-08-10T10:57:42.953Z level=INFO msg="guestfs exec" bin=guestfish args="[--remote=134]" scriptLines=2 script="-mkdir-p /Windows/Drivers/VirtIO\n-upload /usr/share/virtio-win/drivers/by-os/amd64/2k19/viosock.cat /Windows/Drivers/VirtIO/viosock.cat"
time=2026-08-10T10:57:43.010Z level=INFO msg="guestfs exec ok" bin=guestfish duration=57ms outputBytes=0 output=""
time=2026-08-10T10:57:43.010Z level=INFO msg="guestfs exec" bin=guestfish args="[--remote=134]" scriptLines=2 script="-mkdir-p /Windows/Drivers/VirtIO\n-upload /usr/share/virtio-win/drivers/by-os/amd64/2k19/viosock.inf /Windows/Drivers/VirtIO/viosock.inf"
time=2026-08-10T10:57:43.071Z level=INFO msg="guestfs exec ok" bin=guestfish duration=61ms outputBytes=0 output=""
time=2026-08-10T10:57:43.071Z level=INFO msg="guestfs exec" bin=guestfish args="[--remote=134]" scriptLines=2 script="-mkdir-p /Windows/Drivers/VirtIO\n-upload /usr/share/virtio-win/drivers/by-os/amd64/2k19/viosock.sys /Windows/Drivers/VirtIO/viosock.sys"
time=2026-08-10T10:57:43.141Z level=INFO msg="guestfs exec ok" bin=guestfish duration=69ms outputBytes=0 output=""
time=2026-08-10T10:57:43.141Z level=INFO msg="guestfs exec" bin=guestfish args="[--remote=134]" scriptLines=2 script="-mkdir-p /Windows/Drivers/VirtIO\n-upload /usr/share/virtio-win/drivers/by-os/amd64/2k19/viostor.cat /Windows/Drivers/VirtIO/viostor.cat"
time=2026-08-10T10:57:43.200Z level=INFO msg="guestfs exec ok" bin=guestfish duration=60ms outputBytes=0 output=""
time=2026-08-10T10:57:43.201Z level=INFO msg="guestfs exec" bin=guestfish args="[--remote=134]" scriptLines=2 script="-mkdir-p /Windows/Drivers/VirtIO\n-upload /usr/share/virtio-win/drivers/by-os/amd64/2k19/viostor.inf /Windows/Drivers/VirtIO/viostor.inf"
time=2026-08-10T10:57:43.260Z level=INFO msg="guestfs exec ok" bin=guestfish duration=60ms outputBytes=0 output=""
time=2026-08-10T10:57:43.260Z level=INFO msg="guestfs exec" bin=guestfish args="[--remote=134]" scriptLines=2 script="-mkdir-p /Windows/Drivers/VirtIO\n-upload /usr/share/virtio-win/drivers/by-os/amd64/2k19/viostor.sys /Windows/Drivers/VirtIO/viostor.sys"
time=2026-08-10T10:57:43.328Z level=INFO msg="guestfs exec ok" bin=guestfish duration=68ms outputBytes=0 output=""
time=2026-08-10T10:57:43.328Z level=INFO msg="guestfs exec" bin=guestfish args="[--remote=134]" scriptLines=2 script="-mkdir-p /Windows/System32/drivers\n-upload /usr/share/virtio-win/drivers/by-os/amd64/2k19/viostor.sys /Windows/System32/drivers/viostor.sys"
time=2026-08-10T10:57:43.404Z level=INFO msg="guestfs exec ok" bin=guestfish duration=76ms outputBytes=0 output=""
time=2026-08-10T10:57:43.404Z level=INFO msg="copied driver" name=viostor
time=2026-08-10T10:57:43.404Z level=INFO msg="guestfs exec" bin=guestfish args="[--remote=134]" scriptLines=2 script="-mkdir-p /Windows/Drivers/VirtIO\n-upload /usr/share/virtio-win/guest-agent/qemu-ga-i386.msi /Windows/Drivers/VirtIO/qemu-ga-i386.msi"
time=2026-08-10T10:57:43.638Z level=INFO msg="guestfs exec ok" bin=guestfish duration=234ms outputBytes=0 output=""
time=2026-08-10T10:57:43.639Z level=INFO msg="guestfs exec" bin=guestfish args="[--remote=134]" scriptLines=2 script="-mkdir-p /Windows/Drivers/VirtIO\n-upload /usr/share/virtio-win/guest-agent/qemu-ga-x86_64.msi /Windows/Drivers/VirtIO/qemu-ga-x86_64.msi"
time=2026-08-10T10:57:43.880Z level=INFO msg="guestfs exec ok" bin=guestfish duration=242ms outputBytes=0 output=""
time=2026-08-10T10:57:43.880Z level=INFO msg="copied driver" name=qemu-ga
time=2026-08-10T10:57:43.885Z level=INFO msg="registered driver" driver=viostor registrar=driverdb
time=2026-08-10T10:57:43.890Z level=INFO msg="registered driver" driver=vioscsi registrar=driverdb
time=2026-08-10T10:57:43.891Z level=INFO msg="updated DevicePath" path="%SystemRoot%\\inf\x00;%SystemRoot%\\Drivers\\VirtIO"
time=2026-08-10T10:57:43.891Z level=INFO msg="disabling hypervisor services" plugins="[hyperv vmware nutanix virtualbox]"
time=2026-08-10T10:57:43.895Z level=INFO msg="running hypervisor service disable" name=hyperv
time=2026-08-10T10:57:43.899Z level=INFO msg="disabled service" service=vmicheartbeat
time=2026-08-10T10:57:43.903Z level=INFO msg="disabled service" service=vmicshutdown
time=2026-08-10T10:57:43.907Z level=INFO msg="disabled service" service=vmicvss
time=2026-08-10T10:57:43.912Z level=INFO msg="disabled service" service=vmictimesync
time=2026-08-10T10:57:43.917Z level=INFO msg="disabled service" service=vmicrdv
time=2026-08-10T10:57:43.922Z level=INFO msg="disabled service" service=vmicguestinterface
time=2026-08-10T10:57:43.926Z level=INFO msg="disabled service" service=vmickvpexchange
time=2026-08-10T10:57:43.930Z level=INFO msg="disabled service" service=vmicvmsession
time=2026-08-10T10:57:43.935Z level=INFO msg="disabled service" service=storflt
time=2026-08-10T10:57:43.940Z level=INFO msg="disabled Hyper-V time provider" path=ControlSet001\Services\W32Time\TimeProviders\VMICTimeProvider
time=2026-08-10T10:57:43.940Z level=INFO msg="hypervisor service disable complete" name=hyperv
time=2026-08-10T10:57:43.943Z level=INFO msg="running hypervisor service disable" name=vmware
time=2026-08-10T10:57:43.947Z level=INFO msg="disabled service" service=VMTools
time=2026-08-10T10:57:43.950Z level=INFO msg="disabled service" service=VGAuthService
time=2026-08-10T10:57:43.959Z level=INFO msg="disabled service" service=vm3dservice
time=2026-08-10T10:57:43.963Z level=INFO msg="hypervisor service disable complete" name=vmware
time=2026-08-10T10:57:43.976Z level=INFO msg="guestfs exec" bin=guestfish args="[--remote=134]" scriptLines=1 script="-exists \"/Program Files/Nutanix\""
time=2026-08-10T10:57:44.017Z level=INFO msg="guestfs exec ok" bin=guestfish duration=41ms outputBytes=6 output=false
time=2026-08-10T10:57:44.017Z level=INFO msg="guestfs exec" bin=guestfish args="[--remote=134]" scriptLines=1 script="-exists \"/Program Files (x86)/Nutanix\""
time=2026-08-10T10:57:44.049Z level=INFO msg="guestfs exec ok" bin=guestfish duration=32ms outputBytes=6 output=false
time=2026-08-10T10:57:44.069Z level=INFO msg="guestfs exec" bin=guestfish args="[--remote=134]" scriptLines=1 script="-exists \"/Program Files/Oracle/VirtualBox Guest Additions\""
time=2026-08-10T10:57:44.105Z level=INFO msg="guestfs exec ok" bin=guestfish duration=36ms outputBytes=6 output=false
time=2026-08-10T10:57:44.105Z level=INFO msg="guestfs exec" bin=guestfish args="[--remote=134]" scriptLines=1 script="-mkdir-p \"/Program Files/Guestfs/Firstboot/scripts\""
time=2026-08-10T10:57:44.138Z level=INFO msg="guestfs exec ok" bin=guestfish duration=33ms outputBytes=0 output=""
time=2026-08-10T10:57:44.138Z level=INFO msg="running firstboot contributors" count=3 version=win10
time=2026-08-10T10:57:44.138Z level=INFO msg="running firstboot contributor" name=install-virtio-drivers priority=2000
time=2026-08-10T10:57:44.138Z level=INFO msg="guestfs exec" bin=guestfish args="[--remote=134]" scriptLines=1 script="-mkdir-p \"/Program Files/Guestfs/Firstboot/scripts\""
time=2026-08-10T10:57:44.172Z level=INFO msg="guestfs exec ok" bin=guestfish duration=34ms outputBytes=0 output=""
time=2026-08-10T10:57:44.172Z level=INFO msg="guestfs exec" bin=guestfish args="[--remote=134]" scriptLines=3 script="-mkdir-p \"/Program Files/Guestfs/Firstboot/scripts\"\n-upload /tmp/kc-gfs-write-4268838050 \"/Program Files/Guestfs/Firstboot/scripts/2000-install-virtio-drivers.ps1\"\n-chmod 0644 \"/Program Files/Guestfs/Firstboot/scripts/2000-install-virtio-drivers.ps1\""
time=2026-08-10T10:57:44.234Z level=INFO msg="guestfs exec ok" bin=guestfish duration=62ms outputBytes=0 output=""
time=2026-08-10T10:57:44.235Z level=INFO msg="wrote firstboot script" name=install-virtio-drivers priority=2000
time=2026-08-10T10:57:44.235Z level=INFO msg="running firstboot contributor" name=install-qemu-ga priority=3000
time=2026-08-10T10:57:44.235Z level=INFO msg="guestfs exec" bin=guestfish args="[--remote=134]" scriptLines=1 script="-mkdir-p \"/Program Files/Guestfs/Firstboot/scripts\""
time=2026-08-10T10:57:44.272Z level=INFO msg="guestfs exec ok" bin=guestfish duration=37ms outputBytes=0 output=""
time=2026-08-10T10:57:44.273Z level=INFO msg="guestfs exec" bin=guestfish args="[--remote=134]" scriptLines=3 script="-mkdir-p \"/Program Files/Guestfs/Firstboot/scripts\"\n-upload /tmp/kc-gfs-write-203647695 \"/Program Files/Guestfs/Firstboot/scripts/3000-install-qemu-ga.ps1\"\n-chmod 0644 \"/Program Files/Guestfs/Firstboot/scripts/3000-install-qemu-ga.ps1\""
time=2026-08-10T10:57:44.342Z level=INFO msg="guestfs exec ok" bin=guestfish duration=70ms outputBytes=0 output=""
time=2026-08-10T10:57:44.343Z level=INFO msg="wrote firstboot script" name=install-qemu-ga priority=3000
time=2026-08-10T10:57:44.343Z level=INFO msg="running firstboot contributor" name=disk-onliner priority=4000
time=2026-08-10T10:57:44.343Z level=INFO msg="guestfs exec" bin=guestfish args="[--remote=134]" scriptLines=1 script="-mkdir-p \"/Program Files/Guestfs/Firstboot/scripts\""
time=2026-08-10T10:57:44.385Z level=INFO msg="guestfs exec ok" bin=guestfish duration=42ms outputBytes=0 output=""
time=2026-08-10T10:57:44.386Z level=INFO msg="guestfs exec" bin=guestfish args="[--remote=134]" scriptLines=3 script="-mkdir-p \"/Program Files/Guestfs/Firstboot/scripts\"\n-upload /tmp/kc-gfs-write-413310688 \"/Program Files/Guestfs/Firstboot/scripts/4000-disk-onliner.ps1\"\n-chmod 0644 \"/Program Files/Guestfs/Firstboot/scripts/4000-disk-onliner.ps1\""
time=2026-08-10T10:57:44.447Z level=INFO msg="guestfs exec ok" bin=guestfish duration=61ms outputBytes=0 output=""
time=2026-08-10T10:57:44.447Z level=INFO msg="wrote firstboot script" name=disk-onliner priority=4000
time=2026-08-10T10:57:44.448Z level=INFO msg="guestfs exec" bin=guestfish args="[--remote=134]" scriptLines=3 script="-mkdir-p \"/Program Files/Guestfs/Firstboot\"\n-upload /tmp/kc-gfs-write-552563721 \"/Program Files/Guestfs/Firstboot/firstboot.bat\"\n-chmod 0644 \"/Program Files/Guestfs/Firstboot/firstboot.bat\""
time=2026-08-10T10:57:44.507Z level=INFO msg="guestfs exec ok" bin=guestfish duration=59ms outputBytes=0 output=""
time=2026-08-10T10:57:44.507Z level=INFO msg="guestfs exec" bin=guestfish args="[--remote=134]" scriptLines=1 script="-exists \"/Program Files/Guestfs\""
time=2026-08-10T10:57:44.545Z level=INFO msg="guestfs exec ok" bin=guestfish duration=38ms outputBytes=5 output=true
time=2026-08-10T10:57:44.545Z level=INFO msg="guestfs exec" bin=guestfish args="[--remote=134]" scriptLines=1 script="-exists \"/Program Files/Guestfs\""
time=2026-08-10T10:57:44.584Z level=INFO msg="guestfs exec ok" bin=guestfish duration=39ms outputBytes=5 output=true
time=2026-08-10T10:57:44.584Z level=INFO msg="guestfs exec" bin=guestfish args="[--remote=134]" scriptLines=1 script="-is-dir \"/Program Files/Guestfs\""
time=2026-08-10T10:57:44.621Z level=INFO msg="guestfs exec ok" bin=guestfish duration=37ms outputBytes=5 output=true
time=2026-08-10T10:57:44.621Z level=INFO msg="guestfs exec" bin=guestfish args="[--remote=134]" scriptLines=1 script="-chmod 0755 \"/Program Files/Guestfs\""
time=2026-08-10T10:57:44.654Z level=INFO msg="guestfs exec ok" bin=guestfish duration=33ms outputBytes=0 output=""
time=2026-08-10T10:57:44.654Z level=INFO msg="guestfs exec" bin=guestfish args="[--remote=134]" scriptLines=1 script="-is-dir \"/Program Files/Guestfs\""
time=2026-08-10T10:57:44.687Z level=INFO msg="guestfs exec ok" bin=guestfish duration=33ms outputBytes=5 output=true
time=2026-08-10T10:57:44.687Z level=INFO msg="guestfs exec" bin=guestfish args="[--remote=134]" scriptLines=1 script="-ll \"/Program Files/Guestfs\""
time=2026-08-10T10:57:44.723Z level=INFO msg="guestfs exec ok" bin=guestfish duration=35ms outputBytes=147 output="total 4\ndrwxrwxrwx 1 root root    0 Aug 10 10:56 .\ndrwxrwxrwx 1 root root 4096 Aug 10 10:56 ..\ndrwxrwxrwx 1 root root  256 Aug 10 10:57 Firstboot"
time=2026-08-10T10:57:44.723Z level=INFO msg="guestfs exec" bin=guestfish args="[--remote=134]" scriptLines=1 script="-exists \"/Program Files/Guestfs/Firstboot\""
time=2026-08-10T10:57:44.762Z level=INFO msg="guestfs exec ok" bin=guestfish duration=40ms outputBytes=5 output=true
time=2026-08-10T10:57:44.762Z level=INFO msg="guestfs exec" bin=guestfish args="[--remote=134]" scriptLines=1 script="-is-dir \"/Program Files/Guestfs/Firstboot\""
time=2026-08-10T10:57:44.799Z level=INFO msg="guestfs exec ok" bin=guestfish duration=36ms outputBytes=5 output=true
time=2026-08-10T10:57:44.799Z level=INFO msg="guestfs exec" bin=guestfish args="[--remote=134]" scriptLines=1 script="-chmod 0755 \"/Program Files/Guestfs/Firstboot\""
time=2026-08-10T10:57:44.833Z level=INFO msg="guestfs exec ok" bin=guestfish duration=34ms outputBytes=0 output=""
time=2026-08-10T10:57:44.833Z level=INFO msg="guestfs exec" bin=guestfish args="[--remote=134]" scriptLines=1 script="-is-dir \"/Program Files/Guestfs/Firstboot\""
time=2026-08-10T10:57:44.873Z level=INFO msg="guestfs exec ok" bin=guestfish duration=39ms outputBytes=5 output=true
time=2026-08-10T10:57:44.873Z level=INFO msg="guestfs exec" bin=guestfish args="[--remote=134]" scriptLines=1 script="-ll \"/Program Files/Guestfs/Firstboot\""
time=2026-08-10T10:57:44.922Z level=INFO msg="guestfs exec ok" bin=guestfish duration=49ms outputBytes=196 output="total 1\ndrwxrwxrwx 1 root root 256 Aug 10 10:57 .\ndrwxrwxrwx 1 root root   0 Aug 10 10:56 ..\n-rwxrwxrwx 1 root root 457 Aug 10 10:57 firstboot.bat\ndrwxrwxrwx 1 root root 472 Aug 10 10:57 scripts"
time=2026-08-10T10:57:44.922Z level=INFO msg="guestfs exec" bin=guestfish args="[--remote=134]" scriptLines=1 script="-exists \"/Program Files/Guestfs/Firstboot/firstboot.bat\""
time=2026-08-10T10:57:44.960Z level=INFO msg="guestfs exec ok" bin=guestfish duration=38ms outputBytes=5 output=true
time=2026-08-10T10:57:44.960Z level=INFO msg="guestfs exec" bin=guestfish args="[--remote=134]" scriptLines=1 script="-is-dir \"/Program Files/Guestfs/Firstboot/firstboot.bat\""
time=2026-08-10T10:57:45.001Z level=INFO msg="guestfs exec ok" bin=guestfish duration=40ms outputBytes=6 output=false
time=2026-08-10T10:57:45.001Z level=INFO msg="guestfs exec" bin=guestfish args="[--remote=134]" scriptLines=1 script="-chmod 0644 \"/Program Files/Guestfs/Firstboot/firstboot.bat\""
time=2026-08-10T10:57:45.045Z level=INFO msg="guestfs exec ok" bin=guestfish duration=44ms outputBytes=0 output=""
time=2026-08-10T10:57:45.045Z level=INFO msg="guestfs exec" bin=guestfish args="[--remote=134]" scriptLines=1 script="-exists \"/Program Files/Guestfs/Firstboot/scripts\""
time=2026-08-10T10:57:45.087Z level=INFO msg="guestfs exec ok" bin=guestfish duration=42ms outputBytes=5 output=true
time=2026-08-10T10:57:45.087Z level=INFO msg="guestfs exec" bin=guestfish args="[--remote=134]" scriptLines=1 script="-is-dir \"/Program Files/Guestfs/Firstboot/scripts\""
time=2026-08-10T10:57:45.127Z level=INFO msg="guestfs exec ok" bin=guestfish duration=40ms outputBytes=5 output=true
time=2026-08-10T10:57:45.127Z level=INFO msg="guestfs exec" bin=guestfish args="[--remote=134]" scriptLines=1 script="-chmod 0755 \"/Program Files/Guestfs/Firstboot/scripts\""
time=2026-08-10T10:57:45.163Z level=INFO msg="guestfs exec ok" bin=guestfish duration=36ms outputBytes=0 output=""
time=2026-08-10T10:57:45.164Z level=INFO msg="guestfs exec" bin=guestfish args="[--remote=134]" scriptLines=1 script="-is-dir \"/Program Files/Guestfs/Firstboot/scripts\""
time=2026-08-10T10:57:45.209Z level=INFO msg="guestfs exec ok" bin=guestfish duration=45ms outputBytes=5 output=true
time=2026-08-10T10:57:45.209Z level=INFO msg="guestfs exec" bin=guestfish args="[--remote=134]" scriptLines=1 script="-ll \"/Program Files/Guestfs/Firstboot/scripts\""
time=2026-08-10T10:57:45.263Z level=INFO msg="guestfs exec ok" bin=guestfish duration=54ms outputBytes=369 output="total 9\ndrwxrwxrwx 1 root root  472 Aug 10 10:57 .\ndrwxrwxrwx 1 root root  256 Aug 10 10:57 ..\n-rwxrwxrwx 1 root root  717 Aug 10 10:56 0010-vmware-msi-uninstall.ps1\n-rwxrwxrwx 1 root root 1303 Aug 10 10:57 2000-install-virtio-drivers.ps1\n-rwxrwxrwx 1 root root  268 Aug 10 10:57 3000-install-qemu-ga.ps1\n-rwxrwxrwx 1 root root  164 Aug 10 10:57 4000-disk-onliner.ps1"
time=2026-08-10T10:57:45.264Z level=INFO msg="guestfs exec" bin=guestfish args="[--remote=134]" scriptLines=1 script="-exists \"/Program Files/Guestfs/Firstboot/scripts/0010-vmware-msi-uninstall.ps1\""
time=2026-08-10T10:57:45.306Z level=INFO msg="guestfs exec ok" bin=guestfish duration=42ms outputBytes=5 output=true
time=2026-08-10T10:57:45.306Z level=INFO msg="guestfs exec" bin=guestfish args="[--remote=134]" scriptLines=1 script="-is-dir \"/Program Files/Guestfs/Firstboot/scripts/0010-vmware-msi-uninstall.ps1\""
time=2026-08-10T10:57:45.344Z level=INFO msg="guestfs exec ok" bin=guestfish duration=38ms outputBytes=6 output=false
time=2026-08-10T10:57:45.344Z level=INFO msg="guestfs exec" bin=guestfish args="[--remote=134]" scriptLines=1 script="-chmod 0644 \"/Program Files/Guestfs/Firstboot/scripts/0010-vmware-msi-uninstall.ps1\""
time=2026-08-10T10:57:45.378Z level=INFO msg="guestfs exec ok" bin=guestfish duration=34ms outputBytes=0 output=""
time=2026-08-10T10:57:45.378Z level=INFO msg="guestfs exec" bin=guestfish args="[--remote=134]" scriptLines=1 script="-exists \"/Program Files/Guestfs/Firstboot/scripts/2000-install-virtio-drivers.ps1\""
time=2026-08-10T10:57:45.415Z level=INFO msg="guestfs exec ok" bin=guestfish duration=37ms outputBytes=5 output=true
time=2026-08-10T10:57:45.416Z level=INFO msg="guestfs exec" bin=guestfish args="[--remote=134]" scriptLines=1 script="-is-dir \"/Program Files/Guestfs/Firstboot/scripts/2000-install-virtio-drivers.ps1\""
time=2026-08-10T10:57:45.453Z level=INFO msg="guestfs exec ok" bin=guestfish duration=37ms outputBytes=6 output=false
time=2026-08-10T10:57:45.453Z level=INFO msg="guestfs exec" bin=guestfish args="[--remote=134]" scriptLines=1 script="-chmod 0644 \"/Program Files/Guestfs/Firstboot/scripts/2000-install-virtio-drivers.ps1\""
time=2026-08-10T10:57:45.491Z level=INFO msg="guestfs exec ok" bin=guestfish duration=38ms outputBytes=0 output=""
time=2026-08-10T10:57:45.491Z level=INFO msg="guestfs exec" bin=guestfish args="[--remote=134]" scriptLines=1 script="-exists \"/Program Files/Guestfs/Firstboot/scripts/3000-install-qemu-ga.ps1\""
time=2026-08-10T10:57:45.531Z level=INFO msg="guestfs exec ok" bin=guestfish duration=40ms outputBytes=5 output=true
time=2026-08-10T10:57:45.531Z level=INFO msg="guestfs exec" bin=guestfish args="[--remote=134]" scriptLines=1 script="-is-dir \"/Program Files/Guestfs/Firstboot/scripts/3000-install-qemu-ga.ps1\""
time=2026-08-10T10:57:45.575Z level=INFO msg="guestfs exec ok" bin=guestfish duration=44ms outputBytes=6 output=false
time=2026-08-10T10:57:45.575Z level=INFO msg="guestfs exec" bin=guestfish args="[--remote=134]" scriptLines=1 script="-chmod 0644 \"/Program Files/Guestfs/Firstboot/scripts/3000-install-qemu-ga.ps1\""
time=2026-08-10T10:57:45.616Z level=INFO msg="guestfs exec ok" bin=guestfish duration=40ms outputBytes=0 output=""
time=2026-08-10T10:57:45.616Z level=INFO msg="guestfs exec" bin=guestfish args="[--remote=134]" scriptLines=1 script="-exists \"/Program Files/Guestfs/Firstboot/scripts/4000-disk-onliner.ps1\""
time=2026-08-10T10:57:45.654Z level=INFO msg="guestfs exec ok" bin=guestfish duration=39ms outputBytes=5 output=true
time=2026-08-10T10:57:45.655Z level=INFO msg="guestfs exec" bin=guestfish args="[--remote=134]" scriptLines=1 script="-is-dir \"/Program Files/Guestfs/Firstboot/scripts/4000-disk-onliner.ps1\""
time=2026-08-10T10:57:45.693Z level=INFO msg="guestfs exec ok" bin=guestfish duration=39ms outputBytes=6 output=false
time=2026-08-10T10:57:45.694Z level=INFO msg="guestfs exec" bin=guestfish args="[--remote=134]" scriptLines=1 script="-chmod 0644 \"/Program Files/Guestfs/Firstboot/scripts/4000-disk-onliner.ps1\""
time=2026-08-10T10:57:45.732Z level=INFO msg="guestfs exec ok" bin=guestfish duration=38ms outputBytes=0 output=""
time=2026-08-10T10:57:45.912Z level=INFO msg="guestfs exec" bin=guestfish args="[--remote=134]" scriptLines=2 script="-mkdir-p /Windows/System32/config\n-upload /tmp/kc-checkout-SYSTEM-3872696263 /Windows/System32/config/SYSTEM"
time=2026-08-10T10:57:46.266Z level=INFO msg="guestfs exec ok" bin=guestfish duration=354ms outputBytes=0 output=""
time=2026-08-10T10:57:46.504Z level=INFO msg="guestfs exec" bin=guestfish args="[--remote=134]" scriptLines=2 script="-mkdir-p /Windows/System32/config\n-upload /tmp/kc-checkout-SOFTWARE-1219383218 /Windows/System32/config/SOFTWARE"
time=2026-08-10T10:57:47.927Z level=INFO msg="guestfs exec ok" bin=guestfish duration=1.423s outputBytes=0 output=""
time=2026-08-10T10:57:47.929Z level=INFO msg="pipeline complete"
time=2026-08-10T10:57:47.932Z level=INFO msg=exec bin=/usr/lib/kc-utils/kc-finalize args="[--input /var/tmp/v2v/pipeline.json --output /var/tmp/v2v/pipeline.json --mount-root /tmp/kc-guest --log-level info --guestfs]"
time=2026-08-10T10:57:47.938Z level=INFO msg="guestfish adopting shared session" pid=134 guestfishPID=134 shared=true
time=2026-08-10T10:57:47.939Z level=INFO msg="guestfish ensureLaunched" pid=134 disks=4 paths="[/var/tmp/v2v/overlay-0-block0.qcow2 /var/tmp/v2v/overlay-1-block1.qcow2 /var/tmp/v2v/overlay-2-block2.qcow2 /var/tmp/v2v/overlay-3-block3.qcow2]" HOME=/var/tmp LIBGUESTFS_BACKEND=direct socket=/tmp/.guestfish-107/socket-134 sessionAlive=true
time=2026-08-10T10:57:47.939Z level=INFO msg="guestfs exec" bin=guestfish args="[--remote=134]" scriptLines=1 script=-list-devices
time=2026-08-10T10:57:48.041Z level=INFO msg="guestfs exec ok" bin=guestfish duration=102ms outputBytes=36 output="/dev/sda\n/dev/sdb\n/dev/sdc\n/dev/sdd"
time=2026-08-10T10:57:48.041Z level=INFO msg="guestfish ready probe" pid=134 ready=true devices="/dev/sda\n/dev/sdb\n/dev/sdc\n/dev/sdd"
time=2026-08-10T10:57:48.041Z level=INFO msg="guestfish session already launched" pid=134 devices="/dev/sda\n/dev/sdb\n/dev/sdc\n/dev/sdd"
time=2026-08-10T10:57:48.041Z level=INFO msg="running customizations" plugins="[dynamicscriptswindows native dynamicscriptslinux]"
time=2026-08-10T10:57:48.041Z level=INFO msg="running customizer" name=dynamicscriptswindows
time=2026-08-10T10:57:48.041Z level=INFO msg="customizer complete" name=dynamicscriptswindows
time=2026-08-10T10:57:48.041Z level=INFO msg="running customizer" name=native
time=2026-08-10T10:57:48.041Z level=INFO msg="guestfs exec" bin=guestfish args="[--remote=134]" scriptLines=1 script=-inspect-os
time=2026-08-10T10:57:51.975Z level=INFO msg="guestfs exec ok" bin=guestfish duration=3.935s outputBytes=10 output=/dev/sda2
time=2026-08-10T10:57:51.976Z level=INFO msg="guestfs exec" bin=guestfish args="[--remote=134]" scriptLines=1 script="-inspect-get-mountpoints /dev/sda2"
time=2026-08-10T10:57:52.027Z level=INFO msg="guestfs exec ok" bin=guestfish duration=52ms outputBytes=13 output="/: /dev/sda2"
time=2026-08-10T10:57:52.027Z level=INFO msg="discovered mount points via inspection" root=/dev/sda2 preferred=/dev/sda2 count=1
time=2026-08-10T10:57:52.027Z level=INFO msg="guestfs exec" bin=guestfish args="[--remote=134]" scriptLines=2 script="-umount-all\n-mount /dev/sda2 /"
time=2026-08-10T10:57:52.093Z level=INFO msg="guestfs exec ok" bin=guestfish duration=66ms outputBytes=0 output=""
time=2026-08-10T10:57:52.093Z level=INFO msg="guestfs exec" bin=guestfish args="[--remote=134]" scriptLines=1 script="-exists /etc/selinux"
time=2026-08-10T10:57:52.129Z level=INFO msg="guestfs exec ok" bin=guestfish duration=36ms outputBytes=6 output=false
time=2026-08-10T10:57:52.129Z level=INFO msg="customizer complete" name=native
time=2026-08-10T10:57:52.129Z level=INFO msg="running customizer" name=dynamicscriptslinux
time=2026-08-10T10:57:52.129Z level=INFO msg="customizer complete" name=dynamicscriptslinux
time=2026-08-10T10:57:52.129Z level=INFO msg="syncing guest tree to disks" backend=guestfs
time=2026-08-10T10:57:52.130Z level=INFO msg="trimming filesystems" backend=guestfs mounts=1
time=2026-08-10T10:57:52.130Z level=INFO msg="guestfs exec" bin=guestfish args="[--remote=134]" scriptLines=1 script="-fstrim /"
time=2026-08-10T10:57:52.673Z level=INFO msg="guestfs exec ok" bin=guestfish duration=543ms outputBytes=0 output=""
time=2026-08-10T10:57:52.673Z level=INFO msg="unmounting guest filesystems" backend=guestfs mountRoot=/tmp/kc-guest
time=2026-08-10T10:57:52.673Z level=INFO msg="guestfs exec" bin=guestfish args="[--remote=134]" scriptLines=1 script=-umount-all
time=2026-08-10T10:57:52.714Z level=INFO msg="guestfs exec ok" bin=guestfish duration=41ms outputBytes=0 output=""
time=2026-08-10T10:57:52.714Z level=INFO msg="checking filesystems" backend=guestfs
time=2026-08-10T10:57:52.715Z level=INFO msg="guestfs exec" bin=guestfish args="[--remote=134 -- ntfsfix /dev/sda1]" stdinBytes=0
time=2026-08-10T10:57:52.780Z level=INFO msg="guestfs exec ok" bin=guestfish duration=65ms outputBytes=0 output=""
time=2026-08-10T10:57:52.780Z level=INFO msg="guestfs exec" bin=guestfish args="[--remote=134 -- ntfsfix /dev/sda2]" stdinBytes=0
time=2026-08-10T10:57:52.844Z level=INFO msg="guestfs exec ok" bin=guestfish duration=63ms outputBytes=0 output=""
time=2026-08-10T10:57:52.844Z level=INFO msg="guestfs exec" bin=guestfish args="[--remote=134 -- ntfsfix /dev/sdb1]" stdinBytes=0
time=2026-08-10T10:57:52.906Z level=INFO msg="guestfs exec ok" bin=guestfish duration=62ms outputBytes=0 output=""
time=2026-08-10T10:57:52.906Z level=INFO msg="guestfs exec" bin=guestfish args="[--remote=134 -- ntfsfix /dev/sdc1]" stdinBytes=0
time=2026-08-10T10:57:52.954Z level=INFO msg="guestfs exec ok" bin=guestfish duration=48ms outputBytes=0 output=""
time=2026-08-10T10:57:52.954Z level=INFO msg="guestfs exec" bin=guestfish args="[--remote=134 -- ntfsfix /dev/sdd1]" stdinBytes=0
time=2026-08-10T10:57:53.002Z level=INFO msg="guestfs exec ok" bin=guestfish duration=48ms outputBytes=0 output=""
time=2026-08-10T10:57:53.002Z level=INFO msg="releasing guest devices" backend=guestfs mountRoot=/tmp/kc-guest
time=2026-08-10T10:57:53.003Z level=INFO msg="pipeline complete"
time=2026-08-10T10:57:53.004Z level=INFO msg="guestfish shared listener exit" pid=134
time=2026-08-10T10:57:53.004Z level=INFO msg="guestfs exec" bin=guestfish args="[--remote=134 -- exit]" stdinBytes=0
time=2026-08-10T10:57:53.131Z level=INFO msg="guestfs exec ok" bin=guestfish duration=127ms outputBytes=0 output=""
time=2026-08-10T10:57:53.131Z level=INFO msg="committing qcow2 overlay" overlay=/var/tmp/v2v/overlay-0-block0.qcow2 backing=/dev/block0
Image committed.
time=2026-08-10T10:57:53.722Z level=INFO msg="committing qcow2 overlay" overlay=/var/tmp/v2v/overlay-1-block1.qcow2 backing=/dev/block1
Image committed.
time=2026-08-10T10:57:53.773Z level=INFO msg="committing qcow2 overlay" overlay=/var/tmp/v2v/overlay-2-block2.qcow2 backing=/dev/block2
Image committed.
time=2026-08-10T10:57:53.812Z level=INFO msg="committing qcow2 overlay" overlay=/var/tmp/v2v/overlay-3-block3.qcow2 backing=/dev/block3
Image committed.
time=2026-08-10T10:57:53.848Z level=INFO msg="qcow2 overlays committed" count=4
time=2026-08-10T10:57:53.849Z level=INFO msg="wrote inspection XML" path=/var/tmp/v2v/inspection.xml
Starting server on :8080
time=2026-08-10T10:57:53.849Z level=INFO msg="pipeline output" target_meta="{\n  \"guestcaps\": {\n    \"block_bus\": \"virtio\",\n    \"net_bus\": \"virtio\",\n    \"virtio_rng\": true,\n    \"virtio_balloon\": true,\n    \"virtio_socket\": true,\n    \"isa_pvpanic\": true,\n    \"machine_type\": \"q35\",\n    \"arch\": \"x86_64\",\n    \"virtio_1_0\": true,\n    \"rtc_utc\": false\n  },\n  \"target_buses\": {\n    \"virtio_blk\": [\n      {\n        \"index\": 0,\n        \"source_disk\": 0\n      },\n      {\n        \"index\": 1,\n        \"source_disk\": 1\n      },\n      {\n        \"index\": 2,\n        \"source_disk\": 2\n      },\n      {\n        \"index\": 3,\n        \"source_disk\": 3\n      }\n    ]\n  },\n  \"target_nics\": [\n    {\n      \"mac\": \"00:50:56:97:ed:7a\",\n      \"model\": \"virtio\"\n    }\n  ],\n  \"target_firmware\": \"bios\",\n  \"boot_device\": {\n    \"disk_index\": 0,\n    \"part_index\": 2\n  },\n  \"disks\": [\n    {\n      \"path\": \"/var/tmp/v2v/overlay-0-block0.qcow2\",\n      \"size_bytes\": 0,\n      \"format\": \"raw\",\n      \"partitions\": [\n        {\n          \"index\": 1,\n          \"size_bytes\": 575668224,\n          \"fs_type\": \"ntfs\",\n          \"device_path\": \"/dev/sda1\"\n        },\n        {\n          \"index\": 2,\n          \"size_bytes\": 12307136512,\n          \"fs_type\": \"ntfs\",\n          \"mount_point\": \"/\",\n          \"device_path\": \"/dev/sda2\"\n        }\n      ]\n    },\n    {\n      \"path\": \"/var/tmp/v2v/overlay-1-block1.qcow2\",\n      \"size_bytes\": 0,\n      \"format\": \"raw\",\n      \"partitions\": [\n        {\n          \"index\": 1,\n          \"size_bytes\": 1070596096,\n          \"fs_type\": \"ntfs\",\n          \"device_path\": \"/dev/sdb1\"\n        }\n      ]\n    },\n    {\n      \"path\": \"/var/tmp/v2v/overlay-2-block2.qcow2\",\n      \"size_bytes\": 0,\n      \"format\": \"raw\",\n      \"partitions\": [\n        {\n          \"index\": 1,\n          \"size_bytes\": 2144337920,\n          \"fs_type\": \"ntfs\",\n          \"device_path\": \"/dev/sdc1\"\n        }\n      ]\n    },\n    {\n      \"path\": \"/var/tmp/v2v/overlay-3-block3.qcow2\",\n      \"size_bytes\": 0,\n      \"format\": \"raw\",\n      \"partitions\": [\n        {\n          \"index\": 1,\n          \"size_bytes\": 3218079744,\n          \"fs_type\": \"ntfs\",\n          \"device_path\": \"/dev/sdd1\"\n        }\n      ]\n    }\n  ],\n  \"inspect\": {\n    \"type\": \"windows\",\n    \"distro\": \"windows\",\n    \"major_version\": 10,\n    \"minor_version\": 0,\n    \"arch\": \"x86_64\",\n    \"product_name\": \"Windows Server 2019 Standard\\u0000\"\n  }\n}"
Shutdown request received. Shutting down server.
