time=2026-08-24T12:58:39.236Z level=INFO msg="copy mode validation" inPlace=false needsCopy=true source=vSphere targets=4 emptyTargets=4 hasEmpty=true
time=2026-08-24T12:58:39.237Z level=INFO msg="linked vSphere CA bundle" src=/etc/secret/cacert dest=/opt/ca-bundle.crt replaced=false
time=2026-08-24T12:58:39.237Z level=INFO msg="disk copy enabled" inPlace=false source=vSphere vm=mtv-func-win2019
time=2026-08-24T12:58:39.330Z level=INFO msg="loaded vSphere inventory" vm=mtv-func-win2019 moref=vm-1021 disks=4 nics=1 firmware=bios guestId=windows8Server64Guest guestName="Microsoft Windows Server 2012 (64-bit)"
time=2026-08-24T12:58:39.330Z level=INFO msg="vSphere source disk" index=0 path="[mtv-nfs-rhos-v8] mtv-func-win2019/mtv-func-win2019.vmdk"
time=2026-08-24T12:58:39.330Z level=INFO msg="vSphere source disk" index=1 path="[mtv-nfs-rhos-v8] mtv-func-win2019/mtv-func-win2019_1.vmdk"
time=2026-08-24T12:58:39.330Z level=INFO msg="vSphere source disk" index=2 path="[mtv-nfs-rhos-v8] mtv-func-win2019/mtv-func-win2019_2.vmdk"
time=2026-08-24T12:58:39.330Z level=INFO msg="vSphere source disk" index=3 path="[mtv-nfs-rhos-v8] mtv-func-win2019/mtv-func-win2019_3.vmdk"
time=2026-08-24T12:58:39.335Z level=INFO msg="resolved copy sources" count=4 disks="[[mtv-nfs-rhos-v8] mtv-func-win2019/mtv-func-win2019.vmdk [mtv-nfs-rhos-v8] mtv-func-win2019/mtv-func-win2019_1.vmdk [mtv-nfs-rhos-v8] mtv-func-win2019/mtv-func-win2019_2.vmdk [mtv-nfs-rhos-v8] mtv-func-win2019/mtv-func-win2019_3.vmdk]"
time=2026-08-24T12:58:39.341Z level=INFO msg=exec bin=/usr/lib/kc-utils/kc-copy args="[--input /var/tmp/v2v/copy-input.json --output /var/tmp/v2v/copy-progress.json --log-level info]"
time=2026-08-24T12:58:39.350Z level=INFO msg="discovered PVC targets" count=4
time=2026-08-24T12:58:39.352Z level=INFO msg="copy target" index=0 path=/dev/block0 kind=block empty=true
time=2026-08-24T12:58:39.353Z level=INFO msg="copy target" index=1 path=/dev/block1 kind=block empty=true
time=2026-08-24T12:58:39.354Z level=INFO msg="copy target" index=2 path=/dev/block2 kind=block empty=true
time=2026-08-24T12:58:39.356Z level=INFO msg="copy target" index=3 path=/dev/block3 kind=block empty=true
time=2026-08-24T12:58:39.362Z level=INFO msg="NFC disk copy starting" source_disks=4 all_disks=false target_dir="" empty_targets=4 vm=mtv-func-win2019
time=2026-08-24T12:58:39.489Z level=INFO msg="NFC lease disk" key=/vm-1021/VirtualLsiLogicSASController0:0 targetId=disk-0.vmdk size=19327352832 diskPath="[mtv-nfs-rhos-v8] mtv-func-win2019/mtv-func-win2019.vmdk"
time=2026-08-24T12:58:39.489Z level=INFO msg="NFC lease disk" key=/vm-1021/VirtualLsiLogicSASController0:1 targetId=disk-1.vmdk size=19327352832 diskPath="[mtv-nfs-rhos-v8] mtv-func-win2019/mtv-func-win2019_1.vmdk"
time=2026-08-24T12:58:39.489Z level=INFO msg="NFC lease disk" key=/vm-1021/VirtualLsiLogicSASController0:2 targetId=disk-2.vmdk size=19327352832 diskPath="[mtv-nfs-rhos-v8] mtv-func-win2019/mtv-func-win2019_2.vmdk"
time=2026-08-24T12:58:39.489Z level=INFO msg="NFC lease disk" key=/vm-1021/VirtualLsiLogicSASController0:3 targetId=disk-3.vmdk size=19327352832 diskPath="[mtv-nfs-rhos-v8] mtv-func-win2019/mtv-func-win2019_3.vmdk"
time=2026-08-24T12:58:39.489Z level=INFO msg="NFC export lease acquired" vm=mtv-func-win2019 disks=4
time=2026-08-24T12:58:39.489Z level=INFO msg="NFC disks selected" selected=4 lease=4 concurrency=4
time=2026-08-24T12:58:39.489Z level=INFO msg="copying disk via NFC" disk=4/4 index=3 source="[mtv-nfs-rhos-v8] mtv-func-win2019/mtv-func-win2019_3.vmdk" target=/dev/block3 block=true
time=2026-08-24T12:58:39.489Z level=INFO msg="starting disk download" index=3 source="[mtv-nfs-rhos-v8] mtv-func-win2019/mtv-func-win2019_3.vmdk" target=/dev/block3 block=true size=19327352832
time=2026-08-24T12:58:39.489Z level=INFO msg="copying disk via NFC" disk=1/4 index=0 source="[mtv-nfs-rhos-v8] mtv-func-win2019/mtv-func-win2019.vmdk" target=/dev/block0 block=true
time=2026-08-24T12:58:39.489Z level=INFO msg="starting disk download" index=0 source="[mtv-nfs-rhos-v8] mtv-func-win2019/mtv-func-win2019.vmdk" target=/dev/block0 block=true size=19327352832
time=2026-08-24T12:58:39.489Z level=INFO msg="copying disk via NFC" disk=2/4 index=1 source="[mtv-nfs-rhos-v8] mtv-func-win2019/mtv-func-win2019_1.vmdk" target=/dev/block1 block=true
time=2026-08-24T12:58:39.489Z level=INFO msg="starting disk download" index=1 source="[mtv-nfs-rhos-v8] mtv-func-win2019/mtv-func-win2019_1.vmdk" target=/dev/block1 block=true size=19327352832
time=2026-08-24T12:58:39.490Z level=INFO msg="copying disk via NFC" disk=3/4 index=2 source="[mtv-nfs-rhos-v8] mtv-func-win2019/mtv-func-win2019_2.vmdk" target=/dev/block2 block=true
time=2026-08-24T12:58:39.490Z level=INFO msg="starting disk download" index=2 source="[mtv-nfs-rhos-v8] mtv-func-win2019/mtv-func-win2019_2.vmdk" target=/dev/block2 block=true size=19327352832
time=2026-08-24T12:58:40.910Z level=INFO msg="disk copy progress" index=0 source="[mtv-nfs-rhos-v8] mtv-func-win2019/mtv-func-win2019.vmdk" target=/dev/block0 percent=0
time=2026-08-24T12:58:40.932Z level=INFO msg="disk copy progress" index=2 source="[mtv-nfs-rhos-v8] mtv-func-win2019/mtv-func-win2019_2.vmdk" target=/dev/block2 percent=0
time=2026-08-24T12:58:40.954Z level=INFO msg="disk copy progress" index=3 source="[mtv-nfs-rhos-v8] mtv-func-win2019/mtv-func-win2019_3.vmdk" target=/dev/block3 percent=0
time=2026-08-24T12:58:40.994Z level=INFO msg="disk copy progress" index=1 source="[mtv-nfs-rhos-v8] mtv-func-win2019/mtv-func-win2019_1.vmdk" target=/dev/block1 percent=0
time=2026-08-24T13:00:09.097Z level=INFO msg="disk download finished" index=1 source="[mtv-nfs-rhos-v8] mtv-func-win2019/mtv-func-win2019_1.vmdk" target=/dev/block1 duration=1m30s
time=2026-08-24T13:00:09.101Z level=INFO msg="disk copy recorded" completed=1/4 index=1
time=2026-08-24T13:00:32.461Z level=INFO msg="disk copy progress" index=0 source="[mtv-nfs-rhos-v8] mtv-func-win2019/mtv-func-win2019.vmdk" target=/dev/block0 percent=5
time=2026-08-24T13:01:09.305Z level=INFO msg="disk download finished" index=2 source="[mtv-nfs-rhos-v8] mtv-func-win2019/mtv-func-win2019_2.vmdk" target=/dev/block2 duration=2m30s
time=2026-08-24T13:01:09.307Z level=INFO msg="disk copy recorded" completed=2/4 index=2
time=2026-08-24T13:01:21.106Z level=INFO msg="disk copy progress" index=0 source="[mtv-nfs-rhos-v8] mtv-func-win2019/mtv-func-win2019.vmdk" target=/dev/block0 percent=10
time=2026-08-24T13:01:44.008Z level=INFO msg="disk download finished" index=3 source="[mtv-nfs-rhos-v8] mtv-func-win2019/mtv-func-win2019_3.vmdk" target=/dev/block3 duration=3m5s
time=2026-08-24T13:01:44.011Z level=INFO msg="disk copy recorded" completed=3/4 index=3
time=2026-08-24T13:01:56.828Z level=INFO msg="disk copy progress" index=0 source="[mtv-nfs-rhos-v8] mtv-func-win2019/mtv-func-win2019.vmdk" target=/dev/block0 percent=15
time=2026-08-24T13:02:32.849Z level=INFO msg="disk copy progress" index=0 source="[mtv-nfs-rhos-v8] mtv-func-win2019/mtv-func-win2019.vmdk" target=/dev/block0 percent=20
time=2026-08-24T13:03:11.057Z level=INFO msg="disk copy progress" index=0 source="[mtv-nfs-rhos-v8] mtv-func-win2019/mtv-func-win2019.vmdk" target=/dev/block0 percent=25
time=2026-08-24T13:03:46.468Z level=INFO msg="disk copy progress" index=0 source="[mtv-nfs-rhos-v8] mtv-func-win2019/mtv-func-win2019.vmdk" target=/dev/block0 percent=30
time=2026-08-24T13:04:24.097Z level=INFO msg="disk copy progress" index=0 source="[mtv-nfs-rhos-v8] mtv-func-win2019/mtv-func-win2019.vmdk" target=/dev/block0 percent=35
time=2026-08-24T13:05:05.533Z level=INFO msg="disk copy progress" index=0 source="[mtv-nfs-rhos-v8] mtv-func-win2019/mtv-func-win2019.vmdk" target=/dev/block0 percent=40
time=2026-08-24T13:05:48.134Z level=INFO msg="disk copy progress" index=0 source="[mtv-nfs-rhos-v8] mtv-func-win2019/mtv-func-win2019.vmdk" target=/dev/block0 percent=45
time=2026-08-24T13:06:25.570Z level=INFO msg="disk copy progress" index=0 source="[mtv-nfs-rhos-v8] mtv-func-win2019/mtv-func-win2019.vmdk" target=/dev/block0 percent=50
time=2026-08-24T13:07:01.361Z level=INFO msg="disk copy progress" index=0 source="[mtv-nfs-rhos-v8] mtv-func-win2019/mtv-func-win2019.vmdk" target=/dev/block0 percent=55
time=2026-08-24T13:07:36.036Z level=INFO msg="disk copy progress" index=0 source="[mtv-nfs-rhos-v8] mtv-func-win2019/mtv-func-win2019.vmdk" target=/dev/block0 percent=60
time=2026-08-24T13:08:10.222Z level=INFO msg="disk copy progress" index=0 source="[mtv-nfs-rhos-v8] mtv-func-win2019/mtv-func-win2019.vmdk" target=/dev/block0 percent=65
time=2026-08-24T13:08:47.579Z level=INFO msg="disk copy progress" index=0 source="[mtv-nfs-rhos-v8] mtv-func-win2019/mtv-func-win2019.vmdk" target=/dev/block0 percent=70
time=2026-08-24T13:09:20.674Z level=INFO msg="disk copy progress" index=0 source="[mtv-nfs-rhos-v8] mtv-func-win2019/mtv-func-win2019.vmdk" target=/dev/block0 percent=75
time=2026-08-24T13:09:57.922Z level=INFO msg="disk copy progress" index=0 source="[mtv-nfs-rhos-v8] mtv-func-win2019/mtv-func-win2019.vmdk" target=/dev/block0 percent=80
time=2026-08-24T13:10:34.775Z level=INFO msg="disk copy progress" index=0 source="[mtv-nfs-rhos-v8] mtv-func-win2019/mtv-func-win2019.vmdk" target=/dev/block0 percent=85
time=2026-08-24T13:11:10.410Z level=INFO msg="disk copy progress" index=0 source="[mtv-nfs-rhos-v8] mtv-func-win2019/mtv-func-win2019.vmdk" target=/dev/block0 percent=90
time=2026-08-24T13:11:47.160Z level=INFO msg="disk download finished" index=0 source="[mtv-nfs-rhos-v8] mtv-func-win2019/mtv-func-win2019.vmdk" target=/dev/block0 duration=13m8s
time=2026-08-24T13:11:47.163Z level=INFO msg="disk copy recorded" completed=4/4 index=0
time=2026-08-24T13:11:47.177Z level=INFO msg="NFC disk copy complete" disks=4
time=2026-08-24T13:11:47.180Z level=INFO msg="discovered conversion disks" count=4
time=2026-08-24T13:11:47.180Z level=INFO msg="conversion disk" index=0 path=/dev/block0 kind=block
time=2026-08-24T13:11:47.180Z level=INFO msg="conversion disk" index=1 path=/dev/block1 kind=block
time=2026-08-24T13:11:47.180Z level=INFO msg="conversion disk" index=2 path=/dev/block2 kind=block
time=2026-08-24T13:11:47.180Z level=INFO msg="conversion disk" index=3 path=/dev/block3 kind=block
time=2026-08-24T13:11:47.180Z level=INFO msg="qcow2 overlay enabled" disks=4 workdir=/var/tmp/v2v
time=2026-08-24T13:11:47.180Z level=INFO msg="creating qcow2 overlay" index=0 backing=/dev/block0 overlay=/var/tmp/v2v/overlay-0-block0.qcow2
Formatting '/var/tmp/v2v/overlay-0-block0.qcow2', fmt=qcow2 cluster_size=65536 extended_l2=off compression_type=zlib size=12884901888 backing_file=/dev/block0 backing_fmt=raw lazy_refcounts=off refcount_bits=16
time=2026-08-24T13:11:47.288Z level=INFO msg="creating qcow2 overlay" index=1 backing=/dev/block1 overlay=/var/tmp/v2v/overlay-1-block1.qcow2
Formatting '/var/tmp/v2v/overlay-1-block1.qcow2', fmt=qcow2 cluster_size=65536 extended_l2=off compression_type=zlib size=1073741824 backing_file=/dev/block1 backing_fmt=raw lazy_refcounts=off refcount_bits=16
time=2026-08-24T13:11:47.303Z level=INFO msg="creating qcow2 overlay" index=2 backing=/dev/block2 overlay=/var/tmp/v2v/overlay-2-block2.qcow2
Formatting '/var/tmp/v2v/overlay-2-block2.qcow2', fmt=qcow2 cluster_size=65536 extended_l2=off compression_type=zlib size=2147483648 backing_file=/dev/block2 backing_fmt=raw lazy_refcounts=off refcount_bits=16
time=2026-08-24T13:11:47.318Z level=INFO msg="creating qcow2 overlay" index=3 backing=/dev/block3 overlay=/var/tmp/v2v/overlay-3-block3.qcow2
Formatting '/var/tmp/v2v/overlay-3-block3.qcow2', fmt=qcow2 cluster_size=65536 extended_l2=off compression_type=zlib size=3221225472 backing_file=/dev/block3 backing_fmt=raw lazy_refcounts=off refcount_bits=16
time=2026-08-24T13:11:47.333Z level=INFO msg="qcow2 overlays ready" count=4
time=2026-08-24T13:11:47.335Z level=INFO msg="guestfish listen starting" bin=guestfish
time=2026-08-24T13:11:47.521Z level=INFO msg="guestfish listen socket ready" pid=139 socket=/tmp/.guestfish-107/socket-139 bin=guestfish
time=2026-08-24T13:11:47.521Z level=INFO msg="guestfish shared listener started" pid=139
time=2026-08-24T13:11:47.521Z level=INFO msg=exec bin=/usr/lib/kc-utils/kc-prepare args="[--input /var/tmp/v2v/prepare-input.json --output /var/tmp/v2v/pipeline.json --mount-root /tmp/kc-guest --log-level info --backend guestfs]"
time=2026-08-24T13:11:47.526Z level=INFO msg="kc-prepare starting" input=/var/tmp/v2v/prepare-input.json output=/var/tmp/v2v/pipeline.json mountRoot=/tmp/kc-guest backend=guestfs logLevel=info
time=2026-08-24T13:11:47.526Z level=INFO msg="kc-prepare input loaded" disks=4 root=first firmwareHint=bios sourceType=vsphere
time=2026-08-24T13:11:47.527Z level=INFO msg="opening guest disks" backend=guestfs disks=4 mountRoot=/tmp/kc-guest
time=2026-08-24T13:11:47.527Z level=INFO msg="guestfish adopting shared session" pid=139 guestfishPID=139 shared=true HOME=/var/tmp socket=/tmp/.guestfish-107/socket-139
time=2026-08-24T13:11:47.527Z level=INFO msg="guestfish ensureLaunched" pid=139 disks=4 paths="[/var/tmp/v2v/overlay-0-block0.qcow2 /var/tmp/v2v/overlay-1-block1.qcow2 /var/tmp/v2v/overlay-2-block2.qcow2 /var/tmp/v2v/overlay-3-block3.qcow2]" HOME=/var/tmp LIBGUESTFS_BACKEND=direct socket=/tmp/.guestfish-107/socket-139 sessionAlive=true
time=2026-08-24T13:11:47.527Z level=INFO msg="guestfs exec" bin=guestfish args="[--remote=139]" scriptLines=1 script=-list-devices
time=2026-08-24T13:11:47.571Z level=INFO msg="guestfs exec ok" bin=guestfish duration=44ms outputBytes=0 output=""
time=2026-08-24T13:11:47.571Z level=INFO msg="guestfish ready probe" pid=139 ready=false devices=""
time=2026-08-24T13:11:47.571Z level=INFO msg="guestfish launching appliance" pid=139 disks=4 network=false
time=2026-08-24T13:11:47.571Z level=INFO msg="guestfs exec" bin=guestfish args="[--remote=139]" scriptLines=5 script="-add-drive-opts /var/tmp/v2v/overlay-0-block0.qcow2 readonly:false\n-add-drive-opts /var/tmp/v2v/overlay-1-block1.qcow2 readonly:false\n-add-drive-opts /var/tmp/v2v/overlay-2-block2.qcow2 readonly:false\n-add-drive-opts /var/tmp/v2v/overlay-3-block3.qcow2 rea…"
time=2026-08-24T13:12:02.608Z level=INFO msg="guestfs exec ok" bin=guestfish duration=15.037s outputBytes=0 output=""
time=2026-08-24T13:12:02.608Z level=INFO msg="guestfish launch script finished" pid=139 sessionAlive=true
time=2026-08-24T13:12:02.608Z level=INFO msg="guestfs exec" bin=guestfish args="[--remote=139]" scriptLines=1 script=-list-devices
time=2026-08-24T13:12:02.700Z level=INFO msg="guestfs exec ok" bin=guestfish duration=91ms outputBytes=36 output="/dev/sda\n/dev/sdb\n/dev/sdc\n/dev/sdd"
time=2026-08-24T13:12:02.700Z level=INFO msg="guestfish ready probe" pid=139 ready=true devices="/dev/sda\n/dev/sdb\n/dev/sdc\n/dev/sdd"
time=2026-08-24T13:12:02.700Z level=INFO msg="guestfish appliance launched" pid=139 disks=4 devices="/dev/sda\n/dev/sdb\n/dev/sdc\n/dev/sdd"
time=2026-08-24T13:12:02.700Z level=INFO msg="guestfs backend setup" disks=4 mountRoot=/tmp/kc-guest LIBGUESTFS_BACKEND=direct paths="[/var/tmp/v2v/overlay-0-block0.qcow2 /var/tmp/v2v/overlay-1-block1.qcow2 /var/tmp/v2v/overlay-2-block2.qcow2 /var/tmp/v2v/overlay-3-block3.qcow2]" guestfishPID=139 shared=true
time=2026-08-24T13:12:02.700Z level=INFO msg="guestfs exec" bin=guestfish args="[--remote=139 -- list-devices]" stdinBytes=0
time=2026-08-24T13:12:02.811Z level=INFO msg="guestfs exec ok" bin=guestfish duration=111ms outputBytes=36
time=2026-08-24T13:12:02.811Z level=INFO msg="guestfs exec" bin=guestfish args="[--remote=139 -- list-filesystems]" stdinBytes=0
time=2026-08-24T13:12:04.319Z level=INFO msg="guestfs exec ok" bin=guestfish duration=1.508s outputBytes=80
time=2026-08-24T13:12:04.319Z level=INFO msg="guestfs exec" bin=guestfish args="[--remote=139]" scriptLines=1 script="-blockdev-getsize64 /dev/sda1"
time=2026-08-24T13:12:04.373Z level=INFO msg="guestfs exec ok" bin=guestfish duration=54ms outputBytes=10 output=575668224
time=2026-08-24T13:12:04.373Z level=INFO msg="guestfs exec" bin=guestfish args="[--remote=139]" scriptLines=1 script="-blockdev-getsize64 /dev/sda2"
time=2026-08-24T13:12:04.429Z level=INFO msg="guestfs exec ok" bin=guestfish duration=55ms outputBytes=12 output=12307136512
time=2026-08-24T13:12:04.429Z level=INFO msg="discovered partition" disk=/var/tmp/v2v/overlay-0-block0.qcow2 index=1 device=/dev/sda1 fstype=ntfs
time=2026-08-24T13:12:04.429Z level=INFO msg="discovered partition" disk=/var/tmp/v2v/overlay-0-block0.qcow2 index=2 device=/dev/sda2 fstype=ntfs
time=2026-08-24T13:12:04.429Z level=INFO msg="guestfs exec" bin=guestfish args="[--remote=139 -- list-devices]" stdinBytes=0
time=2026-08-24T13:12:04.513Z level=INFO msg="guestfs exec ok" bin=guestfish duration=84ms outputBytes=36
time=2026-08-24T13:12:04.513Z level=INFO msg="guestfs exec" bin=guestfish args="[--remote=139 -- list-filesystems]" stdinBytes=0
time=2026-08-24T13:12:06.011Z level=INFO msg="guestfs exec ok" bin=guestfish duration=1.497s outputBytes=80
time=2026-08-24T13:12:06.011Z level=INFO msg="guestfs exec" bin=guestfish args="[--remote=139]" scriptLines=1 script="-blockdev-getsize64 /dev/sdb1"
time=2026-08-24T13:12:06.066Z level=INFO msg="guestfs exec ok" bin=guestfish duration=55ms outputBytes=11 output=1070596096
time=2026-08-24T13:12:06.066Z level=INFO msg="discovered partition" disk=/var/tmp/v2v/overlay-1-block1.qcow2 index=1 device=/dev/sdb1 fstype=ntfs
time=2026-08-24T13:12:06.066Z level=INFO msg="guestfs exec" bin=guestfish args="[--remote=139 -- list-devices]" stdinBytes=0
time=2026-08-24T13:12:06.152Z level=INFO msg="guestfs exec ok" bin=guestfish duration=85ms outputBytes=36
time=2026-08-24T13:12:06.152Z level=INFO msg="guestfs exec" bin=guestfish args="[--remote=139 -- list-filesystems]" stdinBytes=0
time=2026-08-24T13:12:07.749Z level=INFO msg="guestfs exec ok" bin=guestfish duration=1.597s outputBytes=80
time=2026-08-24T13:12:07.749Z level=INFO msg="guestfs exec" bin=guestfish args="[--remote=139]" scriptLines=1 script="-blockdev-getsize64 /dev/sdc1"
time=2026-08-24T13:12:07.810Z level=INFO msg="guestfs exec ok" bin=guestfish duration=61ms outputBytes=11 output=2144337920
time=2026-08-24T13:12:07.810Z level=INFO msg="discovered partition" disk=/var/tmp/v2v/overlay-2-block2.qcow2 index=1 device=/dev/sdc1 fstype=ntfs
time=2026-08-24T13:12:07.810Z level=INFO msg="guestfs exec" bin=guestfish args="[--remote=139 -- list-devices]" stdinBytes=0
time=2026-08-24T13:12:07.905Z level=INFO msg="guestfs exec ok" bin=guestfish duration=94ms outputBytes=36
time=2026-08-24T13:12:07.905Z level=INFO msg="guestfs exec" bin=guestfish args="[--remote=139 -- list-filesystems]" stdinBytes=0
time=2026-08-24T13:12:09.553Z level=INFO msg="guestfs exec ok" bin=guestfish duration=1.649s outputBytes=80
time=2026-08-24T13:12:09.553Z level=INFO msg="guestfs exec" bin=guestfish args="[--remote=139]" scriptLines=1 script="-blockdev-getsize64 /dev/sdd1"
time=2026-08-24T13:12:09.639Z level=INFO msg="guestfs exec ok" bin=guestfish duration=85ms outputBytes=11 output=3218079744
time=2026-08-24T13:12:09.639Z level=INFO msg="discovered partition" disk=/var/tmp/v2v/overlay-3-block3.qcow2 index=1 device=/dev/sdd1 fstype=ntfs
time=2026-08-24T13:12:09.639Z level=INFO msg="guestfs exec" bin=guestfish args="[--remote=139]" scriptLines=1 script=-lvs
time=2026-08-24T13:12:09.693Z level=INFO msg="guestfs exec ok" bin=guestfish duration=54ms outputBytes=0 output=""
time=2026-08-24T13:12:09.693Z level=INFO msg="guestfs exec" bin=guestfish args="[--remote=139]" scriptLines=1 script=-list-partitions
time=2026-08-24T13:12:09.775Z level=INFO msg="guestfs exec ok" bin=guestfish duration=82ms outputBytes=50 output="/dev/sda1\n/dev/sda2\n/dev/sdb1\n/dev/sdc1\n/dev/sdd1"
time=2026-08-24T13:12:09.775Z level=INFO msg="guestfs exec" bin=guestfish args="[--remote=139 -- list-devices]" stdinBytes=0
time=2026-08-24T13:12:09.860Z level=INFO msg="guestfs exec ok" bin=guestfish duration=85ms outputBytes=36
time=2026-08-24T13:12:09.861Z level=INFO msg="guestfs exec" bin=guestfish args="[--remote=139]" scriptLines=1 script="-vfs-type /dev/sda1" soft=true
time=2026-08-24T13:12:09.913Z level=INFO msg="guestfs exec ok" bin=guestfish duration=53ms outputBytes=5 output=ntfs soft=true
time=2026-08-24T13:12:09.913Z level=INFO msg="guestfs exec" bin=guestfish args="[--remote=139]" scriptLines=1 script="-part-to-partnum /dev/sda /dev/sda1"
time=2026-08-24T13:12:09.948Z level=INFO msg="guestfs exec ok" bin=guestfish duration=34ms outputBytes=0 output=""
time=2026-08-24T13:12:09.948Z level=INFO msg="guestfs exec" bin=guestfish args="[--remote=139]" scriptLines=1 script="-vfs-type /dev/sda2" soft=true
time=2026-08-24T13:12:10.004Z level=INFO msg="guestfs exec ok" bin=guestfish duration=56ms outputBytes=5 output=ntfs soft=true
time=2026-08-24T13:12:10.004Z level=INFO msg="guestfs exec" bin=guestfish args="[--remote=139]" scriptLines=1 script="-part-to-partnum /dev/sda /dev/sda2"
time=2026-08-24T13:12:10.039Z level=INFO msg="guestfs exec ok" bin=guestfish duration=35ms outputBytes=0 output=""
time=2026-08-24T13:12:10.039Z level=INFO msg="guestfs exec" bin=guestfish args="[--remote=139 -- list-devices]" stdinBytes=0
time=2026-08-24T13:12:10.128Z level=INFO msg="guestfs exec ok" bin=guestfish duration=88ms outputBytes=36
time=2026-08-24T13:12:10.128Z level=INFO msg="guestfs exec" bin=guestfish args="[--remote=139]" scriptLines=1 script="-vfs-type /dev/sdb1" soft=true
time=2026-08-24T13:12:10.185Z level=INFO msg="guestfs exec ok" bin=guestfish duration=57ms outputBytes=5 output=ntfs soft=true
time=2026-08-24T13:12:10.185Z level=INFO msg="guestfs exec" bin=guestfish args="[--remote=139]" scriptLines=1 script="-part-to-partnum /dev/sdb /dev/sdb1"
time=2026-08-24T13:12:10.220Z level=INFO msg="guestfs exec ok" bin=guestfish duration=35ms outputBytes=0 output=""
time=2026-08-24T13:12:10.220Z level=INFO msg="guestfs exec" bin=guestfish args="[--remote=139 -- list-devices]" stdinBytes=0
time=2026-08-24T13:12:10.315Z level=INFO msg="guestfs exec ok" bin=guestfish duration=95ms outputBytes=36
time=2026-08-24T13:12:10.315Z level=INFO msg="guestfs exec" bin=guestfish args="[--remote=139]" scriptLines=1 script="-vfs-type /dev/sdc1" soft=true
time=2026-08-24T13:12:10.377Z level=INFO msg="guestfs exec ok" bin=guestfish duration=62ms outputBytes=5 output=ntfs soft=true
time=2026-08-24T13:12:10.377Z level=INFO msg="guestfs exec" bin=guestfish args="[--remote=139]" scriptLines=1 script="-part-to-partnum /dev/sdc /dev/sdc1"
time=2026-08-24T13:12:10.416Z level=INFO msg="guestfs exec ok" bin=guestfish duration=38ms outputBytes=0 output=""
time=2026-08-24T13:12:10.416Z level=INFO msg="guestfs exec" bin=guestfish args="[--remote=139 -- list-devices]" stdinBytes=0
time=2026-08-24T13:12:10.514Z level=INFO msg="guestfs exec ok" bin=guestfish duration=98ms outputBytes=36
time=2026-08-24T13:12:10.514Z level=INFO msg="guestfs exec" bin=guestfish args="[--remote=139]" scriptLines=1 script="-vfs-type /dev/sdd1" soft=true
time=2026-08-24T13:12:10.603Z level=INFO msg="guestfs exec ok" bin=guestfish duration=89ms outputBytes=5 output=ntfs soft=true
time=2026-08-24T13:12:10.603Z level=INFO msg="guestfs exec" bin=guestfish args="[--remote=139]" scriptLines=1 script="-part-to-partnum /dev/sdd /dev/sdd1"
time=2026-08-24T13:12:10.647Z level=INFO msg="guestfs exec ok" bin=guestfish duration=44ms outputBytes=0 output=""
time=2026-08-24T13:12:10.647Z level=INFO msg="guest disk layout" disks=4 partitions=5 lvs=0 ldm=0
time=2026-08-24T13:12:10.647Z level=INFO msg="guestfs exec" bin=guestfish args="[--remote=139 -- ntfsfix /dev/sda1]" stdinBytes=0
time=2026-08-24T13:12:10.734Z level=INFO msg="guestfs exec ok" bin=guestfish duration=87ms outputBytes=0
time=2026-08-24T13:12:10.734Z level=INFO msg="guestfs exec" bin=guestfish args="[--remote=139 -- ntfsfix /dev/sda2]" stdinBytes=0
time=2026-08-24T13:12:10.803Z level=INFO msg="guestfs exec ok" bin=guestfish duration=68ms outputBytes=0
time=2026-08-24T13:12:10.803Z level=INFO msg="guestfs exec" bin=guestfish args="[--remote=139 -- ntfsfix /dev/sdb1]" stdinBytes=0
time=2026-08-24T13:12:10.863Z level=INFO msg="guestfs exec ok" bin=guestfish duration=60ms outputBytes=0
time=2026-08-24T13:12:10.863Z level=INFO msg="guestfs exec" bin=guestfish args="[--remote=139 -- ntfsfix /dev/sdc1]" stdinBytes=0
time=2026-08-24T13:12:10.929Z level=INFO msg="guestfs exec ok" bin=guestfish duration=65ms outputBytes=0
time=2026-08-24T13:12:10.929Z level=INFO msg="guestfs exec" bin=guestfish args="[--remote=139 -- ntfsfix /dev/sdd1]" stdinBytes=0
time=2026-08-24T13:12:10.990Z level=INFO msg="guestfs exec ok" bin=guestfish duration=62ms outputBytes=0
time=2026-08-24T13:12:10.991Z level=INFO msg="detected firmware" type=bios espDevices=[]
time=2026-08-24T13:12:10.993Z level=INFO msg="guestfs exec" bin=guestfish args="[--remote=139]" scriptLines=13 script="-umount-all\n-mount /dev/sda1 /\n-copy-out /etc/os-release /tmp/kc-scan-_dev_sda1/etc\n-copy-out /usr/lib/os-release /tmp/kc-scan-_dev_sda1/usr/lib\n-copy-out /etc/redhat-release /tmp/kc-scan-_dev_sda1/etc\n-copy-out /etc/debian_version /tmp/kc-scan-_dev_sda1/e…" soft=true
time=2026-08-24T13:12:11.111Z level=INFO msg="guestfs exec ok" bin=guestfish duration=118ms outputBytes=0 output="" soft=true
time=2026-08-24T13:12:11.113Z level=INFO msg="root probe miss" device=/dev/sda1 fstype=ntfs diskIndex=0 partIndex=1 scanPath=/tmp/kc-scan-_dev_sda1
time=2026-08-24T13:12:11.115Z level=INFO msg="guestfs exec" bin=guestfish args="[--remote=139]" scriptLines=13 script="-umount-all\n-mount /dev/sda2 /\n-copy-out /etc/os-release /tmp/kc-scan-_dev_sda2/etc\n-copy-out /usr/lib/os-release /tmp/kc-scan-_dev_sda2/usr/lib\n-copy-out /etc/redhat-release /tmp/kc-scan-_dev_sda2/etc\n-copy-out /etc/debian_version /tmp/kc-scan-_dev_sda2/e…" soft=true
time=2026-08-24T13:12:12.414Z level=INFO msg="guestfs exec ok" bin=guestfish duration=1.295s outputBytes=0 output="" soft=true
time=2026-08-24T13:12:12.423Z level=INFO msg="root probe hit" device=/dev/sda2 fstype=ntfs os=windows distro=windows product="Windows Server 2019 Standard\x00"
time=2026-08-24T13:12:12.434Z level=INFO msg="guestfs exec" bin=guestfish args="[--remote=139]" scriptLines=13 script="-umount-all\n-mount /dev/sdb1 /\n-copy-out /etc/os-release /tmp/kc-scan-_dev_sdb1/etc\n-copy-out /usr/lib/os-release /tmp/kc-scan-_dev_sdb1/usr/lib\n-copy-out /etc/redhat-release /tmp/kc-scan-_dev_sdb1/etc\n-copy-out /etc/debian_version /tmp/kc-scan-_dev_sdb1/e…" soft=true
time=2026-08-24T13:12:12.594Z level=INFO msg="guestfs exec ok" bin=guestfish duration=160ms outputBytes=0 output="" soft=true
time=2026-08-24T13:12:12.595Z level=INFO msg="root probe miss" device=/dev/sdb1 fstype=ntfs diskIndex=1 partIndex=1 scanPath=/tmp/kc-scan-_dev_sdb1
time=2026-08-24T13:12:12.597Z level=INFO msg="guestfs exec" bin=guestfish args="[--remote=139]" scriptLines=13 script="-umount-all\n-mount /dev/sdc1 /\n-copy-out /etc/os-release /tmp/kc-scan-_dev_sdc1/etc\n-copy-out /usr/lib/os-release /tmp/kc-scan-_dev_sdc1/usr/lib\n-copy-out /etc/redhat-release /tmp/kc-scan-_dev_sdc1/etc\n-copy-out /etc/debian_version /tmp/kc-scan-_dev_sdc1/e…" soft=true
time=2026-08-24T13:12:12.719Z level=INFO msg="guestfs exec ok" bin=guestfish duration=122ms outputBytes=0 output="" soft=true
time=2026-08-24T13:12:12.720Z level=INFO msg="root probe miss" device=/dev/sdc1 fstype=ntfs diskIndex=2 partIndex=1 scanPath=/tmp/kc-scan-_dev_sdc1
time=2026-08-24T13:12:12.721Z level=INFO msg="guestfs exec" bin=guestfish args="[--remote=139]" scriptLines=13 script="-umount-all\n-mount /dev/sdd1 /\n-copy-out /etc/os-release /tmp/kc-scan-_dev_sdd1/etc\n-copy-out /usr/lib/os-release /tmp/kc-scan-_dev_sdd1/usr/lib\n-copy-out /etc/redhat-release /tmp/kc-scan-_dev_sdd1/etc\n-copy-out /etc/debian_version /tmp/kc-scan-_dev_sdd1/e…" soft=true
time=2026-08-24T13:12:12.829Z level=INFO msg="guestfs exec ok" bin=guestfish duration=108ms outputBytes=0 output="" soft=true
time=2026-08-24T13:12:12.830Z level=INFO msg="root probe miss" device=/dev/sdd1 fstype=ntfs diskIndex=3 partIndex=1 scanPath=/tmp/kc-scan-_dev_sdd1
time=2026-08-24T13:12:12.830Z level=INFO msg="root candidates" count=1 selector=first
time=2026-08-24T13:12:12.830Z level=INFO msg="root candidate" index=1 device=/dev/sda2 product="Windows Server 2019 Standard\x00" os=windows distro=windows
time=2026-08-24T13:12:12.830Z level=INFO msg="selected root" device=/dev/sda2 product="Windows Server 2019 Standard\x00" selector=first os=windows
time=2026-08-24T13:12:12.830Z level=INFO msg="mount planner selected" planner=windows initialMounts=1
time=2026-08-24T13:12:12.830Z level=INFO msg="mounting filesystem" device=/dev/sda2 mountpoint=/ fstype=ntfs readOnly=false
time=2026-08-24T13:12:12.831Z level=INFO msg="guestfs exec" bin=guestfish args="[--remote=139]" scriptLines=1 script="-vfs-type /dev/sda2"
time=2026-08-24T13:12:12.887Z level=INFO msg="guestfs exec ok" bin=guestfish duration=56ms outputBytes=5 output=ntfs
time=2026-08-24T13:12:12.887Z level=INFO msg="firmware after mount" type=bios espDevices=[]
time=2026-08-24T13:12:12.887Z level=INFO msg="guestfs exec" bin=guestfish args="[--remote=139]" scriptLines=1 script=-inspect-os
time=2026-08-24T13:12:16.691Z level=INFO msg="guestfs exec ok" bin=guestfish duration=3.804s outputBytes=10 output=/dev/sda2
time=2026-08-24T13:12:16.691Z level=INFO msg="guestfs exec" bin=guestfish args="[--remote=139]" scriptLines=1 script="-inspect-get-mountpoints /dev/sda2"
time=2026-08-24T13:12:16.739Z level=INFO msg="guestfs exec ok" bin=guestfish duration=48ms outputBytes=13 output="/: /dev/sda2"
time=2026-08-24T13:12:16.739Z level=INFO msg="discovered mount points via inspection" root=/dev/sda2 preferred=/dev/sda2 count=1
time=2026-08-24T13:12:16.739Z level=INFO msg="guestfs exec" bin=guestfish args="[--remote=139]" scriptLines=2 script="-umount-all\n-mount /dev/sda2 /"
time=2026-08-24T13:12:16.802Z level=INFO msg="guestfs exec ok" bin=guestfish duration=63ms outputBytes=0 output=""
time=2026-08-24T13:12:16.802Z level=INFO msg="guestfs exec" bin=guestfish args="[--remote=139]" scriptLines=1 script="-exists /boot"
time=2026-08-24T13:12:16.832Z level=INFO msg="guestfs exec ok" bin=guestfish duration=30ms outputBytes=6 output=false
time=2026-08-24T13:12:16.832Z level=INFO msg="guestfs exec" bin=guestfish args="[--remote=139]" scriptLines=1 script="-exists /"
time=2026-08-24T13:12:16.868Z level=INFO msg="guestfs exec ok" bin=guestfish duration=36ms outputBytes=5 output=true
time=2026-08-24T13:12:16.868Z level=INFO msg="guestfs exec" bin=guestfish args="[--remote=139]" scriptLines=1 script="-is-dir /"
time=2026-08-24T13:12:16.902Z level=INFO msg="guestfs exec ok" bin=guestfish duration=33ms outputBytes=5 output=true
time=2026-08-24T13:12:16.902Z level=INFO msg="guestfs exec" bin=guestfish args="[--remote=139]" scriptLines=1 script="-statvfs /"
time=2026-08-24T13:12:16.938Z level=INFO msg="guestfs exec ok" bin=guestfish duration=36ms outputBytes=148 output="bsize: 4096\nfrsize: 4096\nblocks: 3004671\nbfree: 388108\nbavail: 388108\nfiles: 1650736\nffree: 1557756\nfavail: 1557756\nfsid: 0\nflag: 4096\nnamemax: 255"
time=2026-08-24T13:12:16.938Z level=INFO msg="guestfs exec" bin=guestfish args="[--remote=139]" scriptLines=1 script="-exists /boot/efi"
time=2026-08-24T13:12:16.971Z level=INFO msg="guestfs exec ok" bin=guestfish duration=33ms outputBytes=6 output=false
time=2026-08-24T13:12:16.971Z level=INFO msg="guestfs exec" bin=guestfish args="[--remote=139]" scriptLines=1 script="-is-dir /Windows/System32"
time=2026-08-24T13:12:17.011Z level=INFO msg="guestfs exec ok" bin=guestfish duration=40ms outputBytes=5 output=true
time=2026-08-24T13:12:17.012Z level=INFO msg="guestfs exec" bin=guestfish args="[--remote=139]" scriptLines=1 script="-is-dir /"
time=2026-08-24T13:12:17.048Z level=INFO msg="guestfs exec ok" bin=guestfish duration=37ms outputBytes=5 output=true
time=2026-08-24T13:12:17.048Z level=INFO msg="guestfs exec" bin=guestfish args="[--remote=139]" scriptLines=1 script="-ll /"
time=2026-08-24T13:12:17.111Z level=INFO msg="guestfs exec ok" bin=guestfish duration=62ms outputBytes=969 output="total 393261\ndrwxrwxrwx  1 root root         0 Apr 28  2021 $Recycle.Bin\ndrwxrwxrwx  1 root root      4096 Aug  4  2025 .\ndrwxr-xr-x 20 root root      4096 Aug 24 13:12 ..\ndrwxrwxrwx  1 root root         0 Jan 31  2025 Config.Msi\nlrwxrwxrwx  2 root root        14 Apr 27  2021 Documents and Settings -> /sysroot/Users\ndrwxrwxrwx  1 root root         0 Aug 20  2024 MTV\ndrwxrwxrwx  1 root root         0 Sep 15  2018 PerfLogs\ndrwxrwxrwx  1 root root      4096 Jan 31  2025 Program Files\ndrwxrwxrwx  1 root root   …"
time=2026-08-24T13:12:17.111Z level=INFO msg="guestfs exec" bin=guestfish args="[--remote=139]" scriptLines=1 script="-exists /Windows/SysWOW64"
time=2026-08-24T13:12:17.147Z level=INFO msg="guestfs exec ok" bin=guestfish duration=37ms outputBytes=5 output=true
time=2026-08-24T13:12:17.148Z level=INFO msg="guestfs exec" bin=guestfish args="[--remote=139]" scriptLines=1 script="-is-dir /Windows/System32/config/SOFTWARE"
time=2026-08-24T13:12:17.186Z level=INFO msg="guestfs exec ok" bin=guestfish duration=38ms outputBytes=6 output=false
time=2026-08-24T13:12:17.186Z level=INFO msg="guestfs exec" bin=guestfish args="[--remote=139]" scriptLines=1 script="-download /Windows/System32/config/SOFTWARE /tmp/kc-checkout-ro-SOFTWARE-1643629671"
time=2026-08-24T13:12:17.573Z level=INFO msg="guestfs exec ok" bin=guestfish duration=388ms outputBytes=0 output=""
time=2026-08-24T13:12:17.578Z level=INFO msg="guestfs exec" bin=guestfish args="[--remote=139]" scriptLines=1 script="-is-dir /Windows/System32/config/SYSTEM"
time=2026-08-24T13:12:17.612Z level=INFO msg="guestfs exec ok" bin=guestfish duration=34ms outputBytes=6 output=false
time=2026-08-24T13:12:17.612Z level=INFO msg="guestfs exec" bin=guestfish args="[--remote=139]" scriptLines=1 script="-download /Windows/System32/config/SYSTEM /tmp/kc-checkout-ro-SYSTEM-755790005"
time=2026-08-24T13:12:17.748Z level=INFO msg="guestfs exec ok" bin=guestfish duration=136ms outputBytes=0 output=""
time=2026-08-24T13:12:17.755Z level=INFO msg="guestfs exec" bin=guestfish args="[--remote=139]" scriptLines=1 script="-is-dir /"
time=2026-08-24T13:12:17.788Z level=INFO msg="guestfs exec ok" bin=guestfish duration=33ms outputBytes=5 output=true
time=2026-08-24T13:12:17.788Z level=INFO msg="guestfs exec" bin=guestfish args="[--remote=139]" scriptLines=1 script="-ll /"
time=2026-08-24T13:12:17.822Z level=INFO msg="guestfs exec ok" bin=guestfish duration=34ms outputBytes=969 output="total 393261\ndrwxrwxrwx  1 root root         0 Apr 28  2021 $Recycle.Bin\ndrwxrwxrwx  1 root root      4096 Aug  4  2025 .\ndrwxr-xr-x 20 root root      4096 Aug 24 13:12 ..\ndrwxrwxrwx  1 root root         0 Jan 31  2025 Config.Msi\nlrwxrwxrwx  2 root root        14 Apr 27  2021 Documents and Settings -> /sysroot/Users\ndrwxrwxrwx  1 root root         0 Aug 20  2024 MTV\ndrwxrwxrwx  1 root root         0 Sep 15  2018 PerfLogs\ndrwxrwxrwx  1 root root      4096 Jan 31  2025 Program Files\ndrwxrwxrwx  1 root root   …"
time=2026-08-24T13:12:17.822Z level=INFO msg="guestfs exec" bin=guestfish args="[--remote=139]" scriptLines=1 script="-is-dir /Windows/System32/config/SOFTWARE"
time=2026-08-24T13:12:17.852Z level=INFO msg="guestfs exec ok" bin=guestfish duration=29ms outputBytes=6 output=false
time=2026-08-24T13:12:17.852Z level=INFO msg="guestfs exec" bin=guestfish args="[--remote=139]" scriptLines=1 script="-download /Windows/System32/config/SOFTWARE /tmp/kc-checkout-ro-SOFTWARE-755244143"
time=2026-08-24T13:12:18.024Z level=INFO msg="guestfs exec ok" bin=guestfish duration=172ms outputBytes=0 output=""
time=2026-08-24T13:12:18.030Z level=INFO msg="guestfs exec" bin=guestfish args="[--remote=139]" scriptLines=1 script="-is-dir /Windows/System32/config/SYSTEM"
time=2026-08-24T13:12:18.064Z level=INFO msg="guestfs exec ok" bin=guestfish duration=34ms outputBytes=6 output=false
time=2026-08-24T13:12:18.065Z level=INFO msg="guestfs exec" bin=guestfish args="[--remote=139]" scriptLines=1 script="-download /Windows/System32/config/SYSTEM /tmp/kc-checkout-ro-SYSTEM-2394611540"
time=2026-08-24T13:12:18.146Z level=INFO msg="guestfs exec ok" bin=guestfish duration=81ms outputBytes=0 output=""
time=2026-08-24T13:12:18.152Z level=INFO msg="guestfs exec" bin=guestfish args="[--remote=139]" scriptLines=1 script="-exists /boot/grub2/grub.cfg"
time=2026-08-24T13:12:18.191Z level=INFO msg="guestfs exec ok" bin=guestfish duration=38ms outputBytes=6 output=false
time=2026-08-24T13:12:18.191Z level=INFO msg="guestfs exec" bin=guestfish args="[--remote=139]" scriptLines=1 script="-exists /boot/grub/grub.cfg"
time=2026-08-24T13:12:18.231Z level=INFO msg="guestfs exec ok" bin=guestfish duration=40ms outputBytes=6 output=false
time=2026-08-24T13:12:18.231Z level=INFO msg="guestfs exec" bin=guestfish args="[--remote=139]" scriptLines=1 script="-exists /boot/efi/EFI"
time=2026-08-24T13:12:18.265Z level=INFO msg="guestfs exec ok" bin=guestfish duration=34ms outputBytes=6 output=false
time=2026-08-24T13:12:18.265Z level=INFO msg="guestfs exec" bin=guestfish args="[--remote=139]" scriptLines=1 script="-exists /"
time=2026-08-24T13:12:18.293Z level=INFO msg="guestfs exec ok" bin=guestfish duration=28ms outputBytes=5 output=true
time=2026-08-24T13:12:18.293Z level=INFO msg="guestfs exec" bin=guestfish args="[--remote=139]" scriptLines=1 script="-exists /boot"
time=2026-08-24T13:12:18.323Z level=INFO msg="guestfs exec ok" bin=guestfish duration=30ms outputBytes=6 output=false
time=2026-08-24T13:12:18.324Z level=INFO msg="guestfs exec" bin=guestfish args="[--remote=139]" scriptLines=1 script="-exists /boot/efi"
time=2026-08-24T13:12:18.354Z level=INFO msg="guestfs exec ok" bin=guestfish duration=30ms outputBytes=6 output=false
time=2026-08-24T13:12:18.354Z level=INFO msg="guestfs exec" bin=guestfish args="[--remote=139]" scriptLines=1 script="-exists /"
time=2026-08-24T13:12:18.387Z level=INFO msg="guestfs exec ok" bin=guestfish duration=33ms outputBytes=5 output=true
time=2026-08-24T13:12:18.387Z level=INFO msg="guestfs exec" bin=guestfish args="[--remote=139]" scriptLines=1 script="-is-dir /"
time=2026-08-24T13:12:18.419Z level=INFO msg="guestfs exec ok" bin=guestfish duration=31ms outputBytes=5 output=true
time=2026-08-24T13:12:18.419Z level=INFO msg="guestfs exec" bin=guestfish args="[--remote=139]" scriptLines=1 script="-statvfs /"
time=2026-08-24T13:12:18.453Z level=INFO msg="guestfs exec ok" bin=guestfish duration=34ms outputBytes=148 output="bsize: 4096\nfrsize: 4096\nblocks: 3004671\nbfree: 388108\nbavail: 388108\nfiles: 1650736\nffree: 1557756\nfavail: 1557756\nfsid: 0\nflag: 4096\nnamemax: 255"
time=2026-08-24T13:12:18.454Z level=INFO msg="pipeline complete"
time=2026-08-24T13:12:18.454Z level=INFO msg="kc-prepare completed" output=/var/tmp/v2v/pipeline.json
time=2026-08-24T13:12:18.455Z level=INFO msg=exec bin=/usr/lib/kc-utils/kc-convert-windows args="[--input /var/tmp/v2v/pipeline.json --output /var/tmp/v2v/pipeline.json --mount-root /tmp/kc-guest --log-level info --backend guestfs]"
time=2026-08-24T13:12:18.460Z level=INFO msg="guestfish adopting shared session" pid=139 guestfishPID=139 shared=true
time=2026-08-24T13:12:18.461Z level=INFO msg="guestfish ensureLaunched" pid=139 disks=4 paths="[/var/tmp/v2v/overlay-0-block0.qcow2 /var/tmp/v2v/overlay-1-block1.qcow2 /var/tmp/v2v/overlay-2-block2.qcow2 /var/tmp/v2v/overlay-3-block3.qcow2]" HOME=/var/tmp LIBGUESTFS_BACKEND=direct socket=/tmp/.guestfish-107/socket-139 sessionAlive=true
time=2026-08-24T13:12:18.461Z level=INFO msg="guestfs exec" bin=guestfish args="[--remote=139]" scriptLines=1 script=-list-devices
time=2026-08-24T13:12:18.540Z level=INFO msg="guestfs exec ok" bin=guestfish duration=79ms outputBytes=36 output="/dev/sda\n/dev/sdb\n/dev/sdc\n/dev/sdd"
time=2026-08-24T13:12:18.540Z level=INFO msg="guestfish ready probe" pid=139 ready=true devices="/dev/sda\n/dev/sdb\n/dev/sdc\n/dev/sdd"
time=2026-08-24T13:12:18.540Z level=INFO msg="guestfish session already launched" pid=139 devices="/dev/sda\n/dev/sdb\n/dev/sdc\n/dev/sdd"
time=2026-08-24T13:12:18.540Z level=INFO msg="guestfs exec" bin=guestfish args="[--remote=139]" scriptLines=1 script=-inspect-os
time=2026-08-24T13:12:21.862Z level=INFO msg="guestfs exec ok" bin=guestfish duration=3.321s outputBytes=10 output=/dev/sda2
time=2026-08-24T13:12:21.862Z level=INFO msg="guestfs exec" bin=guestfish args="[--remote=139]" scriptLines=1 script="-inspect-get-mountpoints /dev/sda2"
time=2026-08-24T13:12:21.906Z level=INFO msg="guestfs exec ok" bin=guestfish duration=44ms outputBytes=13 output="/: /dev/sda2"
time=2026-08-24T13:12:21.906Z level=INFO msg="discovered mount points via inspection" root=/dev/sda2 preferred=/dev/sda2 count=1
time=2026-08-24T13:12:21.906Z level=INFO msg="guestfs exec" bin=guestfish args="[--remote=139]" scriptLines=2 script="-umount-all\n-mount /dev/sda2 /"
time=2026-08-24T13:12:21.974Z level=INFO msg="guestfs exec ok" bin=guestfish duration=68ms outputBytes=0 output=""
time=2026-08-24T13:12:21.975Z level=INFO msg="guestfs exec" bin=guestfish args="[--remote=139]" scriptLines=1 script="-is-dir /Windows/System32/config/SYSTEM"
time=2026-08-24T13:12:22.012Z level=INFO msg="guestfs exec ok" bin=guestfish duration=37ms outputBytes=6 output=false
time=2026-08-24T13:12:22.012Z level=INFO msg="guestfs exec" bin=guestfish args="[--remote=139]" scriptLines=1 script="-download /Windows/System32/config/SYSTEM /tmp/kc-checkout-SYSTEM-436689183"
time=2026-08-24T13:12:22.132Z level=INFO msg="guestfs exec ok" bin=guestfish duration=119ms outputBytes=0 output=""
time=2026-08-24T13:12:22.132Z level=INFO msg="guestfs exec" bin=guestfish args="[--remote=139]" scriptLines=1 script="-is-dir /Windows/System32/config/SOFTWARE"
time=2026-08-24T13:12:22.168Z level=INFO msg="guestfs exec ok" bin=guestfish duration=36ms outputBytes=6 output=false
time=2026-08-24T13:12:22.168Z level=INFO msg="guestfs exec" bin=guestfish args="[--remote=139]" scriptLines=1 script="-download /Windows/System32/config/SOFTWARE /tmp/kc-checkout-SOFTWARE-2032798595"
time=2026-08-24T13:12:22.439Z level=INFO msg="guestfs exec ok" bin=guestfish duration=270ms outputBytes=0 output=""
time=2026-08-24T13:12:22.439Z level=INFO msg="matched version handler" name=win10
time=2026-08-24T13:12:22.439Z level=INFO msg="found drivers" count=19 source=directory arch=x86_64 osVersion="Windows Server 2019 Standard\x00"
time=2026-08-24T13:12:22.440Z level=WARN msg="skipping incomplete virtio package" name=balloon inf=/usr/share/virtio-win/drivers/by-os/amd64/2k19/balloon.inf missing=[/usr/share/virtio-win/drivers/by-os/amd64/2k19/Balloon.cat]
time=2026-08-24T13:12:22.501Z level=WARN msg="RealTimeIsUniversal not found, assuming local time" error="value not found: ControlSet001\\Control\\TimeZoneInformation\\RealTimeIsUniversal"
time=2026-08-24T13:12:22.501Z level=INFO msg="removing hypervisor software" plugins="[citrix ec2launch hyperv virtualbox vmware awspv ec2 nutanix parallels]"
time=2026-08-24T13:12:22.501Z level=INFO msg="guestfs exec" bin=guestfish args="[--remote=139]" scriptLines=1 script="-exists \"/Program Files/Amazon\""
time=2026-08-24T13:12:22.547Z level=INFO msg="guestfs exec ok" bin=guestfish duration=46ms outputBytes=6 output=false
time=2026-08-24T13:12:22.547Z level=INFO msg="guestfs exec" bin=guestfish args="[--remote=139]" scriptLines=1 script="-exists \"/Program Files/Nutanix\""
time=2026-08-24T13:12:22.588Z level=INFO msg="guestfs exec ok" bin=guestfish duration=41ms outputBytes=6 output=false
time=2026-08-24T13:12:22.589Z level=INFO msg="guestfs exec" bin=guestfish args="[--remote=139]" scriptLines=1 script="-exists \"/Program Files (x86)/Nutanix\""
time=2026-08-24T13:12:22.638Z level=INFO msg="guestfs exec ok" bin=guestfish duration=49ms outputBytes=6 output=false
time=2026-08-24T13:12:22.640Z level=INFO msg="guestfs exec" bin=guestfish args="[--remote=139]" scriptLines=1 script="-exists \"/Program Files/Citrix/XenTools\""
time=2026-08-24T13:12:22.678Z level=INFO msg="guestfs exec ok" bin=guestfish duration=38ms outputBytes=6 output=false
time=2026-08-24T13:12:22.690Z level=INFO msg="guestfs exec" bin=guestfish args="[--remote=139]" scriptLines=1 script="-exists \"/Program Files/Amazon/EC2Launch\""
time=2026-08-24T13:12:22.721Z level=INFO msg="guestfs exec ok" bin=guestfish duration=31ms outputBytes=6 output=false
time=2026-08-24T13:12:22.721Z level=INFO msg="guestfs exec" bin=guestfish args="[--remote=139]" scriptLines=1 script="-exists \"/Program Files/Amazon/Ec2ConfigService\""
time=2026-08-24T13:12:22.754Z level=INFO msg="guestfs exec ok" bin=guestfish duration=33ms outputBytes=6 output=false
time=2026-08-24T13:12:22.756Z level=INFO msg="guestfs exec" bin=guestfish args="[--remote=139]" scriptLines=1 script="-is-dir /Windows/System32/drivers"
time=2026-08-24T13:12:22.788Z level=INFO msg="guestfs exec ok" bin=guestfish duration=32ms outputBytes=5 output=true
time=2026-08-24T13:12:22.788Z level=INFO msg="guestfs exec" bin=guestfish args="[--remote=139]" scriptLines=1 script="-ll /Windows/System32/drivers"
time=2026-08-24T13:12:22.946Z level=INFO msg="guestfs exec ok" bin=guestfish duration=158ms outputBytes=22925 output="total 93484\ndrwxrwxrwx 1 root root   65536 Jan 31  2025 .\ndrwxrwxrwx 1 root root  786432 Jan 25  2026 ..\n-rwxrwxrwx 3 root root  245248 Sep 15  2018 1394ohci.sys\n-rwxrwxrwx 3 root root  107520 Sep 15  2018 3ware.sys\n-rwxrwxrwx 3 root root   19968 Sep 15  2018 AcpiDev.sys\n-rwxrwxrwx 2 root root  137016 Sep 15  2018 AppVStrm.sys\n-rwxrwxrwx 3 root root  172560 Sep 15  2018 AppvVemgr.sys\n-rwxrwxrwx 2 root root  153400 Sep 15  2018 AppvVfs.sys\n-rwxrwxrwx 3 root root   92672 Sep 15  2018 BTHUSB.SYS\n-rwxrwxrwx 3 r…"
time=2026-08-24T13:12:22.946Z level=INFO msg="guestfs exec" bin=guestfish args="[--remote=139]" scriptLines=1 script="-exists \"/Program Files/Parallels/Parallels Tools\""
time=2026-08-24T13:12:22.980Z level=INFO msg="guestfs exec ok" bin=guestfish duration=33ms outputBytes=6 output=false
time=2026-08-24T13:12:22.980Z level=INFO msg="guestfs exec" bin=guestfish args="[--remote=139]" scriptLines=1 script="-exists \"/Program Files (x86)/Parallels/Parallels Tools\""
time=2026-08-24T13:12:23.028Z level=INFO msg="guestfs exec ok" bin=guestfish duration=48ms outputBytes=6 output=false
time=2026-08-24T13:12:23.039Z level=INFO msg="running hypervisor remove" name=hyperv
time=2026-08-24T13:12:23.039Z level=INFO msg="guestfs exec" bin=guestfish args="[--remote=139]" scriptLines=1 script="-exists /Windows/System32/drivers/vmbus.sys"
time=2026-08-24T13:12:23.073Z level=INFO msg="guestfs exec ok" bin=guestfish duration=34ms outputBytes=5 output=true
time=2026-08-24T13:12:23.073Z level=INFO msg="found Hyper-V inbox driver, leaving in place" driver=vmbus.sys
time=2026-08-24T13:12:23.073Z level=INFO msg="guestfs exec" bin=guestfish args="[--remote=139]" scriptLines=1 script="-exists /Windows/System32/drivers/storvsc.sys"
time=2026-08-24T13:12:23.104Z level=INFO msg="guestfs exec ok" bin=guestfish duration=32ms outputBytes=5 output=true
time=2026-08-24T13:12:23.105Z level=INFO msg="found Hyper-V inbox driver, leaving in place" driver=storvsc.sys
time=2026-08-24T13:12:23.105Z level=INFO msg="guestfs exec" bin=guestfish args="[--remote=139]" scriptLines=1 script="-exists /Windows/System32/drivers/netvsc.sys"
time=2026-08-24T13:12:23.137Z level=INFO msg="guestfs exec ok" bin=guestfish duration=32ms outputBytes=5 output=true
time=2026-08-24T13:12:23.137Z level=INFO msg="found Hyper-V inbox driver, leaving in place" driver=netvsc.sys
time=2026-08-24T13:12:23.137Z level=INFO msg="guestfs exec" bin=guestfish args="[--remote=139]" scriptLines=1 script="-exists /Windows/System32/drivers/VMBusHID.sys"
time=2026-08-24T13:12:23.174Z level=INFO msg="guestfs exec ok" bin=guestfish duration=37ms outputBytes=5 output=true
time=2026-08-24T13:12:23.174Z level=INFO msg="found Hyper-V inbox driver, leaving in place" driver=VMBusHID.sys
time=2026-08-24T13:12:23.174Z level=INFO msg="guestfs exec" bin=guestfish args="[--remote=139]" scriptLines=1 script="-exists /Windows/System32/drivers/hypervideo.sys"
time=2026-08-24T13:12:23.205Z level=INFO msg="guestfs exec ok" bin=guestfish duration=31ms outputBytes=6 output=false
time=2026-08-24T13:12:23.206Z level=INFO msg="hypervisor remove complete" name=hyperv
time=2026-08-24T13:12:23.206Z level=INFO msg="guestfs exec" bin=guestfish args="[--remote=139]" scriptLines=1 script="-exists \"/Program Files/Oracle/VirtualBox Guest Additions\""
time=2026-08-24T13:12:23.241Z level=INFO msg="guestfs exec ok" bin=guestfish duration=35ms outputBytes=6 output=false
time=2026-08-24T13:12:23.243Z level=INFO msg="guestfs exec" bin=guestfish args="[--remote=139]" scriptLines=1 script="-exists \"/Program Files/VMware/VMware Tools\""
time=2026-08-24T13:12:23.282Z level=INFO msg="guestfs exec ok" bin=guestfish duration=38ms outputBytes=5 output=true
time=2026-08-24T13:12:23.282Z level=INFO msg="running hypervisor remove" name=vmware
time=2026-08-24T13:12:23.282Z level=INFO msg="guestfs exec" bin=guestfish args="[--remote=139]" scriptLines=1 script="-rm-rf \"/Program Files/VMware/VMware Tools\""
time=2026-08-24T13:12:23.423Z level=INFO msg="guestfs exec ok" bin=guestfish duration=141ms outputBytes=0 output=""
time=2026-08-24T13:12:23.489Z level=INFO msg="removing MSI product entry" guid=46E471FAFC2268349ACE372F58379989 name="VMware Tools\x00"
time=2026-08-24T13:12:23.591Z level=INFO msg="removing MSI user-data entry" guid=46E471FAFC2268349ACE372F58379989
time=2026-08-24T13:12:23.602Z level=INFO msg="guestfs exec" bin=guestfish args="[--remote=139]" scriptLines=1 script="-mkdir-p \"/Program Files/Guestfs/Firstboot/scripts\""
time=2026-08-24T13:12:23.671Z level=INFO msg="guestfs exec ok" bin=guestfish duration=68ms outputBytes=0 output=""
time=2026-08-24T13:12:23.671Z level=INFO msg="guestfs exec" bin=guestfish args="[--remote=139]" scriptLines=3 script="-mkdir-p \"/Program Files/Guestfs/Firstboot/scripts\"\n-upload /tmp/kc-gfs-write-2640845045 \"/Program Files/Guestfs/Firstboot/scripts/0010-vmware-msi-uninstall.ps1\"\n-chmod 0644 \"/Program Files/Guestfs/Firstboot/scripts/0010-vmware-msi-uninstall.ps1\""
time=2026-08-24T13:12:23.755Z level=INFO msg="guestfs exec ok" bin=guestfish duration=84ms outputBytes=0 output=""
time=2026-08-24T13:12:23.756Z level=INFO msg="hypervisor remove complete" name=vmware
time=2026-08-24T13:12:23.756Z level=INFO msg="guestfs exec" bin=guestfish args="[--remote=139]" scriptLines=1 script="-mkdir-p /Windows/Drivers/VirtIO"
time=2026-08-24T13:12:23.797Z level=INFO msg="guestfs exec ok" bin=guestfish duration=41ms outputBytes=0 output=""
time=2026-08-24T13:12:23.797Z level=INFO msg="guestfs exec" bin=guestfish args="[--remote=139]" scriptLines=1 script="-mkdir-p /Windows/System32/drivers"
time=2026-08-24T13:12:23.843Z level=INFO msg="guestfs exec ok" bin=guestfish duration=46ms outputBytes=0 output=""
time=2026-08-24T13:12:23.844Z level=INFO msg="guestfs exec" bin=guestfish args="[--remote=139]" scriptLines=2 script="-mkdir-p /Windows/Drivers/VirtIO\n-upload /usr/share/virtio-win/drivers/by-os/amd64/2k19/fwcfg.inf /Windows/Drivers/VirtIO/fwcfg.inf"
time=2026-08-24T13:12:23.922Z level=INFO msg="guestfs exec ok" bin=guestfish duration=78ms outputBytes=0 output=""
time=2026-08-24T13:12:23.922Z level=INFO msg="guestfs exec" bin=guestfish args="[--remote=139]" scriptLines=2 script="-mkdir-p /Windows/Drivers/VirtIO\n-upload /usr/share/virtio-win/drivers/by-os/amd64/2k19/fwcfg.cat /Windows/Drivers/VirtIO/fwcfg.cat"
time=2026-08-24T13:12:23.989Z level=INFO msg="guestfs exec ok" bin=guestfish duration=67ms outputBytes=0 output=""
time=2026-08-24T13:12:23.989Z level=INFO msg="guestfs exec" bin=guestfish args="[--remote=139]" scriptLines=2 script="-mkdir-p /Windows/Drivers/VirtIO\n-upload /usr/share/virtio-win/drivers/by-os/amd64/2k19/fwcfg.sys /Windows/Drivers/VirtIO/fwcfg.sys"
time=2026-08-24T13:12:24.043Z level=INFO msg="guestfs exec ok" bin=guestfish duration=54ms outputBytes=0 output=""
time=2026-08-24T13:12:24.043Z level=INFO msg="copied driver" name=fwcfg files=3
time=2026-08-24T13:12:24.043Z level=INFO msg="guestfs exec" bin=guestfish args="[--remote=139]" scriptLines=2 script="-mkdir-p /Windows/Drivers/VirtIO\n-upload /usr/share/virtio-win/drivers/by-os/amd64/2k19/netkvm.inf /Windows/Drivers/VirtIO/netkvm.inf"
time=2026-08-24T13:12:24.101Z level=INFO msg="guestfs exec ok" bin=guestfish duration=58ms outputBytes=0 output=""
time=2026-08-24T13:12:24.101Z level=INFO msg="guestfs exec" bin=guestfish args="[--remote=139]" scriptLines=2 script="-mkdir-p /Windows/Drivers/VirtIO\n-upload /usr/share/virtio-win/drivers/by-os/amd64/2k19/netkvm.cat /Windows/Drivers/VirtIO/netkvm.cat"
time=2026-08-24T13:12:24.162Z level=INFO msg="guestfs exec ok" bin=guestfish duration=61ms outputBytes=0 output=""
time=2026-08-24T13:12:24.162Z level=INFO msg="guestfs exec" bin=guestfish args="[--remote=139]" scriptLines=2 script="-mkdir-p /Windows/Drivers/VirtIO\n-upload /usr/share/virtio-win/drivers/by-os/amd64/2k19/netkvm.sys /Windows/Drivers/VirtIO/netkvm.sys"
time=2026-08-24T13:12:24.234Z level=INFO msg="guestfs exec ok" bin=guestfish duration=72ms outputBytes=0 output=""
time=2026-08-24T13:12:24.234Z level=INFO msg="guestfs exec" bin=guestfish args="[--remote=139]" scriptLines=2 script="-mkdir-p /Windows/Drivers/VirtIO\n-upload /usr/share/virtio-win/drivers/by-os/amd64/2k19/netkvmp.exe /Windows/Drivers/VirtIO/netkvmp.exe"
time=2026-08-24T13:12:24.296Z level=INFO msg="guestfs exec ok" bin=guestfish duration=62ms outputBytes=0 output=""
time=2026-08-24T13:12:24.296Z level=INFO msg="copied driver" name=netkvm files=4
time=2026-08-24T13:12:24.296Z level=INFO msg="guestfs exec" bin=guestfish args="[--remote=139]" scriptLines=2 script="-mkdir-p /Windows/Drivers/VirtIO\n-upload /usr/share/virtio-win/drivers/by-os/amd64/2k19/pvpanic-pci.inf /Windows/Drivers/VirtIO/pvpanic-pci.inf"
time=2026-08-24T13:12:24.370Z level=INFO msg="guestfs exec ok" bin=guestfish duration=74ms outputBytes=0 output=""
time=2026-08-24T13:12:24.370Z level=INFO msg="guestfs exec" bin=guestfish args="[--remote=139]" scriptLines=2 script="-mkdir-p /Windows/Drivers/VirtIO\n-upload /usr/share/virtio-win/drivers/by-os/amd64/2k19/pvpanic-pci.cat /Windows/Drivers/VirtIO/pvpanic-pci.cat"
time=2026-08-24T13:12:24.438Z level=INFO msg="guestfs exec ok" bin=guestfish duration=68ms outputBytes=0 output=""
time=2026-08-24T13:12:24.438Z level=INFO msg="guestfs exec" bin=guestfish args="[--remote=139]" scriptLines=2 script="-mkdir-p /Windows/Drivers/VirtIO\n-upload /usr/share/virtio-win/drivers/by-os/amd64/2k19/pvpanic.sys /Windows/Drivers/VirtIO/pvpanic.sys"
time=2026-08-24T13:12:24.510Z level=INFO msg="guestfs exec ok" bin=guestfish duration=71ms outputBytes=0 output=""
time=2026-08-24T13:12:24.510Z level=INFO msg="copied driver" name=pvpanic-pci files=3
time=2026-08-24T13:12:24.510Z level=INFO msg="guestfs exec" bin=guestfish args="[--remote=139]" scriptLines=2 script="-mkdir-p /Windows/Drivers/VirtIO\n-upload /usr/share/virtio-win/drivers/by-os/amd64/2k19/pvpanic.inf /Windows/Drivers/VirtIO/pvpanic.inf"
time=2026-08-24T13:12:24.572Z level=INFO msg="guestfs exec ok" bin=guestfish duration=62ms outputBytes=0 output=""
time=2026-08-24T13:12:24.572Z level=INFO msg="guestfs exec" bin=guestfish args="[--remote=139]" scriptLines=2 script="-mkdir-p /Windows/Drivers/VirtIO\n-upload /usr/share/virtio-win/drivers/by-os/amd64/2k19/pvpanic.cat /Windows/Drivers/VirtIO/pvpanic.cat"
time=2026-08-24T13:12:24.636Z level=INFO msg="guestfs exec ok" bin=guestfish duration=63ms outputBytes=0 output=""
time=2026-08-24T13:12:24.636Z level=INFO msg="guestfs exec" bin=guestfish args="[--remote=139]" scriptLines=2 script="-mkdir-p /Windows/Drivers/VirtIO\n-upload /usr/share/virtio-win/drivers/by-os/amd64/2k19/pvpanic.sys /Windows/Drivers/VirtIO/pvpanic.sys"
time=2026-08-24T13:12:24.693Z level=INFO msg="guestfs exec ok" bin=guestfish duration=57ms outputBytes=0 output=""
time=2026-08-24T13:12:24.693Z level=INFO msg="copied driver" name=pvpanic files=3
time=2026-08-24T13:12:24.693Z level=INFO msg="guestfs exec" bin=guestfish args="[--remote=139]" scriptLines=2 script="-mkdir-p /Windows/Drivers/VirtIO\n-upload /usr/share/virtio-win/drivers/by-os/amd64/2k19/qemufwcfg.inf /Windows/Drivers/VirtIO/qemufwcfg.inf"
time=2026-08-24T13:12:24.748Z level=INFO msg="guestfs exec ok" bin=guestfish duration=55ms outputBytes=0 output=""
time=2026-08-24T13:12:24.749Z level=INFO msg="guestfs exec" bin=guestfish args="[--remote=139]" scriptLines=2 script="-mkdir-p /Windows/Drivers/VirtIO\n-upload /usr/share/virtio-win/drivers/by-os/amd64/2k19/qemufwcfg.cat /Windows/Drivers/VirtIO/qemufwcfg.cat"
time=2026-08-24T13:12:24.807Z level=INFO msg="guestfs exec ok" bin=guestfish duration=58ms outputBytes=0 output=""
time=2026-08-24T13:12:24.807Z level=INFO msg="copied driver" name=qemufwcfg files=2
time=2026-08-24T13:12:24.807Z level=INFO msg="guestfs exec" bin=guestfish args="[--remote=139]" scriptLines=2 script="-mkdir-p /Windows/Drivers/VirtIO\n-upload /usr/share/virtio-win/drivers/by-os/amd64/2k19/qemupciserial.inf /Windows/Drivers/VirtIO/qemupciserial.inf"
time=2026-08-24T13:12:24.865Z level=INFO msg="guestfs exec ok" bin=guestfish duration=58ms outputBytes=0 output=""
time=2026-08-24T13:12:24.865Z level=INFO msg="guestfs exec" bin=guestfish args="[--remote=139]" scriptLines=2 script="-mkdir-p /Windows/Drivers/VirtIO\n-upload /usr/share/virtio-win/drivers/by-os/amd64/2k19/qemupciserial.cat /Windows/Drivers/VirtIO/qemupciserial.cat"
time=2026-08-24T13:12:24.919Z level=INFO msg="guestfs exec ok" bin=guestfish duration=54ms outputBytes=0 output=""
time=2026-08-24T13:12:24.919Z level=INFO msg="copied driver" name=qemupciserial files=2
time=2026-08-24T13:12:24.919Z level=INFO msg="guestfs exec" bin=guestfish args="[--remote=139]" scriptLines=2 script="-mkdir-p /Windows/Drivers/VirtIO\n-upload /usr/share/virtio-win/drivers/by-os/amd64/2k19/qxldod.inf /Windows/Drivers/VirtIO/qxldod.inf"
time=2026-08-24T13:12:24.974Z level=INFO msg="guestfs exec ok" bin=guestfish duration=55ms outputBytes=0 output=""
time=2026-08-24T13:12:24.974Z level=INFO msg="guestfs exec" bin=guestfish args="[--remote=139]" scriptLines=2 script="-mkdir-p /Windows/Drivers/VirtIO\n-upload /usr/share/virtio-win/drivers/by-os/amd64/2k19/qxldod.cat /Windows/Drivers/VirtIO/qxldod.cat"
time=2026-08-24T13:12:25.041Z level=INFO msg="guestfs exec ok" bin=guestfish duration=66ms outputBytes=0 output=""
time=2026-08-24T13:12:25.041Z level=INFO msg="guestfs exec" bin=guestfish args="[--remote=139]" scriptLines=2 script="-mkdir-p /Windows/Drivers/VirtIO\n-upload /usr/share/virtio-win/drivers/by-os/amd64/2k19/qxldod.sys /Windows/Drivers/VirtIO/qxldod.sys"
time=2026-08-24T13:12:25.099Z level=INFO msg="guestfs exec ok" bin=guestfish duration=58ms outputBytes=0 output=""
time=2026-08-24T13:12:25.099Z level=INFO msg="copied driver" name=qxldod files=3
time=2026-08-24T13:12:25.099Z level=INFO msg="guestfs exec" bin=guestfish args="[--remote=139]" scriptLines=2 script="-mkdir-p /Windows/Drivers/VirtIO\n-upload /usr/share/virtio-win/drivers/by-os/amd64/2k19/viofs.inf /Windows/Drivers/VirtIO/viofs.inf"
time=2026-08-24T13:12:25.160Z level=INFO msg="guestfs exec ok" bin=guestfish duration=61ms outputBytes=0 output=""
time=2026-08-24T13:12:25.160Z level=INFO msg="guestfs exec" bin=guestfish args="[--remote=139]" scriptLines=2 script="-mkdir-p /Windows/Drivers/VirtIO\n-upload /usr/share/virtio-win/drivers/by-os/amd64/2k19/viofs.cat /Windows/Drivers/VirtIO/viofs.cat"
time=2026-08-24T13:12:25.211Z level=INFO msg="guestfs exec ok" bin=guestfish duration=51ms outputBytes=0 output=""
time=2026-08-24T13:12:25.211Z level=INFO msg="guestfs exec" bin=guestfish args="[--remote=139]" scriptLines=2 script="-mkdir-p /Windows/Drivers/VirtIO\n-upload /usr/share/virtio-win/drivers/by-os/amd64/2k19/viofs.sys /Windows/Drivers/VirtIO/viofs.sys"
time=2026-08-24T13:12:25.273Z level=INFO msg="guestfs exec ok" bin=guestfish duration=61ms outputBytes=0 output=""
time=2026-08-24T13:12:25.273Z level=INFO msg="copied driver" name=viofs files=3
time=2026-08-24T13:12:25.273Z level=INFO msg="guestfs exec" bin=guestfish args="[--remote=139]" scriptLines=2 script="-mkdir-p /Windows/Drivers/VirtIO\n-upload /usr/share/virtio-win/drivers/by-os/amd64/2k19/viogpudo.inf /Windows/Drivers/VirtIO/viogpudo.inf"
time=2026-08-24T13:12:25.336Z level=INFO msg="guestfs exec ok" bin=guestfish duration=63ms outputBytes=0 output=""
time=2026-08-24T13:12:25.336Z level=INFO msg="guestfs exec" bin=guestfish args="[--remote=139]" scriptLines=2 script="-mkdir-p /Windows/Drivers/VirtIO\n-upload /usr/share/virtio-win/drivers/by-os/amd64/2k19/viogpudo.cat /Windows/Drivers/VirtIO/viogpudo.cat"
time=2026-08-24T13:12:25.383Z level=INFO msg="guestfs exec ok" bin=guestfish duration=47ms outputBytes=0 output=""
time=2026-08-24T13:12:25.383Z level=INFO msg="guestfs exec" bin=guestfish args="[--remote=139]" scriptLines=2 script="-mkdir-p /Windows/Drivers/VirtIO\n-upload /usr/share/virtio-win/drivers/by-os/amd64/2k19/viogpudo.sys /Windows/Drivers/VirtIO/viogpudo.sys"
time=2026-08-24T13:12:25.437Z level=INFO msg="guestfs exec ok" bin=guestfish duration=54ms outputBytes=0 output=""
time=2026-08-24T13:12:25.437Z level=INFO msg="copied driver" name=viogpudo files=3
time=2026-08-24T13:12:25.437Z level=INFO msg="guestfs exec" bin=guestfish args="[--remote=139]" scriptLines=2 script="-mkdir-p /Windows/Drivers/VirtIO\n-upload /usr/share/virtio-win/drivers/by-os/amd64/2k19/vioinput.inf /Windows/Drivers/VirtIO/vioinput.inf"
time=2026-08-24T13:12:25.489Z level=INFO msg="guestfs exec ok" bin=guestfish duration=52ms outputBytes=0 output=""
time=2026-08-24T13:12:25.489Z level=INFO msg="guestfs exec" bin=guestfish args="[--remote=139]" scriptLines=2 script="-mkdir-p /Windows/Drivers/VirtIO\n-upload /usr/share/virtio-win/drivers/by-os/amd64/2k19/vioinput.cat /Windows/Drivers/VirtIO/vioinput.cat"
time=2026-08-24T13:12:25.547Z level=INFO msg="guestfs exec ok" bin=guestfish duration=58ms outputBytes=0 output=""
time=2026-08-24T13:12:25.547Z level=INFO msg="guestfs exec" bin=guestfish args="[--remote=139]" scriptLines=2 script="-mkdir-p /Windows/Drivers/VirtIO\n-upload /usr/share/virtio-win/drivers/by-os/amd64/2k19/vioinput.sys /Windows/Drivers/VirtIO/vioinput.sys"
time=2026-08-24T13:12:25.610Z level=INFO msg="guestfs exec ok" bin=guestfish duration=62ms outputBytes=0 output=""
time=2026-08-24T13:12:25.610Z level=INFO msg="guestfs exec" bin=guestfish args="[--remote=139]" scriptLines=2 script="-mkdir-p /Windows/Drivers/VirtIO\n-upload /usr/share/virtio-win/drivers/by-os/amd64/2k19/viohidkmdf.sys /Windows/Drivers/VirtIO/viohidkmdf.sys"
time=2026-08-24T13:12:25.669Z level=INFO msg="guestfs exec ok" bin=guestfish duration=58ms outputBytes=0 output=""
time=2026-08-24T13:12:25.669Z level=INFO msg="copied driver" name=vioinput files=4
time=2026-08-24T13:12:25.669Z level=INFO msg="guestfs exec" bin=guestfish args="[--remote=139]" scriptLines=2 script="-mkdir-p /Windows/Drivers/VirtIO\n-upload /usr/share/virtio-win/drivers/by-os/amd64/2k19/viomem.inf /Windows/Drivers/VirtIO/viomem.inf"
time=2026-08-24T13:12:25.724Z level=INFO msg="guestfs exec ok" bin=guestfish duration=55ms outputBytes=0 output=""
time=2026-08-24T13:12:25.724Z level=INFO msg="guestfs exec" bin=guestfish args="[--remote=139]" scriptLines=2 script="-mkdir-p /Windows/Drivers/VirtIO\n-upload /usr/share/virtio-win/drivers/by-os/amd64/2k19/viomem.cat /Windows/Drivers/VirtIO/viomem.cat"
time=2026-08-24T13:12:25.787Z level=INFO msg="guestfs exec ok" bin=guestfish duration=63ms outputBytes=0 output=""
time=2026-08-24T13:12:25.787Z level=INFO msg="guestfs exec" bin=guestfish args="[--remote=139]" scriptLines=2 script="-mkdir-p /Windows/Drivers/VirtIO\n-upload /usr/share/virtio-win/drivers/by-os/amd64/2k19/viomem.sys /Windows/Drivers/VirtIO/viomem.sys"
time=2026-08-24T13:12:25.854Z level=INFO msg="guestfs exec ok" bin=guestfish duration=67ms outputBytes=0 output=""
time=2026-08-24T13:12:25.854Z level=INFO msg="copied driver" name=viomem files=3
time=2026-08-24T13:12:25.854Z level=INFO msg="guestfs exec" bin=guestfish args="[--remote=139]" scriptLines=2 script="-mkdir-p /Windows/Drivers/VirtIO\n-upload /usr/share/virtio-win/drivers/by-os/amd64/2k19/vioprot.inf /Windows/Drivers/VirtIO/vioprot.inf"
time=2026-08-24T13:12:25.914Z level=INFO msg="guestfs exec ok" bin=guestfish duration=61ms outputBytes=0 output=""
time=2026-08-24T13:12:25.915Z level=INFO msg="guestfs exec" bin=guestfish args="[--remote=139]" scriptLines=2 script="-mkdir-p /Windows/Drivers/VirtIO\n-upload /usr/share/virtio-win/drivers/by-os/amd64/2k19/vioprot.cat /Windows/Drivers/VirtIO/vioprot.cat"
time=2026-08-24T13:12:25.971Z level=INFO msg="guestfs exec ok" bin=guestfish duration=57ms outputBytes=0 output=""
time=2026-08-24T13:12:25.971Z level=INFO msg="copied driver" name=vioprot files=2
time=2026-08-24T13:12:25.971Z level=INFO msg="guestfs exec" bin=guestfish args="[--remote=139]" scriptLines=2 script="-mkdir-p /Windows/Drivers/VirtIO\n-upload /usr/share/virtio-win/drivers/by-os/amd64/2k19/viorng.inf /Windows/Drivers/VirtIO/viorng.inf"
time=2026-08-24T13:12:26.030Z level=INFO msg="guestfs exec ok" bin=guestfish duration=59ms outputBytes=0 output=""
time=2026-08-24T13:12:26.030Z level=INFO msg="guestfs exec" bin=guestfish args="[--remote=139]" scriptLines=2 script="-mkdir-p /Windows/Drivers/VirtIO\n-upload /usr/share/virtio-win/drivers/by-os/amd64/2k19/viorng.cat /Windows/Drivers/VirtIO/viorng.cat"
time=2026-08-24T13:12:26.083Z level=INFO msg="guestfs exec ok" bin=guestfish duration=53ms outputBytes=0 output=""
time=2026-08-24T13:12:26.083Z level=INFO msg="guestfs exec" bin=guestfish args="[--remote=139]" scriptLines=2 script="-mkdir-p /Windows/Drivers/VirtIO\n-upload /usr/share/virtio-win/drivers/by-os/amd64/2k19/viorng.sys /Windows/Drivers/VirtIO/viorng.sys"
time=2026-08-24T13:12:26.139Z level=INFO msg="guestfs exec ok" bin=guestfish duration=56ms outputBytes=0 output=""
time=2026-08-24T13:12:26.139Z level=INFO msg="guestfs exec" bin=guestfish args="[--remote=139]" scriptLines=2 script="-mkdir-p /Windows/Drivers/VirtIO\n-upload /usr/share/virtio-win/drivers/by-os/amd64/2k19/viorngum.dll /Windows/Drivers/VirtIO/viorngum.dll"
time=2026-08-24T13:12:26.193Z level=INFO msg="guestfs exec ok" bin=guestfish duration=54ms outputBytes=0 output=""
time=2026-08-24T13:12:26.193Z level=INFO msg="copied driver" name=viorng files=4
time=2026-08-24T13:12:26.194Z level=INFO msg="guestfs exec" bin=guestfish args="[--remote=139]" scriptLines=2 script="-mkdir-p /Windows/Drivers/VirtIO\n-upload /usr/share/virtio-win/drivers/by-os/amd64/2k19/vioscsi.inf /Windows/Drivers/VirtIO/vioscsi.inf"
time=2026-08-24T13:12:26.256Z level=INFO msg="guestfs exec ok" bin=guestfish duration=62ms outputBytes=0 output=""
time=2026-08-24T13:12:26.256Z level=INFO msg="guestfs exec" bin=guestfish args="[--remote=139]" scriptLines=2 script="-mkdir-p /Windows/Drivers/VirtIO\n-upload /usr/share/virtio-win/drivers/by-os/amd64/2k19/vioscsi.cat /Windows/Drivers/VirtIO/vioscsi.cat"
time=2026-08-24T13:12:26.310Z level=INFO msg="guestfs exec ok" bin=guestfish duration=54ms outputBytes=0 output=""
time=2026-08-24T13:12:26.310Z level=INFO msg="guestfs exec" bin=guestfish args="[--remote=139]" scriptLines=2 script="-mkdir-p /Windows/Drivers/VirtIO\n-upload /usr/share/virtio-win/drivers/by-os/amd64/2k19/vioscsi.sys /Windows/Drivers/VirtIO/vioscsi.sys"
time=2026-08-24T13:12:26.365Z level=INFO msg="guestfs exec ok" bin=guestfish duration=55ms outputBytes=0 output=""
time=2026-08-24T13:12:26.365Z level=INFO msg="guestfs exec" bin=guestfish args="[--remote=139]" scriptLines=2 script="-mkdir-p /Windows/System32/drivers\n-upload /usr/share/virtio-win/drivers/by-os/amd64/2k19/vioscsi.sys /Windows/System32/drivers/vioscsi.sys"
time=2026-08-24T13:12:26.420Z level=INFO msg="guestfs exec ok" bin=guestfish duration=55ms outputBytes=0 output=""
time=2026-08-24T13:12:26.420Z level=INFO msg="copied driver" name=vioscsi files=3
time=2026-08-24T13:12:26.420Z level=INFO msg="guestfs exec" bin=guestfish args="[--remote=139]" scriptLines=2 script="-mkdir-p /Windows/Drivers/VirtIO\n-upload /usr/share/virtio-win/drivers/by-os/amd64/2k19/vioser.inf /Windows/Drivers/VirtIO/vioser.inf"
time=2026-08-24T13:12:26.481Z level=INFO msg="guestfs exec ok" bin=guestfish duration=60ms outputBytes=0 output=""
time=2026-08-24T13:12:26.481Z level=INFO msg="guestfs exec" bin=guestfish args="[--remote=139]" scriptLines=2 script="-mkdir-p /Windows/Drivers/VirtIO\n-upload /usr/share/virtio-win/drivers/by-os/amd64/2k19/vioser.cat /Windows/Drivers/VirtIO/vioser.cat"
time=2026-08-24T13:12:26.547Z level=INFO msg="guestfs exec ok" bin=guestfish duration=65ms outputBytes=0 output=""
time=2026-08-24T13:12:26.547Z level=INFO msg="guestfs exec" bin=guestfish args="[--remote=139]" scriptLines=2 script="-mkdir-p /Windows/Drivers/VirtIO\n-upload /usr/share/virtio-win/drivers/by-os/amd64/2k19/vioser.sys /Windows/Drivers/VirtIO/vioser.sys"
time=2026-08-24T13:12:26.629Z level=INFO msg="guestfs exec ok" bin=guestfish duration=82ms outputBytes=0 output=""
time=2026-08-24T13:12:26.629Z level=INFO msg="copied driver" name=vioser files=3
time=2026-08-24T13:12:26.629Z level=INFO msg="guestfs exec" bin=guestfish args="[--remote=139]" scriptLines=2 script="-mkdir-p /Windows/Drivers/VirtIO\n-upload /usr/share/virtio-win/drivers/by-os/amd64/2k19/viosock.inf /Windows/Drivers/VirtIO/viosock.inf"
time=2026-08-24T13:12:26.698Z level=INFO msg="guestfs exec ok" bin=guestfish duration=69ms outputBytes=0 output=""
time=2026-08-24T13:12:26.699Z level=INFO msg="guestfs exec" bin=guestfish args="[--remote=139]" scriptLines=2 script="-mkdir-p /Windows/Drivers/VirtIO\n-upload /usr/share/virtio-win/drivers/by-os/amd64/2k19/viosock.cat /Windows/Drivers/VirtIO/viosock.cat"
time=2026-08-24T13:12:26.753Z level=INFO msg="guestfs exec ok" bin=guestfish duration=55ms outputBytes=0 output=""
time=2026-08-24T13:12:26.756Z level=INFO msg="guestfs exec" bin=guestfish args="[--remote=139]" scriptLines=2 script="-mkdir-p /Windows/Drivers/VirtIO\n-upload /usr/share/virtio-win/drivers/by-os/amd64/2k19/viosock.sys /Windows/Drivers/VirtIO/viosock.sys"
time=2026-08-24T13:12:26.825Z level=INFO msg="guestfs exec ok" bin=guestfish duration=70ms outputBytes=0 output=""
time=2026-08-24T13:12:26.826Z level=INFO msg="guestfs exec" bin=guestfish args="[--remote=139]" scriptLines=2 script="-mkdir-p /Windows/Drivers/VirtIO\n-upload /usr/share/virtio-win/drivers/by-os/amd64/2k19/viosocklib_x64.dll /Windows/Drivers/VirtIO/viosocklib_x64.dll"
time=2026-08-24T13:12:26.879Z level=INFO msg="guestfs exec ok" bin=guestfish duration=53ms outputBytes=0 output=""
time=2026-08-24T13:12:26.879Z level=INFO msg="guestfs exec" bin=guestfish args="[--remote=139]" scriptLines=2 script="-mkdir-p /Windows/Drivers/VirtIO\n-upload /usr/share/virtio-win/drivers/by-os/amd64/2k19/viosocklib_x86.dll /Windows/Drivers/VirtIO/viosocklib_x86.dll"
time=2026-08-24T13:12:26.936Z level=INFO msg="guestfs exec ok" bin=guestfish duration=57ms outputBytes=0 output=""
time=2026-08-24T13:12:26.936Z level=INFO msg="guestfs exec" bin=guestfish args="[--remote=139]" scriptLines=2 script="-mkdir-p /Windows/Drivers/VirtIO\n-upload /usr/share/virtio-win/drivers/by-os/amd64/2k19/viosockwspsvc.exe /Windows/Drivers/VirtIO/viosockwspsvc.exe"
time=2026-08-24T13:12:26.990Z level=INFO msg="guestfs exec ok" bin=guestfish duration=54ms outputBytes=0 output=""
time=2026-08-24T13:12:26.990Z level=INFO msg="copied driver" name=viosock files=6
time=2026-08-24T13:12:26.991Z level=INFO msg="guestfs exec" bin=guestfish args="[--remote=139]" scriptLines=2 script="-mkdir-p /Windows/Drivers/VirtIO\n-upload /usr/share/virtio-win/drivers/by-os/amd64/2k19/viostor.inf /Windows/Drivers/VirtIO/viostor.inf"
time=2026-08-24T13:12:27.048Z level=INFO msg="guestfs exec ok" bin=guestfish duration=58ms outputBytes=0 output=""
time=2026-08-24T13:12:27.049Z level=INFO msg="guestfs exec" bin=guestfish args="[--remote=139]" scriptLines=2 script="-mkdir-p /Windows/Drivers/VirtIO\n-upload /usr/share/virtio-win/drivers/by-os/amd64/2k19/viostor.cat /Windows/Drivers/VirtIO/viostor.cat"
time=2026-08-24T13:12:27.097Z level=INFO msg="guestfs exec ok" bin=guestfish duration=48ms outputBytes=0 output=""
time=2026-08-24T13:12:27.097Z level=INFO msg="guestfs exec" bin=guestfish args="[--remote=139]" scriptLines=2 script="-mkdir-p /Windows/Drivers/VirtIO\n-upload /usr/share/virtio-win/drivers/by-os/amd64/2k19/viostor.sys /Windows/Drivers/VirtIO/viostor.sys"
time=2026-08-24T13:12:27.152Z level=INFO msg="guestfs exec ok" bin=guestfish duration=55ms outputBytes=0 output=""
time=2026-08-24T13:12:27.152Z level=INFO msg="guestfs exec" bin=guestfish args="[--remote=139]" scriptLines=2 script="-mkdir-p /Windows/System32/drivers\n-upload /usr/share/virtio-win/drivers/by-os/amd64/2k19/viostor.sys /Windows/System32/drivers/viostor.sys"
time=2026-08-24T13:12:27.212Z level=INFO msg="guestfs exec ok" bin=guestfish duration=60ms outputBytes=0 output=""
time=2026-08-24T13:12:27.212Z level=INFO msg="copied driver" name=viostor files=3
time=2026-08-24T13:12:27.213Z level=INFO msg="guestfs exec" bin=guestfish args="[--remote=139]" scriptLines=2 script="-mkdir-p /Windows/Drivers/VirtIO\n-upload /usr/share/virtio-win/guest-agent/qemu-ga-x86_64.msi /Windows/Drivers/VirtIO/qemu-ga-x86_64.msi"
time=2026-08-24T13:12:27.456Z level=INFO msg="guestfs exec ok" bin=guestfish duration=243ms outputBytes=0 output=""
time=2026-08-24T13:12:27.456Z level=INFO msg="copied driver" name=qemu-ga files=1
time=2026-08-24T13:12:27.461Z level=INFO msg="registered driver" driver=viostor registrar=driverdb
time=2026-08-24T13:12:27.465Z level=INFO msg="registered driver" driver=vioscsi registrar=driverdb
time=2026-08-24T13:12:27.467Z level=INFO msg="updated DevicePath" path="%SystemRoot%\\inf\x00;%SystemRoot%\\Drivers\\VirtIO"
time=2026-08-24T13:12:27.467Z level=INFO msg="disabling hypervisor services" plugins="[hyperv vmware nutanix virtualbox]"
time=2026-08-24T13:12:27.470Z level=INFO msg="running hypervisor service disable" name=hyperv
time=2026-08-24T13:12:27.475Z level=INFO msg="disabled service" service=vmicheartbeat
time=2026-08-24T13:12:27.479Z level=INFO msg="disabled service" service=vmicshutdown
time=2026-08-24T13:12:27.484Z level=INFO msg="disabled service" service=vmicvss
time=2026-08-24T13:12:27.489Z level=INFO msg="disabled service" service=vmictimesync
time=2026-08-24T13:12:27.494Z level=INFO msg="disabled service" service=vmicrdv
time=2026-08-24T13:12:27.499Z level=INFO msg="disabled service" service=vmicguestinterface
time=2026-08-24T13:12:27.504Z level=INFO msg="disabled service" service=vmickvpexchange
time=2026-08-24T13:12:27.510Z level=INFO msg="disabled service" service=vmicvmsession
time=2026-08-24T13:12:27.518Z level=INFO msg="disabled service" service=storflt
time=2026-08-24T13:12:27.523Z level=INFO msg="disabled Hyper-V time provider" path=ControlSet001\Services\W32Time\TimeProviders\VMICTimeProvider
time=2026-08-24T13:12:27.523Z level=INFO msg="hypervisor service disable complete" name=hyperv
time=2026-08-24T13:12:27.528Z level=INFO msg="running hypervisor service disable" name=vmware
time=2026-08-24T13:12:27.533Z level=INFO msg="disabled service" service=VMTools
time=2026-08-24T13:12:27.537Z level=INFO msg="disabled service" service=VGAuthService
time=2026-08-24T13:12:27.546Z level=INFO msg="disabled service" service=vm3dservice
time=2026-08-24T13:12:27.551Z level=INFO msg="hypervisor service disable complete" name=vmware
time=2026-08-24T13:12:27.564Z level=INFO msg="guestfs exec" bin=guestfish args="[--remote=139]" scriptLines=1 script="-exists \"/Program Files/Nutanix\""
time=2026-08-24T13:12:27.600Z level=INFO msg="guestfs exec ok" bin=guestfish duration=36ms outputBytes=6 output=false
time=2026-08-24T13:12:27.600Z level=INFO msg="guestfs exec" bin=guestfish args="[--remote=139]" scriptLines=1 script="-exists \"/Program Files (x86)/Nutanix\""
time=2026-08-24T13:12:27.637Z level=INFO msg="guestfs exec ok" bin=guestfish duration=36ms outputBytes=6 output=false
time=2026-08-24T13:12:27.659Z level=INFO msg="guestfs exec" bin=guestfish args="[--remote=139]" scriptLines=1 script="-exists \"/Program Files/Oracle/VirtualBox Guest Additions\""
time=2026-08-24T13:12:27.704Z level=INFO msg="guestfs exec ok" bin=guestfish duration=46ms outputBytes=6 output=false
time=2026-08-24T13:12:27.704Z level=INFO msg="guestfs exec" bin=guestfish args="[--remote=139]" scriptLines=1 script="-mkdir-p \"/Program Files/Guestfs/Firstboot/scripts\""
time=2026-08-24T13:12:27.740Z level=INFO msg="guestfs exec ok" bin=guestfish duration=35ms outputBytes=0 output=""
time=2026-08-24T13:12:27.740Z level=INFO msg="running firstboot contributors" count=3 version=win10
time=2026-08-24T13:12:27.740Z level=INFO msg="running firstboot contributor" name=install-virtio-drivers priority=2000
time=2026-08-24T13:12:27.740Z level=INFO msg="guestfs exec" bin=guestfish args="[--remote=139]" scriptLines=1 script="-mkdir-p \"/Program Files/Guestfs/Firstboot/scripts\""
time=2026-08-24T13:12:27.777Z level=INFO msg="guestfs exec ok" bin=guestfish duration=37ms outputBytes=0 output=""
time=2026-08-24T13:12:27.777Z level=INFO msg="guestfs exec" bin=guestfish args="[--remote=139]" scriptLines=3 script="-mkdir-p \"/Program Files/Guestfs/Firstboot/scripts\"\n-upload /tmp/kc-gfs-write-3095534514 \"/Program Files/Guestfs/Firstboot/scripts/2000-install-virtio-drivers.ps1\"\n-chmod 0644 \"/Program Files/Guestfs/Firstboot/scripts/2000-install-virtio-drivers.ps1\""
time=2026-08-24T13:12:27.832Z level=INFO msg="guestfs exec ok" bin=guestfish duration=55ms outputBytes=0 output=""
time=2026-08-24T13:12:27.832Z level=INFO msg="wrote firstboot script" name=install-virtio-drivers priority=2000
time=2026-08-24T13:12:27.832Z level=INFO msg="running firstboot contributor" name=install-qemu-ga priority=3000
time=2026-08-24T13:12:27.832Z level=INFO msg="guestfs exec" bin=guestfish args="[--remote=139]" scriptLines=1 script="-mkdir-p \"/Program Files/Guestfs/Firstboot/scripts\""
time=2026-08-24T13:12:27.866Z level=INFO msg="guestfs exec ok" bin=guestfish duration=34ms outputBytes=0 output=""
time=2026-08-24T13:12:27.867Z level=INFO msg="guestfs exec" bin=guestfish args="[--remote=139]" scriptLines=3 script="-mkdir-p \"/Program Files/Guestfs/Firstboot/scripts\"\n-upload /tmp/kc-gfs-write-3851854289 \"/Program Files/Guestfs/Firstboot/scripts/3000-install-qemu-ga.ps1\"\n-chmod 0644 \"/Program Files/Guestfs/Firstboot/scripts/3000-install-qemu-ga.ps1\""
time=2026-08-24T13:12:27.918Z level=INFO msg="guestfs exec ok" bin=guestfish duration=51ms outputBytes=0 output=""
time=2026-08-24T13:12:27.918Z level=INFO msg="wrote firstboot script" name=install-qemu-ga priority=3000
time=2026-08-24T13:12:27.918Z level=INFO msg="running firstboot contributor" name=disk-onliner priority=4000
time=2026-08-24T13:12:27.918Z level=INFO msg="guestfs exec" bin=guestfish args="[--remote=139]" scriptLines=1 script="-mkdir-p \"/Program Files/Guestfs/Firstboot/scripts\""
time=2026-08-24T13:12:27.956Z level=INFO msg="guestfs exec ok" bin=guestfish duration=37ms outputBytes=0 output=""
time=2026-08-24T13:12:27.956Z level=INFO msg="guestfs exec" bin=guestfish args="[--remote=139]" scriptLines=3 script="-mkdir-p \"/Program Files/Guestfs/Firstboot/scripts\"\n-upload /tmp/kc-gfs-write-3309304916 \"/Program Files/Guestfs/Firstboot/scripts/4000-disk-onliner.ps1\"\n-chmod 0644 \"/Program Files/Guestfs/Firstboot/scripts/4000-disk-onliner.ps1\""
time=2026-08-24T13:12:28.012Z level=INFO msg="guestfs exec ok" bin=guestfish duration=55ms outputBytes=0 output=""
time=2026-08-24T13:12:28.012Z level=INFO msg="wrote firstboot script" name=disk-onliner priority=4000
time=2026-08-24T13:12:28.012Z level=INFO msg="guestfs exec" bin=guestfish args="[--remote=139]" scriptLines=3 script="-mkdir-p \"/Program Files/Guestfs/Firstboot\"\n-upload /tmp/kc-gfs-write-3779815253 \"/Program Files/Guestfs/Firstboot/firstboot.bat\"\n-chmod 0644 \"/Program Files/Guestfs/Firstboot/firstboot.bat\""
time=2026-08-24T13:12:28.071Z level=INFO msg="guestfs exec ok" bin=guestfish duration=59ms outputBytes=0 output=""
time=2026-08-24T13:12:28.072Z level=INFO msg="guestfs exec" bin=guestfish args="[--remote=139]" scriptLines=1 script="-exists \"/Program Files/Guestfs\""
time=2026-08-24T13:12:28.111Z level=INFO msg="guestfs exec ok" bin=guestfish duration=39ms outputBytes=5 output=true
time=2026-08-24T13:12:28.111Z level=INFO msg="guestfs exec" bin=guestfish args="[--remote=139]" scriptLines=1 script="-exists \"/Program Files/Guestfs\""
time=2026-08-24T13:12:28.143Z level=INFO msg="guestfs exec ok" bin=guestfish duration=32ms outputBytes=5 output=true
time=2026-08-24T13:12:28.143Z level=INFO msg="guestfs exec" bin=guestfish args="[--remote=139]" scriptLines=1 script="-is-dir \"/Program Files/Guestfs\""
time=2026-08-24T13:12:28.171Z level=INFO msg="guestfs exec ok" bin=guestfish duration=28ms outputBytes=5 output=true
time=2026-08-24T13:12:28.172Z level=INFO msg="guestfs exec" bin=guestfish args="[--remote=139]" scriptLines=1 script="-chmod 0755 \"/Program Files/Guestfs\""
time=2026-08-24T13:12:28.201Z level=INFO msg="guestfs exec ok" bin=guestfish duration=29ms outputBytes=0 output=""
time=2026-08-24T13:12:28.201Z level=INFO msg="guestfs exec" bin=guestfish args="[--remote=139]" scriptLines=1 script="-is-dir \"/Program Files/Guestfs\""
time=2026-08-24T13:12:28.235Z level=INFO msg="guestfs exec ok" bin=guestfish duration=34ms outputBytes=5 output=true
time=2026-08-24T13:12:28.235Z level=INFO msg="guestfs exec" bin=guestfish args="[--remote=139]" scriptLines=1 script="-ll \"/Program Files/Guestfs\""
time=2026-08-24T13:12:28.275Z level=INFO msg="guestfs exec ok" bin=guestfish duration=40ms outputBytes=147 output="total 4\ndrwxrwxrwx 1 root root    0 Aug 24 13:12 .\ndrwxrwxrwx 1 root root 4096 Aug 24 13:12 ..\ndrwxrwxrwx 1 root root  256 Aug 24 13:12 Firstboot"
time=2026-08-24T13:12:28.275Z level=INFO msg="guestfs exec" bin=guestfish args="[--remote=139]" scriptLines=1 script="-exists \"/Program Files/Guestfs/Firstboot\""
time=2026-08-24T13:12:28.306Z level=INFO msg="guestfs exec ok" bin=guestfish duration=30ms outputBytes=5 output=true
time=2026-08-24T13:12:28.306Z level=INFO msg="guestfs exec" bin=guestfish args="[--remote=139]" scriptLines=1 script="-is-dir \"/Program Files/Guestfs/Firstboot\""
time=2026-08-24T13:12:28.337Z level=INFO msg="guestfs exec ok" bin=guestfish duration=31ms outputBytes=5 output=true
time=2026-08-24T13:12:28.337Z level=INFO msg="guestfs exec" bin=guestfish args="[--remote=139]" scriptLines=1 script="-chmod 0755 \"/Program Files/Guestfs/Firstboot\""
time=2026-08-24T13:12:28.366Z level=INFO msg="guestfs exec ok" bin=guestfish duration=29ms outputBytes=0 output=""
time=2026-08-24T13:12:28.366Z level=INFO msg="guestfs exec" bin=guestfish args="[--remote=139]" scriptLines=1 script="-is-dir \"/Program Files/Guestfs/Firstboot\""
time=2026-08-24T13:12:28.396Z level=INFO msg="guestfs exec ok" bin=guestfish duration=30ms outputBytes=5 output=true
time=2026-08-24T13:12:28.397Z level=INFO msg="guestfs exec" bin=guestfish args="[--remote=139]" scriptLines=1 script="-ll \"/Program Files/Guestfs/Firstboot\""
time=2026-08-24T13:12:28.429Z level=INFO msg="guestfs exec ok" bin=guestfish duration=32ms outputBytes=196 output="total 1\ndrwxrwxrwx 1 root root 256 Aug 24 13:12 .\ndrwxrwxrwx 1 root root   0 Aug 24 13:12 ..\n-rwxrwxrwx 1 root root 502 Aug 24 13:12 firstboot.bat\ndrwxrwxrwx 1 root root 472 Aug 24 13:12 scripts"
time=2026-08-24T13:12:28.429Z level=INFO msg="guestfs exec" bin=guestfish args="[--remote=139]" scriptLines=1 script="-exists \"/Program Files/Guestfs/Firstboot/firstboot.bat\""
time=2026-08-24T13:12:28.460Z level=INFO msg="guestfs exec ok" bin=guestfish duration=31ms outputBytes=5 output=true
time=2026-08-24T13:12:28.460Z level=INFO msg="guestfs exec" bin=guestfish args="[--remote=139]" scriptLines=1 script="-is-dir \"/Program Files/Guestfs/Firstboot/firstboot.bat\""
time=2026-08-24T13:12:28.496Z level=INFO msg="guestfs exec ok" bin=guestfish duration=36ms outputBytes=6 output=false
time=2026-08-24T13:12:28.496Z level=INFO msg="guestfs exec" bin=guestfish args="[--remote=139]" scriptLines=1 script="-chmod 0644 \"/Program Files/Guestfs/Firstboot/firstboot.bat\""
time=2026-08-24T13:12:28.526Z level=INFO msg="guestfs exec ok" bin=guestfish duration=30ms outputBytes=0 output=""
time=2026-08-24T13:12:28.526Z level=INFO msg="guestfs exec" bin=guestfish args="[--remote=139]" scriptLines=1 script="-exists \"/Program Files/Guestfs/Firstboot/scripts\""
time=2026-08-24T13:12:28.560Z level=INFO msg="guestfs exec ok" bin=guestfish duration=34ms outputBytes=5 output=true
time=2026-08-24T13:12:28.560Z level=INFO msg="guestfs exec" bin=guestfish args="[--remote=139]" scriptLines=1 script="-is-dir \"/Program Files/Guestfs/Firstboot/scripts\""
time=2026-08-24T13:12:28.599Z level=INFO msg="guestfs exec ok" bin=guestfish duration=39ms outputBytes=5 output=true
time=2026-08-24T13:12:28.599Z level=INFO msg="guestfs exec" bin=guestfish args="[--remote=139]" scriptLines=1 script="-chmod 0755 \"/Program Files/Guestfs/Firstboot/scripts\""
time=2026-08-24T13:12:28.642Z level=INFO msg="guestfs exec ok" bin=guestfish duration=43ms outputBytes=0 output=""
time=2026-08-24T13:12:28.642Z level=INFO msg="guestfs exec" bin=guestfish args="[--remote=139]" scriptLines=1 script="-is-dir \"/Program Files/Guestfs/Firstboot/scripts\""
time=2026-08-24T13:12:28.679Z level=INFO msg="guestfs exec ok" bin=guestfish duration=37ms outputBytes=5 output=true
time=2026-08-24T13:12:28.679Z level=INFO msg="guestfs exec" bin=guestfish args="[--remote=139]" scriptLines=1 script="-ll \"/Program Files/Guestfs/Firstboot/scripts\""
time=2026-08-24T13:12:28.717Z level=INFO msg="guestfs exec ok" bin=guestfish duration=38ms outputBytes=369 output="total 9\ndrwxrwxrwx 1 root root  472 Aug 24 13:12 .\ndrwxrwxrwx 1 root root  256 Aug 24 13:12 ..\n-rwxrwxrwx 1 root root  717 Aug 24 13:12 0010-vmware-msi-uninstall.ps1\n-rwxrwxrwx 1 root root 1233 Aug 24 13:12 2000-install-virtio-drivers.ps1\n-rwxrwxrwx 1 root root  204 Aug 24 13:12 3000-install-qemu-ga.ps1\n-rwxrwxrwx 1 root root  164 Aug 24 13:12 4000-disk-onliner.ps1"
time=2026-08-24T13:12:28.717Z level=INFO msg="guestfs exec" bin=guestfish args="[--remote=139]" scriptLines=1 script="-exists \"/Program Files/Guestfs/Firstboot/scripts/0010-vmware-msi-uninstall.ps1\""
time=2026-08-24T13:12:28.750Z level=INFO msg="guestfs exec ok" bin=guestfish duration=33ms outputBytes=5 output=true
time=2026-08-24T13:12:28.750Z level=INFO msg="guestfs exec" bin=guestfish args="[--remote=139]" scriptLines=1 script="-is-dir \"/Program Files/Guestfs/Firstboot/scripts/0010-vmware-msi-uninstall.ps1\""
time=2026-08-24T13:12:28.786Z level=INFO msg="guestfs exec ok" bin=guestfish duration=35ms outputBytes=6 output=false
time=2026-08-24T13:12:28.786Z level=INFO msg="guestfs exec" bin=guestfish args="[--remote=139]" scriptLines=1 script="-chmod 0644 \"/Program Files/Guestfs/Firstboot/scripts/0010-vmware-msi-uninstall.ps1\""
time=2026-08-24T13:12:28.817Z level=INFO msg="guestfs exec ok" bin=guestfish duration=31ms outputBytes=0 output=""
time=2026-08-24T13:12:28.817Z level=INFO msg="guestfs exec" bin=guestfish args="[--remote=139]" scriptLines=1 script="-exists \"/Program Files/Guestfs/Firstboot/scripts/2000-install-virtio-drivers.ps1\""
time=2026-08-24T13:12:28.851Z level=INFO msg="guestfs exec ok" bin=guestfish duration=34ms outputBytes=5 output=true
time=2026-08-24T13:12:28.851Z level=INFO msg="guestfs exec" bin=guestfish args="[--remote=139]" scriptLines=1 script="-is-dir \"/Program Files/Guestfs/Firstboot/scripts/2000-install-virtio-drivers.ps1\""
time=2026-08-24T13:12:28.884Z level=INFO msg="guestfs exec ok" bin=guestfish duration=33ms outputBytes=6 output=false
time=2026-08-24T13:12:28.884Z level=INFO msg="guestfs exec" bin=guestfish args="[--remote=139]" scriptLines=1 script="-chmod 0644 \"/Program Files/Guestfs/Firstboot/scripts/2000-install-virtio-drivers.ps1\""
time=2026-08-24T13:12:28.914Z level=INFO msg="guestfs exec ok" bin=guestfish duration=30ms outputBytes=0 output=""
time=2026-08-24T13:12:28.914Z level=INFO msg="guestfs exec" bin=guestfish args="[--remote=139]" scriptLines=1 script="-exists \"/Program Files/Guestfs/Firstboot/scripts/3000-install-qemu-ga.ps1\""
time=2026-08-24T13:12:28.946Z level=INFO msg="guestfs exec ok" bin=guestfish duration=32ms outputBytes=5 output=true
time=2026-08-24T13:12:28.946Z level=INFO msg="guestfs exec" bin=guestfish args="[--remote=139]" scriptLines=1 script="-is-dir \"/Program Files/Guestfs/Firstboot/scripts/3000-install-qemu-ga.ps1\""
time=2026-08-24T13:12:28.981Z level=INFO msg="guestfs exec ok" bin=guestfish duration=35ms outputBytes=6 output=false
time=2026-08-24T13:12:28.981Z level=INFO msg="guestfs exec" bin=guestfish args="[--remote=139]" scriptLines=1 script="-chmod 0644 \"/Program Files/Guestfs/Firstboot/scripts/3000-install-qemu-ga.ps1\""
time=2026-08-24T13:12:29.018Z level=INFO msg="guestfs exec ok" bin=guestfish duration=37ms outputBytes=0 output=""
time=2026-08-24T13:12:29.018Z level=INFO msg="guestfs exec" bin=guestfish args="[--remote=139]" scriptLines=1 script="-exists \"/Program Files/Guestfs/Firstboot/scripts/4000-disk-onliner.ps1\""
time=2026-08-24T13:12:29.066Z level=INFO msg="guestfs exec ok" bin=guestfish duration=47ms outputBytes=5 output=true
time=2026-08-24T13:12:29.066Z level=INFO msg="guestfs exec" bin=guestfish args="[--remote=139]" scriptLines=1 script="-is-dir \"/Program Files/Guestfs/Firstboot/scripts/4000-disk-onliner.ps1\""
time=2026-08-24T13:12:29.108Z level=INFO msg="guestfs exec ok" bin=guestfish duration=42ms outputBytes=6 output=false
time=2026-08-24T13:12:29.108Z level=INFO msg="guestfs exec" bin=guestfish args="[--remote=139]" scriptLines=1 script="-chmod 0644 \"/Program Files/Guestfs/Firstboot/scripts/4000-disk-onliner.ps1\""
time=2026-08-24T13:12:29.150Z level=INFO msg="guestfs exec ok" bin=guestfish duration=42ms outputBytes=0 output=""
time=2026-08-24T13:12:29.388Z level=INFO msg="guestfs exec" bin=guestfish args="[--remote=139]" scriptLines=2 script="-mkdir-p /Windows/System32/config\n-upload /tmp/kc-checkout-SYSTEM-436689183 /Windows/System32/config/SYSTEM"
time=2026-08-24T13:12:29.750Z level=INFO msg="guestfs exec ok" bin=guestfish duration=361ms outputBytes=0 output=""
time=2026-08-24T13:12:29.983Z level=INFO msg="guestfs exec" bin=guestfish args="[--remote=139]" scriptLines=2 script="-mkdir-p /Windows/System32/config\n-upload /tmp/kc-checkout-SOFTWARE-2032798595 /Windows/System32/config/SOFTWARE"
time=2026-08-24T13:12:31.178Z level=INFO msg="guestfs exec ok" bin=guestfish duration=1.195s outputBytes=0 output=""
time=2026-08-24T13:12:31.178Z level=INFO msg="pipeline complete"
time=2026-08-24T13:12:31.180Z level=INFO msg=exec bin=/usr/lib/kc-utils/kc-finalize args="[--input /var/tmp/v2v/pipeline.json --output /var/tmp/v2v/pipeline.json --mount-root /tmp/kc-guest --log-level info --backend guestfs]"
time=2026-08-24T13:12:31.185Z level=INFO msg="guestfish adopting shared session" pid=139 guestfishPID=139 shared=true
time=2026-08-24T13:12:31.185Z level=INFO msg="guestfish ensureLaunched" pid=139 disks=4 paths="[/var/tmp/v2v/overlay-0-block0.qcow2 /var/tmp/v2v/overlay-1-block1.qcow2 /var/tmp/v2v/overlay-2-block2.qcow2 /var/tmp/v2v/overlay-3-block3.qcow2]" HOME=/var/tmp LIBGUESTFS_BACKEND=direct socket=/tmp/.guestfish-107/socket-139 sessionAlive=true
time=2026-08-24T13:12:31.185Z level=INFO msg="guestfs exec" bin=guestfish args="[--remote=139]" scriptLines=1 script=-list-devices
time=2026-08-24T13:12:31.285Z level=INFO msg="guestfs exec ok" bin=guestfish duration=100ms outputBytes=36 output="/dev/sda\n/dev/sdb\n/dev/sdc\n/dev/sdd"
time=2026-08-24T13:12:31.285Z level=INFO msg="guestfish ready probe" pid=139 ready=true devices="/dev/sda\n/dev/sdb\n/dev/sdc\n/dev/sdd"
time=2026-08-24T13:12:31.285Z level=INFO msg="guestfish session already launched" pid=139 devices="/dev/sda\n/dev/sdb\n/dev/sdc\n/dev/sdd"
time=2026-08-24T13:12:31.285Z level=INFO msg="running customizations" plugins="[dynamicscriptslinux dynamicscriptswindows native]"
time=2026-08-24T13:12:31.285Z level=INFO msg="running customizer" name=dynamicscriptslinux
time=2026-08-24T13:12:31.285Z level=INFO msg="customizer complete" name=dynamicscriptslinux
time=2026-08-24T13:12:31.285Z level=INFO msg="running customizer" name=dynamicscriptswindows
time=2026-08-24T13:12:31.285Z level=INFO msg="customizer complete" name=dynamicscriptswindows
time=2026-08-24T13:12:31.285Z level=INFO msg="running customizer" name=native
time=2026-08-24T13:12:31.285Z level=INFO msg="guestfs exec" bin=guestfish args="[--remote=139]" scriptLines=1 script=-inspect-os
time=2026-08-24T13:12:35.960Z level=INFO msg="guestfs exec ok" bin=guestfish duration=4.675s outputBytes=10 output=/dev/sda2
time=2026-08-24T13:12:35.960Z level=INFO msg="guestfs exec" bin=guestfish args="[--remote=139]" scriptLines=1 script="-inspect-get-mountpoints /dev/sda2"
time=2026-08-24T13:12:36.008Z level=INFO msg="guestfs exec ok" bin=guestfish duration=48ms outputBytes=13 output="/: /dev/sda2"
time=2026-08-24T13:12:36.008Z level=INFO msg="discovered mount points via inspection" root=/dev/sda2 preferred=/dev/sda2 count=1
time=2026-08-24T13:12:36.008Z level=INFO msg="guestfs exec" bin=guestfish args="[--remote=139]" scriptLines=2 script="-umount-all\n-mount /dev/sda2 /"
time=2026-08-24T13:12:36.075Z level=INFO msg="guestfs exec ok" bin=guestfish duration=67ms outputBytes=0 output=""
time=2026-08-24T13:12:36.075Z level=INFO msg="guestfs exec" bin=guestfish args="[--remote=139]" scriptLines=1 script="-exists /etc/selinux"
time=2026-08-24T13:12:36.110Z level=INFO msg="guestfs exec ok" bin=guestfish duration=35ms outputBytes=6 output=false
time=2026-08-24T13:12:36.110Z level=INFO msg="customizer complete" name=native
time=2026-08-24T13:12:36.110Z level=INFO msg="syncing guest tree to disks" backend=guestfs
time=2026-08-24T13:12:36.110Z level=INFO msg="trimming filesystems" backend=guestfs mounts=1
time=2026-08-24T13:12:36.111Z level=INFO msg="guestfs exec" bin=guestfish args="[--remote=139]" scriptLines=1 script="-fstrim /"
time=2026-08-24T13:12:36.580Z level=INFO msg="guestfs exec ok" bin=guestfish duration=470ms outputBytes=0 output=""
time=2026-08-24T13:12:36.580Z level=INFO msg="unmounting guest filesystems" backend=guestfs mountRoot=/tmp/kc-guest
time=2026-08-24T13:12:36.580Z level=INFO msg="guestfs exec" bin=guestfish args="[--remote=139]" scriptLines=1 script=-umount-all
time=2026-08-24T13:12:36.618Z level=INFO msg="guestfs exec ok" bin=guestfish duration=38ms outputBytes=0 output=""
time=2026-08-24T13:12:36.618Z level=INFO msg="checking filesystems" backend=guestfs
time=2026-08-24T13:12:36.618Z level=INFO msg="guestfs exec" bin=guestfish args="[--remote=139 -- ntfsfix /dev/sda1]" stdinBytes=0
time=2026-08-24T13:12:36.667Z level=INFO msg="guestfs exec ok" bin=guestfish duration=48ms outputBytes=0
time=2026-08-24T13:12:36.667Z level=INFO msg="guestfs exec" bin=guestfish args="[--remote=139 -- ntfsfix /dev/sda2]" stdinBytes=0
time=2026-08-24T13:12:36.717Z level=INFO msg="guestfs exec ok" bin=guestfish duration=51ms outputBytes=0
time=2026-08-24T13:12:36.718Z level=INFO msg="guestfs exec" bin=guestfish args="[--remote=139 -- ntfsfix /dev/sdb1]" stdinBytes=0
time=2026-08-24T13:12:36.766Z level=INFO msg="guestfs exec ok" bin=guestfish duration=49ms outputBytes=0
time=2026-08-24T13:12:36.766Z level=INFO msg="guestfs exec" bin=guestfish args="[--remote=139 -- ntfsfix /dev/sdc1]" stdinBytes=0
time=2026-08-24T13:12:36.816Z level=INFO msg="guestfs exec ok" bin=guestfish duration=50ms outputBytes=0
time=2026-08-24T13:12:36.816Z level=INFO msg="guestfs exec" bin=guestfish args="[--remote=139 -- ntfsfix /dev/sdd1]" stdinBytes=0
time=2026-08-24T13:12:36.860Z level=INFO msg="guestfs exec ok" bin=guestfish duration=44ms outputBytes=0
time=2026-08-24T13:12:36.860Z level=INFO msg="releasing guest devices" backend=guestfs mountRoot=/tmp/kc-guest
time=2026-08-24T13:12:36.860Z level=INFO msg="pipeline complete"
time=2026-08-24T13:12:36.861Z level=INFO msg="guestfish shared listener exit" pid=139
time=2026-08-24T13:12:36.861Z level=INFO msg="guestfs exec" bin=guestfish args="[--remote=139 -- exit]" stdinBytes=0
time=2026-08-24T13:12:36.979Z level=INFO msg="guestfs exec ok" bin=guestfish duration=117ms outputBytes=0
time=2026-08-24T13:12:36.979Z level=INFO msg="committing qcow2 overlay" overlay=/var/tmp/v2v/overlay-0-block0.qcow2 backing=/dev/block0
Image committed.
time=2026-08-24T13:12:37.627Z level=INFO msg="committing qcow2 overlay" overlay=/var/tmp/v2v/overlay-1-block1.qcow2 backing=/dev/block1
Image committed.
time=2026-08-24T13:12:37.666Z level=INFO msg="committing qcow2 overlay" overlay=/var/tmp/v2v/overlay-2-block2.qcow2 backing=/dev/block2
Image committed.
time=2026-08-24T13:12:37.907Z level=INFO msg="committing qcow2 overlay" overlay=/var/tmp/v2v/overlay-3-block3.qcow2 backing=/dev/block3
Image committed.
time=2026-08-24T13:12:37.947Z level=INFO msg="qcow2 overlays committed" count=4
time=2026-08-24T13:12:37.947Z level=INFO msg="wrote inspection XML" path=/var/tmp/v2v/inspection.xml
time=2026-08-24T13:12:37.947Z level=INFO msg="pipeline output" target_meta="{\n  \"guestcaps\": {\n    \"block_bus\": \"virtio\",\n    \"net_bus\": \"virtio\",\n    \"virtio_rng\": true,\n    \"virtio_balloon\": false,\n    \"virtio_socket\": true,\n    \"isa_pvpanic\": true,\n    \"machine_type\": \"q35\",\n    \"arch\": \"x86_64\",\n    \"virtio_1_0\": true,\n    \"rtc_utc\": false\n  },\n  \"target_buses\": {\n    \"virtio_blk\": [\n      {\n        \"index\": 0,\n        \"source_disk\": 0\n      },\n      {\n        \"index\": 1,\n        \"source_disk\": 1\n      },\n      {\n        \"index\": 2,\n        \"source_disk\": 2\n      },\n      {\n        \"index\": 3,\n        \"source_disk\": 3\n      }\n    ]\n  },\n  \"target_nics\": [\n    {\n      \"mac\": \"00:50:56:97:ed:7a\",\n      \"model\": \"virtio\"\n    }\n  ],\n  \"target_firmware\": \"bios\",\n  \"boot_device\": {\n    \"disk_index\": 0,\n    \"part_index\": 2\n  },\n  \"disks\": [\n    {\n      \"path\": \"/var/tmp/v2v/overlay-0-block0.qcow2\",\n      \"size_bytes\": 0,\n      \"format\": \"raw\",\n      \"partitions\": [\n        {\n          \"index\": 1,\n          \"size_bytes\": 575668224,\n          \"fs_type\": \"ntfs\",\n          \"device_path\": \"/dev/sda1\"\n        },\n        {\n          \"index\": 2,\n          \"size_bytes\": 12307136512,\n          \"fs_type\": \"ntfs\",\n          \"mount_point\": \"/\",\n          \"device_path\": \"/dev/sda2\"\n        }\n      ]\n    },\n    {\n      \"path\": \"/var/tmp/v2v/overlay-1-block1.qcow2\",\n      \"size_bytes\": 0,\n      \"format\": \"raw\",\n      \"partitions\": [\n        {\n          \"index\": 1,\n          \"size_bytes\": 1070596096,\n          \"fs_type\": \"ntfs\",\n          \"device_path\": \"/dev/sdb1\"\n        }\n      ]\n    },\n    {\n      \"path\": \"/var/tmp/v2v/overlay-2-block2.qcow2\",\n      \"size_bytes\": 0,\n      \"format\": \"raw\",\n      \"partitions\": [\n        {\n          \"index\": 1,\n          \"size_bytes\": 2144337920,\n          \"fs_type\": \"ntfs\",\n          \"device_path\": \"/dev/sdc1\"\n        }\n      ]\n    },\n    {\n      \"path\": \"/var/tmp/v2v/overlay-3-block3.qcow2\",\n      \"size_bytes\": 0,\n      \"format\": \"raw\",\n      \"partitions\": [\n        {\n          \"index\": 1,\n          \"size_bytes\": 3218079744,\n          \"fs_type\": \"ntfs\",\n          \"device_path\": \"/dev/sdd1\"\n        }\n      ]\n    }\n  ],\n  \"inspect\": {\n    \"type\": \"windows\",\n    \"distro\": \"windows\",\n    \"major_version\": 10,\n    \"minor_version\": 0,\n    \"arch\": \"x86_64\",\n    \"product_name\": \"Windows Server 2019 Standard\\u0000\"\n  }\n}"
time=2026-08-24T13:12:37.948Z level=INFO msg="starting server" addr=:8080
time=2026-08-24T13:12:40.918Z level=INFO msg="shutdown request received"
