time=2026-08-24T12:58:39.768Z level=INFO msg="copy mode validation" inPlace=false needsCopy=true source=vSphere targets=3 emptyTargets=3 hasEmpty=true
time=2026-08-24T12:58:39.769Z level=INFO msg="linked vSphere CA bundle" src=/etc/secret/cacert dest=/opt/ca-bundle.crt replaced=false
time=2026-08-24T12:58:39.770Z level=INFO msg="disk copy enabled" inPlace=false source=vSphere vm=mtv-func-rhel9
time=2026-08-24T12:58:39.865Z level=INFO msg="loaded vSphere inventory" vm=mtv-func-rhel9 moref=vm-1052 disks=3 nics=1 firmware=uefi guestId=rhel9_64Guest guestName="Red Hat Enterprise Linux 9 (64-bit)"
time=2026-08-24T12:58:39.865Z level=INFO msg="vSphere source disk" index=0 path="[mtv-nfs-rhos-v8] mtv-func-rhel9/mtv-func-rhel9.vmdk"
time=2026-08-24T12:58:39.865Z level=INFO msg="vSphere source disk" index=1 path="[mtv-nfs-rhos-v8] mtv-func-rhel9/mtv-func-rhel9_1.vmdk"
time=2026-08-24T12:58:39.865Z level=INFO msg="vSphere source disk" index=2 path="[mtv-nfs-rhos-v8] mtv-func-rhel9/mtv-func-rhel9_2.vmdk"
time=2026-08-24T12:58:39.869Z level=INFO msg="resolved copy sources" count=3 disks="[[mtv-nfs-rhos-v8] mtv-func-rhel9/mtv-func-rhel9.vmdk [mtv-nfs-rhos-v8] mtv-func-rhel9/mtv-func-rhel9_1.vmdk [mtv-nfs-rhos-v8] mtv-func-rhel9/mtv-func-rhel9_2.vmdk]"
time=2026-08-24T12:58:39.872Z level=INFO msg=exec bin=/usr/lib/kc-utils/kc-copy args="[--input /var/tmp/v2v/copy-input.json --output /var/tmp/v2v/copy-progress.json --log-level info]"
time=2026-08-24T12:58:39.877Z level=INFO msg="discovered PVC targets" count=3
time=2026-08-24T12:58:39.878Z level=INFO msg="copy target" index=0 path=/dev/block0 kind=block empty=true
time=2026-08-24T12:58:39.879Z level=INFO msg="copy target" index=1 path=/dev/block1 kind=block empty=true
time=2026-08-24T12:58:39.880Z level=INFO msg="copy target" index=2 path=/dev/block2 kind=block empty=true
time=2026-08-24T12:58:39.883Z level=INFO msg="NFC disk copy starting" source_disks=3 all_disks=false target_dir="" empty_targets=3 vm=mtv-func-rhel9
time=2026-08-24T12:58:39.982Z level=INFO msg="NFC lease disk" key=/vm-1052/ParaVirtualSCSIController0:0 targetId=disk-0.vmdk size=20401094656 diskPath="[mtv-nfs-rhos-v8] mtv-func-rhel9/mtv-func-rhel9.vmdk"
time=2026-08-24T12:58:39.982Z level=INFO msg="NFC lease disk" key=/vm-1052/ParaVirtualSCSIController0:1 targetId=disk-1.vmdk size=20401094656 diskPath="[mtv-nfs-rhos-v8] mtv-func-rhel9/mtv-func-rhel9_1.vmdk"
time=2026-08-24T12:58:39.982Z level=INFO msg="NFC lease disk" key=/vm-1052/ParaVirtualSCSIController0:2 targetId=disk-2.vmdk size=20401094656 diskPath="[mtv-nfs-rhos-v8] mtv-func-rhel9/mtv-func-rhel9_2.vmdk"
time=2026-08-24T12:58:39.982Z level=INFO msg="NFC export lease acquired" vm=mtv-func-rhel9 disks=3
time=2026-08-24T12:58:39.982Z level=INFO msg="NFC disks selected" selected=3 lease=3 concurrency=3
time=2026-08-24T12:58:39.982Z level=INFO msg="copying disk via NFC" disk=3/3 index=2 source="[mtv-nfs-rhos-v8] mtv-func-rhel9/mtv-func-rhel9_2.vmdk" target=/dev/block2 block=true
time=2026-08-24T12:58:39.982Z level=INFO msg="starting disk download" index=2 source="[mtv-nfs-rhos-v8] mtv-func-rhel9/mtv-func-rhel9_2.vmdk" target=/dev/block2 block=true size=20401094656
time=2026-08-24T12:58:39.982Z level=INFO msg="copying disk via NFC" disk=2/3 index=1 source="[mtv-nfs-rhos-v8] mtv-func-rhel9/mtv-func-rhel9_1.vmdk" target=/dev/block1 block=true
time=2026-08-24T12:58:39.982Z level=INFO msg="copying disk via NFC" disk=1/3 index=0 source="[mtv-nfs-rhos-v8] mtv-func-rhel9/mtv-func-rhel9.vmdk" target=/dev/block0 block=true
time=2026-08-24T12:58:39.982Z level=INFO msg="starting disk download" index=1 source="[mtv-nfs-rhos-v8] mtv-func-rhel9/mtv-func-rhel9_1.vmdk" target=/dev/block1 block=true size=20401094656
time=2026-08-24T12:58:39.982Z level=INFO msg="starting disk download" index=0 source="[mtv-nfs-rhos-v8] mtv-func-rhel9/mtv-func-rhel9.vmdk" target=/dev/block0 block=true size=20401094656
time=2026-08-24T12:58:41.761Z level=INFO msg="disk copy progress" index=1 source="[mtv-nfs-rhos-v8] mtv-func-rhel9/mtv-func-rhel9_1.vmdk" target=/dev/block1 percent=0
time=2026-08-24T12:58:41.868Z level=INFO msg="disk copy progress" index=0 source="[mtv-nfs-rhos-v8] mtv-func-rhel9/mtv-func-rhel9.vmdk" target=/dev/block0 percent=0
time=2026-08-24T12:58:41.870Z level=INFO msg="disk copy progress" index=2 source="[mtv-nfs-rhos-v8] mtv-func-rhel9/mtv-func-rhel9_2.vmdk" target=/dev/block2 percent=0
time=2026-08-24T13:00:09.788Z level=INFO msg="disk download finished" index=1 source="[mtv-nfs-rhos-v8] mtv-func-rhel9/mtv-func-rhel9_1.vmdk" target=/dev/block1 duration=1m30s
time=2026-08-24T13:00:09.790Z level=INFO msg="disk copy recorded" completed=1/3 index=1
time=2026-08-24T13:01:09.704Z level=INFO msg="disk download finished" index=2 source="[mtv-nfs-rhos-v8] mtv-func-rhel9/mtv-func-rhel9_2.vmdk" target=/dev/block2 duration=2m30s
time=2026-08-24T13:01:09.705Z level=INFO msg="disk copy recorded" completed=2/3 index=2
time=2026-08-24T13:02:20.199Z level=INFO msg="disk copy progress" index=0 source="[mtv-nfs-rhos-v8] mtv-func-rhel9/mtv-func-rhel9.vmdk" target=/dev/block0 percent=5
time=2026-08-24T13:03:15.521Z level=INFO msg="disk copy progress" index=0 source="[mtv-nfs-rhos-v8] mtv-func-rhel9/mtv-func-rhel9.vmdk" target=/dev/block0 percent=10
time=2026-08-24T13:04:56.033Z level=INFO msg="disk copy progress" index=0 source="[mtv-nfs-rhos-v8] mtv-func-rhel9/mtv-func-rhel9.vmdk" target=/dev/block0 percent=15
time=2026-08-24T13:05:44.839Z level=INFO msg="disk copy progress" index=0 source="[mtv-nfs-rhos-v8] mtv-func-rhel9/mtv-func-rhel9.vmdk" target=/dev/block0 percent=20
time=2026-08-24T13:07:26.140Z level=INFO msg="disk copy progress" index=0 source="[mtv-nfs-rhos-v8] mtv-func-rhel9/mtv-func-rhel9.vmdk" target=/dev/block0 percent=25
time=2026-08-24T13:08:10.542Z level=INFO msg="disk copy progress" index=0 source="[mtv-nfs-rhos-v8] mtv-func-rhel9/mtv-func-rhel9.vmdk" target=/dev/block0 percent=30
time=2026-08-24T13:08:56.237Z level=INFO msg="disk copy progress" index=0 source="[mtv-nfs-rhos-v8] mtv-func-rhel9/mtv-func-rhel9.vmdk" target=/dev/block0 percent=35
time=2026-08-24T13:09:48.156Z level=INFO msg="disk copy progress" index=0 source="[mtv-nfs-rhos-v8] mtv-func-rhel9/mtv-func-rhel9.vmdk" target=/dev/block0 percent=40
time=2026-08-24T13:10:45.568Z level=INFO msg="disk copy progress" index=0 source="[mtv-nfs-rhos-v8] mtv-func-rhel9/mtv-func-rhel9.vmdk" target=/dev/block0 percent=45
time=2026-08-24T13:11:31.574Z level=INFO msg="disk copy progress" index=0 source="[mtv-nfs-rhos-v8] mtv-func-rhel9/mtv-func-rhel9.vmdk" target=/dev/block0 percent=50
time=2026-08-24T13:12:20.762Z level=INFO msg="disk copy progress" index=0 source="[mtv-nfs-rhos-v8] mtv-func-rhel9/mtv-func-rhel9.vmdk" target=/dev/block0 percent=55
time=2026-08-24T13:13:13.173Z level=INFO msg="disk download finished" index=0 source="[mtv-nfs-rhos-v8] mtv-func-rhel9/mtv-func-rhel9.vmdk" target=/dev/block0 duration=14m33s
time=2026-08-24T13:13:13.174Z level=INFO msg="disk copy recorded" completed=3/3 index=0
time=2026-08-24T13:13:13.187Z level=INFO msg="NFC disk copy complete" disks=3
time=2026-08-24T13:13:13.191Z level=INFO msg="discovered conversion disks" count=3
time=2026-08-24T13:13:13.191Z level=INFO msg="conversion disk" index=0 path=/dev/block0 kind=block
time=2026-08-24T13:13:13.191Z level=INFO msg="conversion disk" index=1 path=/dev/block1 kind=block
time=2026-08-24T13:13:13.191Z level=INFO msg="conversion disk" index=2 path=/dev/block2 kind=block
time=2026-08-24T13:13:13.191Z level=INFO msg="qcow2 overlay enabled" disks=3 workdir=/var/tmp/v2v
time=2026-08-24T13:13:13.191Z level=INFO msg="creating qcow2 overlay" index=0 backing=/dev/block0 overlay=/var/tmp/v2v/overlay-0-block0.qcow2
Formatting '/var/tmp/v2v/overlay-0-block0.qcow2', fmt=qcow2 cluster_size=65536 extended_l2=off compression_type=zlib size=17179869184 backing_file=/dev/block0 backing_fmt=raw lazy_refcounts=off refcount_bits=16
time=2026-08-24T13:13:13.260Z level=INFO msg="creating qcow2 overlay" index=1 backing=/dev/block1 overlay=/var/tmp/v2v/overlay-1-block1.qcow2
Formatting '/var/tmp/v2v/overlay-1-block1.qcow2', fmt=qcow2 cluster_size=65536 extended_l2=off compression_type=zlib size=1073741824 backing_file=/dev/block1 backing_fmt=raw lazy_refcounts=off refcount_bits=16
time=2026-08-24T13:13:13.269Z level=INFO msg="creating qcow2 overlay" index=2 backing=/dev/block2 overlay=/var/tmp/v2v/overlay-2-block2.qcow2
Formatting '/var/tmp/v2v/overlay-2-block2.qcow2', fmt=qcow2 cluster_size=65536 extended_l2=off compression_type=zlib size=2147483648 backing_file=/dev/block2 backing_fmt=raw lazy_refcounts=off refcount_bits=16
time=2026-08-24T13:13:13.277Z level=INFO msg="qcow2 overlays ready" count=3
time=2026-08-24T13:13:13.284Z level=INFO msg="guestfish listen starting" bin=guestfish
time=2026-08-24T13:13:13.482Z level=INFO msg="guestfish listen socket ready" pid=143 socket=/tmp/.guestfish-107/socket-143 bin=guestfish
time=2026-08-24T13:13:13.482Z level=INFO msg="guestfish shared listener started" pid=143
time=2026-08-24T13:13:13.482Z level=INFO msg=exec bin=/usr/lib/kc-utils/kc-prepare args="[--input /var/tmp/v2v/prepare-input.json --output /var/tmp/v2v/pipeline.json --mount-root /tmp/kc-guest --log-level info --backend guestfs]"
time=2026-08-24T13:13:13.499Z level=INFO msg="kc-prepare starting" input=/var/tmp/v2v/prepare-input.json output=/var/tmp/v2v/pipeline.json mountRoot=/tmp/kc-guest backend=guestfs logLevel=info
time=2026-08-24T13:13:13.500Z level=INFO msg="kc-prepare input loaded" disks=3 root=first firmwareHint=uefi sourceType=vsphere
time=2026-08-24T13:13:13.500Z level=INFO msg="opening guest disks" backend=guestfs disks=3 mountRoot=/tmp/kc-guest
time=2026-08-24T13:13:13.500Z level=INFO msg="guestfish adopting shared session" pid=143 guestfishPID=143 shared=true HOME=/var/tmp socket=/tmp/.guestfish-107/socket-143
time=2026-08-24T13:13:13.500Z level=INFO msg="guestfish ensureLaunched" pid=143 disks=3 paths="[/var/tmp/v2v/overlay-0-block0.qcow2 /var/tmp/v2v/overlay-1-block1.qcow2 /var/tmp/v2v/overlay-2-block2.qcow2]" HOME=/var/tmp LIBGUESTFS_BACKEND=direct socket=/tmp/.guestfish-107/socket-143 sessionAlive=true
time=2026-08-24T13:13:13.500Z level=INFO msg="guestfs exec" bin=guestfish args="[--remote=143]" scriptLines=1 script=-list-devices
time=2026-08-24T13:13:13.524Z level=INFO msg="guestfs exec ok" bin=guestfish duration=24ms outputBytes=0 output=""
time=2026-08-24T13:13:13.524Z level=INFO msg="guestfish ready probe" pid=143 ready=false devices=""
time=2026-08-24T13:13:13.524Z level=INFO msg="guestfish launching appliance" pid=143 disks=3 network=false
time=2026-08-24T13:13:13.524Z level=INFO msg="guestfs exec" bin=guestfish args="[--remote=143]" scriptLines=4 script="-add-drive-opts /var/tmp/v2v/overlay-0-block0.qcow2 readonly:false\n-add-drive-opts /var/tmp/v2v/overlay-1-block1.qcow2 readonly:false\n-add-drive-opts /var/tmp/v2v/overlay-2-block2.qcow2 readonly:false\n-run"
time=2026-08-24T13:13:25.093Z level=INFO msg="guestfs exec ok" bin=guestfish duration=11.569s outputBytes=0 output=""
time=2026-08-24T13:13:25.093Z level=INFO msg="guestfish launch script finished" pid=143 sessionAlive=true
time=2026-08-24T13:13:25.093Z level=INFO msg="guestfs exec" bin=guestfish args="[--remote=143]" scriptLines=1 script=-list-devices
time=2026-08-24T13:13:25.145Z level=INFO msg="guestfs exec ok" bin=guestfish duration=52ms outputBytes=27 output="/dev/sda\n/dev/sdb\n/dev/sdc"
time=2026-08-24T13:13:25.145Z level=INFO msg="guestfish ready probe" pid=143 ready=true devices="/dev/sda\n/dev/sdb\n/dev/sdc"
time=2026-08-24T13:13:25.145Z level=INFO msg="guestfish appliance launched" pid=143 disks=3 devices="/dev/sda\n/dev/sdb\n/dev/sdc"
time=2026-08-24T13:13:25.145Z level=INFO msg="guestfs backend setup" disks=3 mountRoot=/tmp/kc-guest LIBGUESTFS_BACKEND=direct paths="[/var/tmp/v2v/overlay-0-block0.qcow2 /var/tmp/v2v/overlay-1-block1.qcow2 /var/tmp/v2v/overlay-2-block2.qcow2]" guestfishPID=143 shared=true
time=2026-08-24T13:13:25.145Z level=INFO msg="guestfs exec" bin=guestfish args="[--remote=143 -- list-devices]" stdinBytes=0
time=2026-08-24T13:13:25.203Z level=INFO msg="guestfs exec ok" bin=guestfish duration=58ms outputBytes=27
time=2026-08-24T13:13:25.204Z level=INFO msg="guestfs exec" bin=guestfish args="[--remote=143 -- list-filesystems]" stdinBytes=0
time=2026-08-24T13:13:26.427Z level=INFO msg="guestfs exec ok" bin=guestfish duration=1.223s outputBytes=130
time=2026-08-24T13:13:26.427Z level=INFO msg="guestfs exec" bin=guestfish args="[--remote=143]" scriptLines=1 script="-blockdev-getsize64 /dev/sda1"
time=2026-08-24T13:13:26.465Z level=INFO msg="guestfs exec ok" bin=guestfish duration=38ms outputBytes=10 output=629145600
time=2026-08-24T13:13:26.465Z level=INFO msg="guestfs exec" bin=guestfish args="[--remote=143]" scriptLines=1 script="-blockdev-getsize64 /dev/sda2"
time=2026-08-24T13:13:26.505Z level=INFO msg="guestfs exec ok" bin=guestfish duration=40ms outputBytes=11 output=1073741824
time=2026-08-24T13:13:26.505Z level=INFO msg="discovered partition" disk=/var/tmp/v2v/overlay-0-block0.qcow2 index=1 device=/dev/sda1 fstype=vfat
time=2026-08-24T13:13:26.505Z level=INFO msg="discovered partition" disk=/var/tmp/v2v/overlay-0-block0.qcow2 index=2 device=/dev/sda2 fstype=xfs
time=2026-08-24T13:13:26.505Z level=INFO msg="guestfs exec" bin=guestfish args="[--remote=143 -- list-devices]" stdinBytes=0
time=2026-08-24T13:13:26.562Z level=INFO msg="guestfs exec ok" bin=guestfish duration=57ms outputBytes=27
time=2026-08-24T13:13:26.562Z level=INFO msg="guestfs exec" bin=guestfish args="[--remote=143 -- list-filesystems]" stdinBytes=0
time=2026-08-24T13:13:27.415Z level=INFO msg="guestfs exec ok" bin=guestfish duration=853ms outputBytes=130
time=2026-08-24T13:13:27.415Z level=INFO msg="guestfs exec" bin=guestfish args="[--remote=143]" scriptLines=1 script="-blockdev-getsize64 /dev/sdb1"
time=2026-08-24T13:13:27.451Z level=INFO msg="guestfs exec ok" bin=guestfish duration=36ms outputBytes=11 output=1072693248
time=2026-08-24T13:13:27.451Z level=INFO msg="discovered partition" disk=/var/tmp/v2v/overlay-1-block1.qcow2 index=1 device=/dev/sdb1 fstype=xfs
time=2026-08-24T13:13:27.451Z level=INFO msg="guestfs exec" bin=guestfish args="[--remote=143 -- list-devices]" stdinBytes=0
time=2026-08-24T13:13:27.499Z level=INFO msg="guestfs exec ok" bin=guestfish duration=48ms outputBytes=27
time=2026-08-24T13:13:27.499Z level=INFO msg="guestfs exec" bin=guestfish args="[--remote=143 -- list-filesystems]" stdinBytes=0
time=2026-08-24T13:13:28.452Z level=INFO msg="guestfs exec ok" bin=guestfish duration=952ms outputBytes=130
time=2026-08-24T13:13:28.452Z level=INFO msg="guestfs exec" bin=guestfish args="[--remote=143]" scriptLines=1 script="-blockdev-getsize64 /dev/sdc1"
time=2026-08-24T13:13:28.491Z level=INFO msg="guestfs exec ok" bin=guestfish duration=40ms outputBytes=11 output=2146435072
time=2026-08-24T13:13:28.491Z level=INFO msg="discovered partition" disk=/var/tmp/v2v/overlay-2-block2.qcow2 index=1 device=/dev/sdc1 fstype=xfs
time=2026-08-24T13:13:28.491Z level=INFO msg="guestfs exec" bin=guestfish args="[--remote=143]" scriptLines=1 script=-lvs
time=2026-08-24T13:13:28.526Z level=INFO msg="guestfs exec ok" bin=guestfish duration=35ms outputBytes=58 output="/dev/rhel_dhcp-6-46-218/root\n/dev/rhel_dhcp-6-46-218/swap"
time=2026-08-24T13:13:28.526Z level=INFO msg="LVM discovered" volumes=2 paths="[/dev/rhel_dhcp-6-46-218/root /dev/rhel_dhcp-6-46-218/swap]"
time=2026-08-24T13:13:28.526Z level=INFO msg="guestfs exec" bin=guestfish args="[--remote=143]" scriptLines=1 script=-list-partitions
time=2026-08-24T13:13:28.580Z level=INFO msg="guestfs exec ok" bin=guestfish duration=54ms outputBytes=50 output="/dev/sda1\n/dev/sda2\n/dev/sda3\n/dev/sdb1\n/dev/sdc1"
time=2026-08-24T13:13:28.580Z level=INFO msg="guestfs exec" bin=guestfish args="[--remote=143 -- list-devices]" stdinBytes=0
time=2026-08-24T13:13:28.637Z level=INFO msg="guestfs exec ok" bin=guestfish duration=56ms outputBytes=27
time=2026-08-24T13:13:28.637Z level=INFO msg="guestfs exec" bin=guestfish args="[--remote=143]" scriptLines=1 script="-vfs-type /dev/sda1" soft=true
time=2026-08-24T13:13:28.672Z level=INFO msg="guestfs exec ok" bin=guestfish duration=35ms outputBytes=5 output=vfat soft=true
time=2026-08-24T13:13:28.672Z level=INFO msg="guestfs exec" bin=guestfish args="[--remote=143]" scriptLines=1 script="-part-to-partnum /dev/sda /dev/sda1"
time=2026-08-24T13:13:28.693Z level=INFO msg="guestfs exec ok" bin=guestfish duration=21ms outputBytes=0 output=""
time=2026-08-24T13:13:28.693Z level=INFO msg="guestfs exec" bin=guestfish args="[--remote=143]" scriptLines=1 script="-vfs-type /dev/sda2" soft=true
time=2026-08-24T13:13:28.735Z level=INFO msg="guestfs exec ok" bin=guestfish duration=42ms outputBytes=4 output=xfs soft=true
time=2026-08-24T13:13:28.735Z level=INFO msg="guestfs exec" bin=guestfish args="[--remote=143]" scriptLines=1 script="-part-to-partnum /dev/sda /dev/sda2"
time=2026-08-24T13:13:28.756Z level=INFO msg="guestfs exec ok" bin=guestfish duration=21ms outputBytes=0 output=""
time=2026-08-24T13:13:28.756Z level=INFO msg="guestfs exec" bin=guestfish args="[--remote=143]" scriptLines=1 script="-vfs-type /dev/sda3" soft=true
time=2026-08-24T13:13:28.788Z level=INFO msg="guestfs exec ok" bin=guestfish duration=32ms outputBytes=12 output=LVM2_member soft=true
time=2026-08-24T13:13:28.788Z level=INFO msg="guestfs exec" bin=guestfish args="[--remote=143]" scriptLines=1 script="-part-to-partnum /dev/sda /dev/sda3"
time=2026-08-24T13:13:28.806Z level=INFO msg="guestfs exec ok" bin=guestfish duration=18ms outputBytes=0 output=""
time=2026-08-24T13:13:28.806Z level=INFO msg="guestfs exec" bin=guestfish args="[--remote=143 -- list-devices]" stdinBytes=0
time=2026-08-24T13:13:28.858Z level=INFO msg="guestfs exec ok" bin=guestfish duration=51ms outputBytes=27
time=2026-08-24T13:13:28.858Z level=INFO msg="guestfs exec" bin=guestfish args="[--remote=143]" scriptLines=1 script="-vfs-type /dev/sdb1" soft=true
time=2026-08-24T13:13:28.895Z level=INFO msg="guestfs exec ok" bin=guestfish duration=37ms outputBytes=4 output=xfs soft=true
time=2026-08-24T13:13:28.895Z level=INFO msg="guestfs exec" bin=guestfish args="[--remote=143]" scriptLines=1 script="-part-to-partnum /dev/sdb /dev/sdb1"
time=2026-08-24T13:13:28.914Z level=INFO msg="guestfs exec ok" bin=guestfish duration=20ms outputBytes=0 output=""
time=2026-08-24T13:13:28.914Z level=INFO msg="guestfs exec" bin=guestfish args="[--remote=143 -- list-devices]" stdinBytes=0
time=2026-08-24T13:13:28.968Z level=INFO msg="guestfs exec ok" bin=guestfish duration=54ms outputBytes=27
time=2026-08-24T13:13:28.968Z level=INFO msg="guestfs exec" bin=guestfish args="[--remote=143]" scriptLines=1 script="-vfs-type /dev/sdc1" soft=true
time=2026-08-24T13:13:29.005Z level=INFO msg="guestfs exec ok" bin=guestfish duration=36ms outputBytes=4 output=xfs soft=true
time=2026-08-24T13:13:29.005Z level=INFO msg="guestfs exec" bin=guestfish args="[--remote=143]" scriptLines=1 script="-part-to-partnum /dev/sdc /dev/sdc1"
time=2026-08-24T13:13:29.025Z level=INFO msg="guestfs exec ok" bin=guestfish duration=20ms outputBytes=0 output=""
time=2026-08-24T13:13:29.025Z level=INFO msg="guest disk layout" disks=3 partitions=4 lvs=2 ldm=0
time=2026-08-24T13:13:29.025Z level=INFO msg="guestfs exec" bin=guestfish args="[--remote=143 -- xfs-repair /dev/sda2]" stdinBytes=0
time=2026-08-24T13:13:29.171Z level=INFO msg="guestfs exec ok" bin=guestfish duration=146ms outputBytes=2
time=2026-08-24T13:13:29.171Z level=INFO msg="guestfs exec" bin=guestfish args="[--remote=143 -- xfs-repair /dev/sdb1]" stdinBytes=0
time=2026-08-24T13:13:29.586Z level=INFO msg="guestfs exec ok" bin=guestfish duration=414ms outputBytes=2
time=2026-08-24T13:13:29.586Z level=INFO msg="guestfs exec" bin=guestfish args="[--remote=143 -- xfs-repair /dev/sdc1]" stdinBytes=0
time=2026-08-24T13:13:29.770Z level=INFO msg="guestfs exec ok" bin=guestfish duration=184ms outputBytes=2
time=2026-08-24T13:13:29.770Z level=INFO msg="detected firmware" type=uefi espDevices=[/dev/sda1]
time=2026-08-24T13:13:29.770Z level=INFO msg="guestfs exec" bin=guestfish args="[--remote=143]" scriptLines=13 script="-umount-all\n-mount /dev/sda1 /\n-copy-out /etc/os-release /tmp/kc-scan-_dev_sda1/etc\n-copy-out /usr/lib/os-release /tmp/kc-scan-_dev_sda1/usr/lib\n-copy-out /etc/redhat-release /tmp/kc-scan-_dev_sda1/etc\n-copy-out /etc/debian_version /tmp/kc-scan-_dev_sda1/e…" soft=true
time=2026-08-24T13:13:29.886Z level=INFO msg="guestfs exec ok" bin=guestfish duration=116ms outputBytes=0 output="" soft=true
time=2026-08-24T13:13:29.887Z level=INFO msg="root probe miss" device=/dev/sda1 fstype=vfat diskIndex=0 partIndex=1 scanPath=/tmp/kc-scan-_dev_sda1
time=2026-08-24T13:13:29.888Z level=INFO msg="guestfs exec" bin=guestfish args="[--remote=143]" scriptLines=13 script="-umount-all\n-mount /dev/sda2 /\n-copy-out /etc/os-release /tmp/kc-scan-_dev_sda2/etc\n-copy-out /usr/lib/os-release /tmp/kc-scan-_dev_sda2/usr/lib\n-copy-out /etc/redhat-release /tmp/kc-scan-_dev_sda2/etc\n-copy-out /etc/debian_version /tmp/kc-scan-_dev_sda2/e…" soft=true
time=2026-08-24T13:13:31.255Z level=INFO msg="guestfs exec ok" bin=guestfish duration=1.367s outputBytes=0 output="" soft=true
time=2026-08-24T13:13:31.256Z level=INFO msg="root probe miss" device=/dev/sda2 fstype=xfs diskIndex=0 partIndex=2 scanPath=/tmp/kc-scan-_dev_sda2
time=2026-08-24T13:13:31.257Z level=INFO msg="guestfs exec" bin=guestfish args="[--remote=143]" scriptLines=13 script="-umount-all\n-mount /dev/sdb1 /\n-copy-out /etc/os-release /tmp/kc-scan-_dev_sdb1/etc\n-copy-out /usr/lib/os-release /tmp/kc-scan-_dev_sdb1/usr/lib\n-copy-out /etc/redhat-release /tmp/kc-scan-_dev_sdb1/etc\n-copy-out /etc/debian_version /tmp/kc-scan-_dev_sdb1/e…" soft=true
time=2026-08-24T13:13:31.333Z level=INFO msg="guestfs exec ok" bin=guestfish duration=76ms outputBytes=0 output="" soft=true
time=2026-08-24T13:13:31.334Z level=INFO msg="root probe miss" device=/dev/sdb1 fstype=xfs diskIndex=1 partIndex=1 scanPath=/tmp/kc-scan-_dev_sdb1
time=2026-08-24T13:13:31.336Z level=INFO msg="guestfs exec" bin=guestfish args="[--remote=143]" scriptLines=13 script="-umount-all\n-mount /dev/sdc1 /\n-copy-out /etc/os-release /tmp/kc-scan-_dev_sdc1/etc\n-copy-out /usr/lib/os-release /tmp/kc-scan-_dev_sdc1/usr/lib\n-copy-out /etc/redhat-release /tmp/kc-scan-_dev_sdc1/etc\n-copy-out /etc/debian_version /tmp/kc-scan-_dev_sdc1/e…" soft=true
time=2026-08-24T13:13:31.402Z level=INFO msg="guestfs exec ok" bin=guestfish duration=65ms outputBytes=0 output="" soft=true
time=2026-08-24T13:13:31.402Z level=INFO msg="root probe miss" device=/dev/sdc1 fstype=xfs diskIndex=2 partIndex=1 scanPath=/tmp/kc-scan-_dev_sdc1
time=2026-08-24T13:13:31.402Z level=INFO msg="guestfs exec" bin=guestfish args="[--remote=143]" scriptLines=1 script="-vfs-type /dev/rhel_dhcp-6-46-218/root"
time=2026-08-24T13:13:31.439Z level=INFO msg="guestfs exec ok" bin=guestfish duration=36ms outputBytes=4 output=xfs
time=2026-08-24T13:13:31.440Z level=INFO msg="guestfs exec" bin=guestfish args="[--remote=143]" scriptLines=13 script="-umount-all\n-mount /dev/rhel_dhcp-6-46-218/root /\n-copy-out /etc/os-release /tmp/kc-scan-_dev_rhel_dhcp_6_46_218_root/etc\n-copy-out /usr/lib/os-release /tmp/kc-scan-_dev_rhel_dhcp_6_46_218_root/usr/lib\n-copy-out /etc/redhat-release /tmp/kc-scan-_dev_rhel_d…" soft=true
time=2026-08-24T13:13:31.600Z level=INFO msg="guestfs exec ok" bin=guestfish duration=160ms outputBytes=0 output="" soft=true
time=2026-08-24T13:13:31.600Z level=INFO msg="root probe hit" device=/dev/rhel_dhcp-6-46-218/root fstype=xfs os=linux distro=rhel product="Red Hat Enterprise Linux 9.4 (Plow)"
time=2026-08-24T13:13:31.601Z level=INFO msg="guestfs exec" bin=guestfish args="[--remote=143]" scriptLines=1 script="-vfs-type /dev/rhel_dhcp-6-46-218/swap"
time=2026-08-24T13:13:31.635Z level=INFO msg="guestfs exec ok" bin=guestfish duration=35ms outputBytes=5 output=swap
time=2026-08-24T13:13:31.636Z level=INFO msg="root candidates" count=1 selector=first
time=2026-08-24T13:13:31.636Z level=INFO msg="root candidate" index=1 device=/dev/rhel_dhcp-6-46-218/root product="Red Hat Enterprise Linux 9.4 (Plow)" os=linux distro=rhel
time=2026-08-24T13:13:31.636Z level=INFO msg="selected root" device=/dev/rhel_dhcp-6-46-218/root product="Red Hat Enterprise Linux 9.4 (Plow)" selector=first os=linux
time=2026-08-24T13:13:31.636Z level=INFO msg="mount planner selected" planner=linux initialMounts=1
time=2026-08-24T13:13:31.636Z level=INFO msg="mounting filesystem" device=/dev/rhel_dhcp-6-46-218/root mountpoint=/ fstype=xfs readOnly=false
time=2026-08-24T13:13:31.636Z level=INFO msg="guestfs exec" bin=guestfish args="[--remote=143]" scriptLines=1 script="-vfs-type /dev/rhel_dhcp-6-46-218/root"
time=2026-08-24T13:13:31.671Z level=INFO msg="guestfs exec ok" bin=guestfish duration=35ms outputBytes=4 output=xfs
time=2026-08-24T13:13:31.671Z level=INFO msg="guestfs exec" bin=guestfish args="[--remote=143]" scriptLines=1 script=-inspect-os
time=2026-08-24T13:13:34.586Z level=INFO msg="guestfs exec ok" bin=guestfish duration=2.915s outputBytes=29 output=/dev/rhel_dhcp-6-46-218/root
time=2026-08-24T13:13:34.586Z level=INFO msg="guestfs exec" bin=guestfish args="[--remote=143]" scriptLines=1 script="-inspect-get-mountpoints /dev/rhel_dhcp-6-46-218/root"
time=2026-08-24T13:13:34.619Z level=INFO msg="guestfs exec ok" bin=guestfish duration=33ms outputBytes=102 output="/: /dev/rhel_dhcp-6-46-218/root\n/boot: /dev/sda2\n/boot/efi: /dev/sda1\n/sdb: /dev/sdb1\n/sdc: /dev/sdc1"
time=2026-08-24T13:13:34.619Z level=INFO msg="discovered mount points via inspection" root=/dev/rhel_dhcp-6-46-218/root preferred=/dev/rhel_dhcp-6-46-218/root count=5
time=2026-08-24T13:13:34.619Z level=INFO msg="guestfs exec" bin=guestfish args="[--remote=143]" scriptLines=6 script="-umount-all\n-mount /dev/rhel_dhcp-6-46-218/root /\n-mount /dev/sdb1 /sdb\n-mount /dev/sdc1 /sdc\n-mount /dev/sda2 /boot\n-mount /dev/sda1 /boot/efi"
time=2026-08-24T13:13:34.792Z level=INFO msg="guestfs exec ok" bin=guestfish duration=173ms outputBytes=0 output=""
time=2026-08-24T13:13:34.792Z level=INFO msg="guestfs exec" bin=guestfish args="[--remote=143]" scriptLines=1 script="-download /etc/fstab /tmp/kc-gfs-read-682049660"
time=2026-08-24T13:13:34.834Z level=INFO msg="guestfs exec ok" bin=guestfish duration=42ms outputBytes=0 output=""
time=2026-08-24T13:13:34.834Z level=INFO msg="guestfs exec" bin=guestfish args="[--remote=143]" scriptLines=1 script="-vfs-uuid /dev/sda1"
time=2026-08-24T13:13:34.873Z level=INFO msg="guestfs exec ok" bin=guestfish duration=39ms outputBytes=10 output=BEB5-D71D
time=2026-08-24T13:13:34.873Z level=INFO msg="guestfs exec" bin=guestfish args="[--remote=143]" scriptLines=1 script="-vfs-label /dev/sda1"
time=2026-08-24T13:13:34.913Z level=INFO msg="guestfs exec ok" bin=guestfish duration=40ms outputBytes=1 output=""
time=2026-08-24T13:13:34.913Z level=INFO msg="guestfs exec" bin=guestfish args="[--remote=143]" scriptLines=1 script="-vfs-uuid /dev/sda2"
time=2026-08-24T13:13:34.951Z level=INFO msg="guestfs exec ok" bin=guestfish duration=39ms outputBytes=37 output=82975b63-ed83-421a-8f82-b00889cac052
time=2026-08-24T13:13:34.952Z level=INFO msg="guestfs exec" bin=guestfish args="[--remote=143]" scriptLines=1 script="-vfs-label /dev/sda2"
time=2026-08-24T13:13:34.988Z level=INFO msg="guestfs exec ok" bin=guestfish duration=36ms outputBytes=1 output=""
time=2026-08-24T13:13:34.988Z level=INFO msg="guestfs exec" bin=guestfish args="[--remote=143]" scriptLines=1 script="-vfs-uuid /dev/sdb1"
time=2026-08-24T13:13:35.025Z level=INFO msg="guestfs exec ok" bin=guestfish duration=37ms outputBytes=37 output=844c022f-1700-4568-a842-30c15bdd7117
time=2026-08-24T13:13:35.025Z level=INFO msg="guestfs exec" bin=guestfish args="[--remote=143]" scriptLines=1 script="-vfs-label /dev/sdb1"
time=2026-08-24T13:13:35.059Z level=INFO msg="guestfs exec ok" bin=guestfish duration=34ms outputBytes=1 output=""
time=2026-08-24T13:13:35.059Z level=INFO msg="guestfs exec" bin=guestfish args="[--remote=143]" scriptLines=1 script="-vfs-uuid /dev/sdc1"
time=2026-08-24T13:13:35.103Z level=INFO msg="guestfs exec ok" bin=guestfish duration=44ms outputBytes=37 output=c52f96cb-6c55-418b-a688-4946fbb5796e
time=2026-08-24T13:13:35.103Z level=INFO msg="guestfs exec" bin=guestfish args="[--remote=143]" scriptLines=1 script="-vfs-label /dev/sdc1"
time=2026-08-24T13:13:35.140Z level=INFO msg="guestfs exec ok" bin=guestfish duration=36ms outputBytes=1 output=""
time=2026-08-24T13:13:35.140Z level=INFO msg="guestfs exec" bin=guestfish args="[--remote=143]" scriptLines=1 script="-vfs-uuid /dev/rhel_dhcp-6-46-218/root"
time=2026-08-24T13:13:35.183Z level=INFO msg="guestfs exec ok" bin=guestfish duration=43ms outputBytes=37 output=52987855-aca6-413c-b939-298cff335ec2
time=2026-08-24T13:13:35.183Z level=INFO msg="guestfs exec" bin=guestfish args="[--remote=143]" scriptLines=1 script="-vfs-label /dev/rhel_dhcp-6-46-218/root"
time=2026-08-24T13:13:35.230Z level=INFO msg="guestfs exec ok" bin=guestfish duration=47ms outputBytes=1 output=""
time=2026-08-24T13:13:35.230Z level=INFO msg="guestfs exec" bin=guestfish args="[--remote=143]" scriptLines=1 script="-vfs-uuid /dev/rhel_dhcp-6-46-218/swap"
time=2026-08-24T13:13:35.273Z level=INFO msg="guestfs exec ok" bin=guestfish duration=43ms outputBytes=37 output=6fcaa4ef-6e65-434a-bc65-a3882d36c0f8
time=2026-08-24T13:13:35.273Z level=INFO msg="guestfs exec" bin=guestfish args="[--remote=143]" scriptLines=1 script="-vfs-label /dev/rhel_dhcp-6-46-218/swap"
time=2026-08-24T13:13:35.327Z level=INFO msg="guestfs exec ok" bin=guestfish duration=55ms outputBytes=1 output=""
time=2026-08-24T13:13:35.327Z level=INFO msg="expanding mount plan" extraMounts=4
time=2026-08-24T13:13:35.327Z level=INFO msg="mounting filesystem" device=/dev/sdb1 mountpoint=/sdb fstype=xfs readOnly=false
time=2026-08-24T13:13:35.327Z level=INFO msg="guestfs exec" bin=guestfish args="[--remote=143]" scriptLines=1 script="-vfs-type /dev/sdb1"
time=2026-08-24T13:13:35.358Z level=INFO msg="guestfs exec ok" bin=guestfish duration=30ms outputBytes=4 output=xfs
time=2026-08-24T13:13:35.358Z level=INFO msg="mounting filesystem" device=/dev/sdc1 mountpoint=/sdc fstype=xfs readOnly=false
time=2026-08-24T13:13:35.358Z level=INFO msg="guestfs exec" bin=guestfish args="[--remote=143]" scriptLines=1 script="-vfs-type /dev/sdc1"
time=2026-08-24T13:13:35.388Z level=INFO msg="guestfs exec ok" bin=guestfish duration=30ms outputBytes=4 output=xfs
time=2026-08-24T13:13:35.388Z level=INFO msg="mounting filesystem" device=/dev/sda2 mountpoint=/boot fstype=xfs readOnly=false
time=2026-08-24T13:13:35.388Z level=INFO msg="guestfs exec" bin=guestfish args="[--remote=143]" scriptLines=1 script="-vfs-type /dev/sda2"
time=2026-08-24T13:13:35.420Z level=INFO msg="guestfs exec ok" bin=guestfish duration=32ms outputBytes=4 output=xfs
time=2026-08-24T13:13:35.420Z level=INFO msg="mounting filesystem" device=/dev/sda1 mountpoint=/boot/efi fstype=vfat readOnly=false
time=2026-08-24T13:13:35.420Z level=INFO msg="guestfs exec" bin=guestfish args="[--remote=143]" scriptLines=1 script="-vfs-type /dev/sda1"
time=2026-08-24T13:13:35.455Z level=INFO msg="guestfs exec ok" bin=guestfish duration=35ms outputBytes=5 output=vfat
time=2026-08-24T13:13:35.455Z level=INFO msg="firmware after mount" type=uefi espDevices=[/dev/sda1]
time=2026-08-24T13:13:35.455Z level=INFO msg="guestfs exec" bin=guestfish args="[--remote=143]" scriptLines=1 script="-exists /boot"
time=2026-08-24T13:13:35.476Z level=INFO msg="guestfs exec ok" bin=guestfish duration=21ms outputBytes=5 output=true
time=2026-08-24T13:13:35.476Z level=INFO msg="guestfs exec" bin=guestfish args="[--remote=143]" scriptLines=1 script="-is-dir /boot"
time=2026-08-24T13:13:35.505Z level=INFO msg="guestfs exec ok" bin=guestfish duration=29ms outputBytes=5 output=true
time=2026-08-24T13:13:35.505Z level=INFO msg="guestfs exec" bin=guestfish args="[--remote=143]" scriptLines=1 script="-statvfs /boot"
time=2026-08-24T13:13:35.534Z level=INFO msg="guestfs exec ok" bin=guestfish duration=29ms outputBytes=147 output="bsize: 4096\nfrsize: 4096\nblocks: 245760\nbfree: 170005\nbavail: 170005\nfiles: 524288\nffree: 524266\nfavail: 524266\nfsid: 2050\nflag: 4096\nnamemax: 255"
time=2026-08-24T13:13:35.534Z level=INFO msg="guestfs exec" bin=guestfish args="[--remote=143]" scriptLines=1 script="-exists /"
time=2026-08-24T13:13:35.564Z level=INFO msg="guestfs exec ok" bin=guestfish duration=30ms outputBytes=5 output=true
time=2026-08-24T13:13:35.564Z level=INFO msg="guestfs exec" bin=guestfish args="[--remote=143]" scriptLines=1 script="-is-dir /"
time=2026-08-24T13:13:35.591Z level=INFO msg="guestfs exec ok" bin=guestfish duration=28ms outputBytes=5 output=true
time=2026-08-24T13:13:35.591Z level=INFO msg="guestfs exec" bin=guestfish args="[--remote=143]" scriptLines=1 script="-statvfs /"
time=2026-08-24T13:13:35.615Z level=INFO msg="guestfs exec ok" bin=guestfish duration=24ms outputBytes=154 output="bsize: 4096\nfrsize: 4096\nblocks: 3341312\nbfree: 1379521\nbavail: 1379521\nfiles: 6715392\nffree: 6581838\nfavail: 6581838\nfsid: 64513\nflag: 4096\nnamemax: 255"
time=2026-08-24T13:13:35.615Z level=INFO msg="guestfs exec" bin=guestfish args="[--remote=143]" scriptLines=1 script="-exists /boot/efi"
time=2026-08-24T13:13:35.641Z level=INFO msg="guestfs exec ok" bin=guestfish duration=26ms outputBytes=5 output=true
time=2026-08-24T13:13:35.641Z level=INFO msg="guestfs exec" bin=guestfish args="[--remote=143]" scriptLines=1 script="-is-dir /boot/efi"
time=2026-08-24T13:13:35.669Z level=INFO msg="guestfs exec ok" bin=guestfish duration=27ms outputBytes=5 output=true
time=2026-08-24T13:13:35.669Z level=INFO msg="guestfs exec" bin=guestfish args="[--remote=143]" scriptLines=1 script="-statvfs /boot/efi"
time=2026-08-24T13:13:35.698Z level=INFO msg="guestfs exec ok" bin=guestfish duration=29ms outputBytes=133 output="bsize: 4096\nfrsize: 4096\nblocks: 153296\nbfree: 151495\nbavail: 151495\nfiles: 0\nffree: 0\nfavail: 0\nfsid: 2049\nflag: 4096\nnamemax: 1530"
time=2026-08-24T13:13:35.698Z level=INFO msg="guestfs exec" bin=guestfish args="[--remote=143]" scriptLines=1 script="-is-dir /Windows/System32"
time=2026-08-24T13:13:35.720Z level=INFO msg="guestfs exec ok" bin=guestfish duration=22ms outputBytes=6 output=false
time=2026-08-24T13:13:35.720Z level=INFO msg="guestfs exec" bin=guestfish args="[--remote=143]" scriptLines=1 script="-is-dir /windows/system32"
time=2026-08-24T13:13:35.744Z level=INFO msg="guestfs exec ok" bin=guestfish duration=23ms outputBytes=6 output=false
time=2026-08-24T13:13:35.744Z level=INFO msg="guestfs exec" bin=guestfish args="[--remote=143]" scriptLines=1 script="-is-dir /WINDOWS/system32"
time=2026-08-24T13:13:35.768Z level=INFO msg="guestfs exec ok" bin=guestfish duration=24ms outputBytes=6 output=false
time=2026-08-24T13:13:35.768Z level=INFO msg="guestfs exec" bin=guestfish args="[--remote=143]" scriptLines=1 script="-exists /etc/os-release"
time=2026-08-24T13:13:35.787Z level=INFO msg="guestfs exec ok" bin=guestfish duration=19ms outputBytes=5 output=true
time=2026-08-24T13:13:35.787Z level=INFO msg="guestfs exec" bin=guestfish args="[--remote=143]" scriptLines=1 script="-download /etc/os-release /tmp/kc-gfs-read-3900576227"
time=2026-08-24T13:13:35.832Z level=INFO msg="guestfs exec ok" bin=guestfish duration=45ms outputBytes=0 output=""
time=2026-08-24T13:13:35.833Z level=INFO msg="guestfs exec" bin=guestfish args="[--remote=143]" scriptLines=1 script="-is-dir /lib/modules"
time=2026-08-24T13:13:35.858Z level=INFO msg="guestfs exec ok" bin=guestfish duration=26ms outputBytes=5 output=true
time=2026-08-24T13:13:35.859Z level=INFO msg="guestfs exec" bin=guestfish args="[--remote=143]" scriptLines=1 script="-ll /lib/modules"
time=2026-08-24T13:13:35.888Z level=INFO msg="guestfs exec ok" bin=guestfish duration=30ms outputBytes=237 output="total 8\ndrwxr-xr-x.  4 root root   71 Jul  1  2025 .\ndr-xr-xr-x. 38 root root 4096 Jul  1  2025 ..\ndrwxr-xr-x.  3 root root   19 Jul  1  2025 5.14.0-421.el9.x86_64\ndrwxr-xr-x.  7 root root 4096 Jul  1  2025 5.14.0-427.13.1.el9_4.x86_64"
time=2026-08-24T13:13:35.888Z level=INFO msg="guestfs exec" bin=guestfish args="[--remote=143]" scriptLines=1 script="-exists /boot/grub2/grub.cfg"
time=2026-08-24T13:13:35.913Z level=INFO msg="guestfs exec ok" bin=guestfish duration=24ms outputBytes=5 output=true
time=2026-08-24T13:13:35.913Z level=INFO msg="guestfs exec" bin=guestfish args="[--remote=143]" scriptLines=1 script="-exists /"
time=2026-08-24T13:13:35.934Z level=INFO msg="guestfs exec ok" bin=guestfish duration=21ms outputBytes=5 output=true
time=2026-08-24T13:13:35.934Z level=INFO msg="guestfs exec" bin=guestfish args="[--remote=143]" scriptLines=1 script="-exists /boot"
time=2026-08-24T13:13:35.958Z level=INFO msg="guestfs exec ok" bin=guestfish duration=24ms outputBytes=5 output=true
time=2026-08-24T13:13:35.959Z level=INFO msg="guestfs exec" bin=guestfish args="[--remote=143]" scriptLines=1 script="-exists /boot/efi"
time=2026-08-24T13:13:35.983Z level=INFO msg="guestfs exec ok" bin=guestfish duration=24ms outputBytes=5 output=true
time=2026-08-24T13:13:35.983Z level=INFO msg="guestfs exec" bin=guestfish args="[--remote=143]" scriptLines=1 script="-exists /"
time=2026-08-24T13:13:36.007Z level=INFO msg="guestfs exec ok" bin=guestfish duration=24ms outputBytes=5 output=true
time=2026-08-24T13:13:36.007Z level=INFO msg="guestfs exec" bin=guestfish args="[--remote=143]" scriptLines=1 script="-is-dir /"
time=2026-08-24T13:13:36.034Z level=INFO msg="guestfs exec ok" bin=guestfish duration=26ms outputBytes=5 output=true
time=2026-08-24T13:13:36.034Z level=INFO msg="guestfs exec" bin=guestfish args="[--remote=143]" scriptLines=1 script="-statvfs /"
time=2026-08-24T13:13:36.060Z level=INFO msg="guestfs exec ok" bin=guestfish duration=27ms outputBytes=154 output="bsize: 4096\nfrsize: 4096\nblocks: 3341312\nbfree: 1379521\nbavail: 1379521\nfiles: 6715392\nffree: 6581838\nfavail: 6581838\nfsid: 64513\nflag: 4096\nnamemax: 255"
time=2026-08-24T13:13:36.061Z level=INFO msg="guestfs exec" bin=guestfish args="[--remote=143]" scriptLines=1 script="-exists /boot"
time=2026-08-24T13:13:36.086Z level=INFO msg="guestfs exec ok" bin=guestfish duration=25ms outputBytes=5 output=true
time=2026-08-24T13:13:36.086Z level=INFO msg="guestfs exec" bin=guestfish args="[--remote=143]" scriptLines=1 script="-is-dir /boot"
time=2026-08-24T13:13:36.112Z level=INFO msg="guestfs exec ok" bin=guestfish duration=26ms outputBytes=5 output=true
time=2026-08-24T13:13:36.112Z level=INFO msg="guestfs exec" bin=guestfish args="[--remote=143]" scriptLines=1 script="-statvfs /boot"
time=2026-08-24T13:13:36.141Z level=INFO msg="guestfs exec ok" bin=guestfish duration=29ms outputBytes=147 output="bsize: 4096\nfrsize: 4096\nblocks: 245760\nbfree: 170005\nbavail: 170005\nfiles: 524288\nffree: 524266\nfavail: 524266\nfsid: 2050\nflag: 4096\nnamemax: 255"
time=2026-08-24T13:13:36.141Z level=INFO msg="guestfs exec" bin=guestfish args="[--remote=143]" scriptLines=1 script="-exists /boot/efi"
time=2026-08-24T13:13:36.165Z level=INFO msg="guestfs exec ok" bin=guestfish duration=23ms outputBytes=5 output=true
time=2026-08-24T13:13:36.165Z level=INFO msg="guestfs exec" bin=guestfish args="[--remote=143]" scriptLines=1 script="-is-dir /boot/efi"
time=2026-08-24T13:13:36.189Z level=INFO msg="guestfs exec ok" bin=guestfish duration=25ms outputBytes=5 output=true
time=2026-08-24T13:13:36.189Z level=INFO msg="guestfs exec" bin=guestfish args="[--remote=143]" scriptLines=1 script="-statvfs /boot/efi"
time=2026-08-24T13:13:36.216Z level=INFO msg="guestfs exec ok" bin=guestfish duration=27ms outputBytes=133 output="bsize: 4096\nfrsize: 4096\nblocks: 153296\nbfree: 151495\nbavail: 151495\nfiles: 0\nffree: 0\nfavail: 0\nfsid: 2049\nflag: 4096\nnamemax: 1530"
time=2026-08-24T13:13:36.217Z level=INFO msg="pipeline complete"
time=2026-08-24T13:13:36.217Z level=INFO msg="kc-prepare completed" output=/var/tmp/v2v/pipeline.json
time=2026-08-24T13:13:36.218Z level=INFO msg=exec bin=/usr/lib/kc-utils/kc-convert-linux args="[--input /var/tmp/v2v/pipeline.json --output /var/tmp/v2v/pipeline.json --mount-root /tmp/kc-guest --log-level info --backend guestfs]"
time=2026-08-24T13:13:36.230Z level=INFO msg="guestfish adopting shared session" pid=143 guestfishPID=143 shared=true
time=2026-08-24T13:13:36.231Z level=INFO msg="guestfish ensureLaunched" pid=143 disks=3 paths="[/var/tmp/v2v/overlay-0-block0.qcow2 /var/tmp/v2v/overlay-1-block1.qcow2 /var/tmp/v2v/overlay-2-block2.qcow2]" HOME=/var/tmp LIBGUESTFS_BACKEND=direct socket=/tmp/.guestfish-107/socket-143 sessionAlive=true
time=2026-08-24T13:13:36.231Z level=INFO msg="guestfs exec" bin=guestfish args="[--remote=143]" scriptLines=1 script=-list-devices
time=2026-08-24T13:13:36.294Z level=INFO msg="guestfs exec ok" bin=guestfish duration=63ms outputBytes=27 output="/dev/sda\n/dev/sdb\n/dev/sdc"
time=2026-08-24T13:13:36.294Z level=INFO msg="guestfish ready probe" pid=143 ready=true devices="/dev/sda\n/dev/sdb\n/dev/sdc"
time=2026-08-24T13:13:36.294Z level=INFO msg="guestfish session already launched" pid=143 devices="/dev/sda\n/dev/sdb\n/dev/sdc"
time=2026-08-24T13:13:36.294Z level=INFO msg="matched distro handler" name=rhel
time=2026-08-24T13:13:36.294Z level=INFO msg="guestfs exec" bin=guestfish args="[--remote=143]" scriptLines=1 script=-inspect-os
time=2026-08-24T13:13:38.646Z level=INFO msg="guestfs exec ok" bin=guestfish duration=2.352s outputBytes=29 output=/dev/rhel_dhcp-6-46-218/root
time=2026-08-24T13:13:38.646Z level=INFO msg="guestfs exec" bin=guestfish args="[--remote=143]" scriptLines=1 script="-inspect-get-mountpoints /dev/rhel_dhcp-6-46-218/root"
time=2026-08-24T13:13:38.676Z level=INFO msg="guestfs exec ok" bin=guestfish duration=31ms outputBytes=102 output="/: /dev/rhel_dhcp-6-46-218/root\n/boot: /dev/sda2\n/boot/efi: /dev/sda1\n/sdb: /dev/sdb1\n/sdc: /dev/sdc1"
time=2026-08-24T13:13:38.676Z level=INFO msg="discovered mount points via inspection" root=/dev/rhel_dhcp-6-46-218/root preferred=/dev/rhel_dhcp-6-46-218/root count=5
time=2026-08-24T13:13:38.676Z level=INFO msg="guestfs exec" bin=guestfish args="[--remote=143]" scriptLines=6 script="-umount-all\n-mount /dev/rhel_dhcp-6-46-218/root /\n-mount /dev/sdb1 /sdb\n-mount /dev/sdc1 /sdc\n-mount /dev/sda2 /boot\n-mount /dev/sda1 /boot/efi"
time=2026-08-24T13:13:38.829Z level=INFO msg="guestfs exec ok" bin=guestfish duration=152ms outputBytes=0 output=""
time=2026-08-24T13:13:38.829Z level=INFO msg="guestfs exec" bin=guestfish args="[--remote=143]" scriptLines=1 script="-is-dir /boot/loader/entries"
time=2026-08-24T13:13:38.854Z level=INFO msg="guestfs exec ok" bin=guestfish duration=25ms outputBytes=5 output=true
time=2026-08-24T13:13:38.855Z level=INFO msg="guestfs exec" bin=guestfish args="[--remote=143]" scriptLines=1 script="-ll /boot/loader/entries"
time=2026-08-24T13:13:38.880Z level=INFO msg="guestfs exec ok" bin=guestfish duration=25ms outputBytes=292 output="total 8\ndrwx------. 2 root root 134 Jul  1  2025 .\ndrwxr-xr-x. 3 root root  21 Jul  1  2025 ..\n-rw-r--r--. 1 root root 546 Jul  1  2025 c175420caa354ef68edccf1fa2f94219-0-rescue.conf\n-rw-r--r--. 1 root root 508 Jul  1  2025 c175420caa354ef68edccf1fa2f94219-5.14.0-427.13.1.el9_4.x86_64.conf"
time=2026-08-24T13:13:38.880Z level=INFO msg="found bootloader" name=bls
time=2026-08-24T13:13:38.880Z level=INFO msg="guestfs exec" bin=guestfish args="[--remote=143]" scriptLines=1 script="-is-dir /lib/modules"
time=2026-08-24T13:13:38.909Z level=INFO msg="guestfs exec ok" bin=guestfish duration=29ms outputBytes=5 output=true
time=2026-08-24T13:13:38.909Z level=INFO msg="guestfs exec" bin=guestfish args="[--remote=143]" scriptLines=1 script="-is-dir /lib/modules"
time=2026-08-24T13:13:38.938Z level=INFO msg="guestfs exec ok" bin=guestfish duration=28ms outputBytes=5 output=true
time=2026-08-24T13:13:38.938Z level=INFO msg="guestfs exec" bin=guestfish args="[--remote=143]" scriptLines=1 script="-ll /lib/modules"
time=2026-08-24T13:13:38.967Z level=INFO msg="guestfs exec ok" bin=guestfish duration=29ms outputBytes=237 output="total 8\ndrwxr-xr-x.  4 root root   71 Jul  1  2025 .\ndr-xr-xr-x. 38 root root 4096 Jul  1  2025 ..\ndrwxr-xr-x.  3 root root   19 Jul  1  2025 5.14.0-421.el9.x86_64\ndrwxr-xr-x.  7 root root 4096 Jul  1  2025 5.14.0-427.13.1.el9_4.x86_64"
time=2026-08-24T13:13:38.967Z level=INFO msg="guestfs exec" bin=guestfish args="[--remote=143]" scriptLines=1 script="-is-dir /boot"
time=2026-08-24T13:13:38.993Z level=INFO msg="guestfs exec ok" bin=guestfish duration=26ms outputBytes=5 output=true
time=2026-08-24T13:13:38.993Z level=INFO msg="guestfs exec" bin=guestfish args="[--remote=143]" scriptLines=1 script="-ll /boot"
time=2026-08-24T13:13:39.021Z level=INFO msg="guestfs exec ok" bin=guestfish duration=28ms outputBytes=1157 output="total 260664\ndr-xr-xr-x.  5 root root      4096 Jul  1  2025 .\ndr-xr-xr-x. 20 root root      4096 Jul 31  2025 ..\n-rw-r--r--.  1 root root       167 Apr 10  2024 .vmlinuz-5.14.0-427.13.1.el9_4.x86_64.hmac\n-rw-------.  1 root root   8629622 Apr 10  2024 System.map-5.14.0-427.13.1.el9_4.x86_64\n-rw-r--r--.  1 root root    223205 Apr 10  2024 config-5.14.0-427.13.1.el9_4.x86_64\ndrwxr-xr-x   3 root root      4096 Jan  1  1970 efi\ndrwx------.  3 root root        50 Dec  4  2025 grub2\n-rw-------.  1 root root 1382…"
time=2026-08-24T13:13:39.021Z level=INFO msg="guestfs exec" bin=guestfish args="[--remote=143]" scriptLines=1 script="-is-dir /lib/modules"
time=2026-08-24T13:13:39.049Z level=INFO msg="guestfs exec ok" bin=guestfish duration=27ms outputBytes=5 output=true
time=2026-08-24T13:13:39.049Z level=INFO msg="guestfs exec" bin=guestfish args="[--remote=143]" scriptLines=1 script="-is-dir /lib/modules/5.14.0-427.13.1.el9_4.x86_64/kernel/drivers"
time=2026-08-24T13:13:39.078Z level=INFO msg="guestfs exec ok" bin=guestfish duration=29ms outputBytes=5 output=true
time=2026-08-24T13:13:39.078Z level=INFO msg="guestfs exec" bin=guestfish args="[--remote=143]" scriptLines=1 script="-find /lib/modules/5.14.0-427.13.1.el9_4.x86_64/kernel/drivers"
time=2026-08-24T13:13:39.251Z level=INFO msg="guestfs exec ok" bin=guestfish duration=173ms outputBytes=49293 output="/acpi\n/acpi/acpi_extlog.ko.xz\n/acpi/acpi_ipmi.ko.xz\n/acpi/acpi_pad.ko.xz\n/acpi/acpi_tad.ko.xz\n/acpi/apei\n/acpi/apei/einj.ko.xz\n/acpi/dptf\n/acpi/dptf/dptf_pch_fivr.ko.xz\n/acpi/dptf/dptf_power.ko.xz\n/acpi/nfit\n/acpi/nfit/nfit.ko.xz\n/acpi/pfr_telemetry.ko.xz\n/acpi/pfr_update.ko.xz\n/acpi/platform_profile.ko.xz\n/acpi/sbs.ko.xz\n/acpi/sbshc.ko.xz\n/acpi/video.ko.xz\n/ata\n/ata/ahci.ko.xz\n/ata/ahci_platform.ko.xz\n/ata/ata_generic.ko.xz\n/ata/ata_piix.ko.xz\n/ata/libahci.ko.xz\n/ata/libahci_platform.ko.xz\n/ata/libata.ko.x…"
time=2026-08-24T13:13:39.253Z level=INFO msg="found kernels" count=2 scanner=rpm
time=2026-08-24T13:13:39.253Z level=INFO msg="remapping devices" plugins=[standard]
time=2026-08-24T13:13:39.253Z level=INFO msg="guestfs exec" bin=guestfish args="[--remote=143]" scriptLines=1 script="-exists /etc/fstab"
time=2026-08-24T13:13:39.275Z level=INFO msg="guestfs exec ok" bin=guestfish duration=22ms outputBytes=5 output=true
time=2026-08-24T13:13:39.275Z level=INFO msg="running device remapper" name=standard
time=2026-08-24T13:13:39.275Z level=INFO msg="guestfs exec" bin=guestfish args="[--remote=143]" scriptLines=1 script="-download /etc/fstab /tmp/kc-gfs-read-3749128393"
time=2026-08-24T13:13:39.316Z level=INFO msg="guestfs exec ok" bin=guestfish duration=41ms outputBytes=0 output=""
time=2026-08-24T13:13:39.316Z level=INFO msg="guestfs exec" bin=guestfish args="[--remote=143]" scriptLines=3 script="-mkdir-p /etc\n-upload /tmp/kc-gfs-write-3554725072 /etc/fstab\n-chmod 0644 /etc/fstab"
time=2026-08-24T13:13:39.365Z level=INFO msg="guestfs exec ok" bin=guestfish duration=49ms outputBytes=0 output=""
time=2026-08-24T13:13:39.365Z level=INFO msg="remapped block devices to virtio" file=etc/fstab
time=2026-08-24T13:13:39.365Z level=INFO msg="guestfs exec" bin=guestfish args="[--remote=143]" scriptLines=1 script="-download /etc/crypttab /tmp/kc-gfs-read-240441888"
time=2026-08-24T13:13:39.404Z level=INFO msg="guestfs exec ok" bin=guestfish duration=39ms outputBytes=0 output=""
time=2026-08-24T13:13:39.404Z level=INFO msg="guestfs exec" bin=guestfish args="[--remote=143]" scriptLines=3 script="-mkdir-p /etc\n-upload /tmp/kc-gfs-write-4276486541 /etc/crypttab\n-chmod 0644 /etc/crypttab"
time=2026-08-24T13:13:39.445Z level=INFO msg="guestfs exec ok" bin=guestfish duration=41ms outputBytes=0 output=""
time=2026-08-24T13:13:39.445Z level=INFO msg="remapped block devices to virtio" file=etc/crypttab
time=2026-08-24T13:13:39.446Z level=INFO msg="guestfs exec" bin=guestfish args="[--remote=143]" scriptLines=1 script="-download /etc/default/grub /tmp/kc-gfs-read-1217344870"
time=2026-08-24T13:13:39.493Z level=INFO msg="guestfs exec ok" bin=guestfish duration=47ms outputBytes=0 output=""
time=2026-08-24T13:13:39.493Z level=INFO msg="guestfs exec" bin=guestfish args="[--remote=143]" scriptLines=1 script="-is-dir /boot/loader/entries"
time=2026-08-24T13:13:39.516Z level=INFO msg="guestfs exec ok" bin=guestfish duration=23ms outputBytes=5 output=true
time=2026-08-24T13:13:39.516Z level=INFO msg="guestfs exec" bin=guestfish args="[--remote=143]" scriptLines=1 script="-ll /boot/loader/entries"
time=2026-08-24T13:13:39.544Z level=INFO msg="guestfs exec ok" bin=guestfish duration=28ms outputBytes=292 output="total 8\ndrwx------. 2 root root 134 Jul  1  2025 .\ndrwxr-xr-x. 3 root root  21 Jul  1  2025 ..\n-rw-r--r--. 1 root root 546 Jul  1  2025 c175420caa354ef68edccf1fa2f94219-0-rescue.conf\n-rw-r--r--. 1 root root 508 Jul  1  2025 c175420caa354ef68edccf1fa2f94219-5.14.0-427.13.1.el9_4.x86_64.conf"
time=2026-08-24T13:13:39.544Z level=INFO msg="guestfs exec" bin=guestfish args="[--remote=143]" scriptLines=1 script="-download /boot/loader/entries/c175420caa354ef68edccf1fa2f94219-0-rescue.conf /tmp/kc-gfs-read-3594545902"
time=2026-08-24T13:13:39.586Z level=INFO msg="guestfs exec ok" bin=guestfish duration=41ms outputBytes=0 output=""
time=2026-08-24T13:13:39.586Z level=INFO msg="guestfs exec" bin=guestfish args="[--remote=143]" scriptLines=1 script="-download /boot/loader/entries/c175420caa354ef68edccf1fa2f94219-5.14.0-427.13.1.el9_4.x86_64.conf /tmp/kc-gfs-read-3437196791"
time=2026-08-24T13:13:39.623Z level=INFO msg="guestfs exec ok" bin=guestfish duration=37ms outputBytes=0 output=""
time=2026-08-24T13:13:39.623Z level=INFO msg="device remapper complete" name=standard
time=2026-08-24T13:13:39.623Z level=INFO msg="guestfs exec" bin=guestfish args="[--remote=143]" scriptLines=1 script="-statvfs /boot/efi"
time=2026-08-24T13:13:39.654Z level=INFO msg="guestfs exec ok" bin=guestfish duration=31ms outputBytes=133 output="bsize: 4096\nfrsize: 4096\nblocks: 153296\nbfree: 151495\nbavail: 151495\nfiles: 0\nffree: 0\nfavail: 0\nfsid: 2049\nflag: 4096\nnamemax: 1530"
time=2026-08-24T13:13:39.654Z level=INFO msg="running UEFI editor" editor=bcd esp=/dev/sda1
time=2026-08-24T13:13:39.654Z level=INFO msg="guestfs exec" bin=guestfish args="[--remote=143]" scriptLines=1 script="-exists /dev/sda1/EFI/Microsoft/Boot/BCD"
time=2026-08-24T13:13:39.680Z level=INFO msg="guestfs exec ok" bin=guestfish duration=26ms outputBytes=6 output=false
time=2026-08-24T13:13:39.680Z level=INFO msg="guestfs exec" bin=guestfish args="[--remote=143]" scriptLines=1 script="-mkdir-p /dev/sda1/EFI/Boot"
time=2026-08-24T13:13:39.719Z level=INFO msg="guestfs exec ok" bin=guestfish duration=39ms outputBytes=0 output=""
time=2026-08-24T13:13:39.719Z level=INFO msg="guestfs exec" bin=guestfish args="[--remote=143]" scriptLines=1 script="-exists /dev/sda1/EFI/Microsoft/Boot/bootmgfw.efi"
time=2026-08-24T13:13:39.741Z level=INFO msg="guestfs exec ok" bin=guestfish duration=23ms outputBytes=6 output=false
time=2026-08-24T13:13:39.741Z level=WARN msg="Microsoft bootloader not found, skipping fallback copy" path=/tmp/kc-guest/dev/sda1/EFI/Microsoft/Boot/bootmgfw.efi
time=2026-08-24T13:13:39.741Z level=INFO msg="UEFI editor complete" editor=bcd esp=/dev/sda1
time=2026-08-24T13:13:39.741Z level=INFO msg="running UEFI editor" editor=grub-fallback esp=/dev/sda1
time=2026-08-24T13:13:39.741Z level=INFO msg="guestfs exec" bin=guestfish args="[--remote=143]" scriptLines=1 script="-exists /dev/sda1/EFI/BOOT/bootx64.efi"
time=2026-08-24T13:13:39.762Z level=INFO msg="guestfs exec ok" bin=guestfish duration=20ms outputBytes=6 output=false
time=2026-08-24T13:13:39.762Z level=INFO msg="guestfs exec" bin=guestfish args="[--remote=143]" scriptLines=1 script="-exists /dev/sda1/EFI/BOOT/bootaa64.efi"
time=2026-08-24T13:13:39.782Z level=INFO msg="guestfs exec ok" bin=guestfish duration=20ms outputBytes=6 output=false
time=2026-08-24T13:13:39.782Z level=INFO msg="guestfs exec" bin=guestfish args="[--remote=143]" scriptLines=1 script="-exists /dev/sda1/EFI/BOOT/BOOTX64.EFI"
time=2026-08-24T13:13:39.804Z level=INFO msg="guestfs exec ok" bin=guestfish duration=21ms outputBytes=6 output=false
time=2026-08-24T13:13:39.804Z level=INFO msg="guestfs exec" bin=guestfish args="[--remote=143]" scriptLines=1 script="-exists /dev/sda1/EFI/BOOT/BOOTAA64.EFI"
time=2026-08-24T13:13:39.835Z level=INFO msg="guestfs exec ok" bin=guestfish duration=32ms outputBytes=6 output=false
time=2026-08-24T13:13:39.836Z level=INFO msg="guestfs exec" bin=guestfish args="[--remote=143]" scriptLines=1 script="-exists /dev/sda1/EFI/redhat/shimx64.efi"
time=2026-08-24T13:13:39.857Z level=INFO msg="guestfs exec ok" bin=guestfish duration=21ms outputBytes=6 output=false
time=2026-08-24T13:13:39.857Z level=INFO msg="guestfs exec" bin=guestfish args="[--remote=143]" scriptLines=1 script="-exists /dev/sda1/EFI/redhat/grubx64.efi"
time=2026-08-24T13:13:39.878Z level=INFO msg="guestfs exec ok" bin=guestfish duration=21ms outputBytes=6 output=false
time=2026-08-24T13:13:39.878Z level=INFO msg="guestfs exec" bin=guestfish args="[--remote=143]" scriptLines=1 script="-exists /dev/sda1/EFI/centos/shimx64.efi"
time=2026-08-24T13:13:39.902Z level=INFO msg="guestfs exec ok" bin=guestfish duration=23ms outputBytes=6 output=false
time=2026-08-24T13:13:39.902Z level=INFO msg="guestfs exec" bin=guestfish args="[--remote=143]" scriptLines=1 script="-exists /dev/sda1/EFI/ubuntu/shimx64.efi"
time=2026-08-24T13:13:39.924Z level=INFO msg="guestfs exec ok" bin=guestfish duration=23ms outputBytes=6 output=false
time=2026-08-24T13:13:39.925Z level=INFO msg="guestfs exec" bin=guestfish args="[--remote=143]" scriptLines=1 script="-exists /dev/sda1/EFI/ubuntu/grubx64.efi"
time=2026-08-24T13:13:39.944Z level=INFO msg="guestfs exec ok" bin=guestfish duration=20ms outputBytes=6 output=false
time=2026-08-24T13:13:39.944Z level=INFO msg="guestfs exec" bin=guestfish args="[--remote=143]" scriptLines=1 script="-exists /dev/sda1/EFI/debian/grubx64.efi"
time=2026-08-24T13:13:39.966Z level=INFO msg="guestfs exec ok" bin=guestfish duration=22ms outputBytes=6 output=false
time=2026-08-24T13:13:39.966Z level=INFO msg="guestfs exec" bin=guestfish args="[--remote=143]" scriptLines=1 script="-exists /dev/sda1/EFI/suse/shim.efi"
time=2026-08-24T13:13:39.986Z level=INFO msg="guestfs exec ok" bin=guestfish duration=20ms outputBytes=6 output=false
time=2026-08-24T13:13:39.986Z level=INFO msg="guestfs exec" bin=guestfish args="[--remote=143]" scriptLines=1 script="-exists /dev/sda1/EFI/suse/grubx64.efi"
time=2026-08-24T13:13:40.007Z level=INFO msg="guestfs exec ok" bin=guestfish duration=21ms outputBytes=6 output=false
time=2026-08-24T13:13:40.008Z level=INFO msg="guestfs exec" bin=guestfish args="[--remote=143]" scriptLines=1 script="-exists /dev/sda1/EFI/fedora/shimx64.efi"
time=2026-08-24T13:13:40.031Z level=INFO msg="guestfs exec ok" bin=guestfish duration=23ms outputBytes=6 output=false
time=2026-08-24T13:13:40.031Z level=INFO msg="guestfs exec" bin=guestfish args="[--remote=143]" scriptLines=1 script="-exists /dev/sda1/EFI/fedora/grubx64.efi"
time=2026-08-24T13:13:40.051Z level=INFO msg="guestfs exec ok" bin=guestfish duration=20ms outputBytes=6 output=false
time=2026-08-24T13:13:40.051Z level=INFO msg="guestfs exec" bin=guestfish args="[--remote=143]" scriptLines=1 script="-exists /dev/sda1/EFI/redhat/shimaa64.efi"
time=2026-08-24T13:13:40.072Z level=INFO msg="guestfs exec ok" bin=guestfish duration=21ms outputBytes=6 output=false
time=2026-08-24T13:13:40.072Z level=INFO msg="guestfs exec" bin=guestfish args="[--remote=143]" scriptLines=1 script="-exists /dev/sda1/EFI/redhat/grubaa64.efi"
time=2026-08-24T13:13:40.091Z level=INFO msg="guestfs exec ok" bin=guestfish duration=19ms outputBytes=6 output=false
time=2026-08-24T13:13:40.091Z level=INFO msg="UEFI editor complete" editor=grub-fallback esp=/dev/sda1
time=2026-08-24T13:13:40.091Z level=INFO msg="selected kernel" version=5.14.0-427.13.1.el9_4.x86_64
time=2026-08-24T13:13:40.092Z level=INFO msg="guestfs exec" bin=guestfish args="[--remote=143]" scriptLines=1 script="-is-dir /boot/loader/entries"
time=2026-08-24T13:13:40.113Z level=INFO msg="guestfs exec ok" bin=guestfish duration=22ms outputBytes=5 output=true
time=2026-08-24T13:13:40.113Z level=INFO msg="guestfs exec" bin=guestfish args="[--remote=143]" scriptLines=1 script="-ll /boot/loader/entries"
time=2026-08-24T13:13:40.137Z level=INFO msg="guestfs exec ok" bin=guestfish duration=23ms outputBytes=292 output="total 8\ndrwx------. 2 root root 134 Jul  1  2025 .\ndrwxr-xr-x. 3 root root  21 Jul  1  2025 ..\n-rw-r--r--. 1 root root 546 Jul  1  2025 c175420caa354ef68edccf1fa2f94219-0-rescue.conf\n-rw-r--r--. 1 root root 508 Jul  1  2025 c175420caa354ef68edccf1fa2f94219-5.14.0-427.13.1.el9_4.x86_64.conf"
time=2026-08-24T13:13:40.137Z level=INFO msg="guestfs exec" bin=guestfish args="[--remote=143]" scriptLines=1 script="-download /boot/loader/entries/c175420caa354ef68edccf1fa2f94219-0-rescue.conf /tmp/kc-gfs-read-2815707760"
time=2026-08-24T13:13:40.179Z level=INFO msg="guestfs exec ok" bin=guestfish duration=42ms outputBytes=0 output=""
time=2026-08-24T13:13:40.179Z level=INFO msg="guestfs exec" bin=guestfish args="[--remote=143]" scriptLines=1 script="-download /boot/loader/entries/c175420caa354ef68edccf1fa2f94219-5.14.0-427.13.1.el9_4.x86_64.conf /tmp/kc-gfs-read-1269832664"
time=2026-08-24T13:13:40.220Z level=INFO msg="guestfs exec ok" bin=guestfish duration=40ms outputBytes=0 output=""
time=2026-08-24T13:13:40.220Z level=INFO msg="guestfs exec" bin=guestfish args="[--remote=143]" scriptLines=1 script="-mv /boot/loader/entries/c175420caa354ef68edccf1fa2f94219-5.14.0-427.13.1.el9_4.x86_64.conf /boot/loader/entries/0-c175420caa354ef68edccf1fa2f94219-5.14.0-427.13.1.el9_4.x86_64.conf"
time=2026-08-24T13:13:40.245Z level=INFO msg="guestfs exec ok" bin=guestfish duration=25ms outputBytes=0 output=""
time=2026-08-24T13:13:40.246Z level=INFO msg="guestfs exec" bin=guestfish args="[--remote=143]" scriptLines=1 script="-is-dir /boot/loader/entries"
time=2026-08-24T13:13:40.267Z level=INFO msg="guestfs exec ok" bin=guestfish duration=22ms outputBytes=5 output=true
time=2026-08-24T13:13:40.267Z level=INFO msg="guestfs exec" bin=guestfish args="[--remote=143]" scriptLines=1 script="-ll /boot/loader/entries"
time=2026-08-24T13:13:40.291Z level=INFO msg="guestfs exec ok" bin=guestfish duration=23ms outputBytes=294 output="total 8\ndrwx------. 2 root root 136 Aug 24 13:13 .\ndrwxr-xr-x. 3 root root  21 Jul  1  2025 ..\n-rw-r--r--. 1 root root 508 Jul  1  2025 0-c175420caa354ef68edccf1fa2f94219-5.14.0-427.13.1.el9_4.x86_64.conf\n-rw-r--r--. 1 root root 546 Jul  1  2025 c175420caa354ef68edccf1fa2f94219-0-rescue.conf"
time=2026-08-24T13:13:40.291Z level=INFO msg="guestfs exec" bin=guestfish args="[--remote=143]" scriptLines=1 script="-download /boot/loader/entries/0-c175420caa354ef68edccf1fa2f94219-5.14.0-427.13.1.el9_4.x86_64.conf /tmp/kc-gfs-read-4244533950"
time=2026-08-24T13:13:40.332Z level=INFO msg="guestfs exec ok" bin=guestfish duration=41ms outputBytes=0 output=""
time=2026-08-24T13:13:40.332Z level=INFO msg="guestfs exec" bin=guestfish args="[--remote=143]" scriptLines=3 script="-mkdir-p /boot/loader/entries\n-upload /tmp/kc-gfs-write-1951648221 /boot/loader/entries/0-c175420caa354ef68edccf1fa2f94219-5.14.0-427.13.1.el9_4.x86_64.conf\n-chmod 0644 /boot/loader/entries/0-c175420caa354ef68edccf1fa2f94219-5.14.0-427.13.1.el9_4.x86_64.co…"
time=2026-08-24T13:13:40.368Z level=INFO msg="guestfs exec ok" bin=guestfish duration=36ms outputBytes=0 output=""
time=2026-08-24T13:13:40.368Z level=INFO msg="guestfs exec" bin=guestfish args="[--remote=143]" scriptLines=1 script="-download /boot/loader/entries/c175420caa354ef68edccf1fa2f94219-0-rescue.conf /tmp/kc-gfs-read-1698852356"
time=2026-08-24T13:13:40.404Z level=INFO msg="guestfs exec ok" bin=guestfish duration=35ms outputBytes=0 output=""
time=2026-08-24T13:13:40.404Z level=INFO msg="guestfs exec" bin=guestfish args="[--remote=143]" scriptLines=3 script="-mkdir-p /boot/loader/entries\n-upload /tmp/kc-gfs-write-837634621 /boot/loader/entries/c175420caa354ef68edccf1fa2f94219-0-rescue.conf\n-chmod 0644 /boot/loader/entries/c175420caa354ef68edccf1fa2f94219-0-rescue.conf"
time=2026-08-24T13:13:40.447Z level=INFO msg="guestfs exec ok" bin=guestfish duration=43ms outputBytes=0 output=""
time=2026-08-24T13:13:40.447Z level=INFO msg="guestfs exec" bin=guestfish args="[--remote=143]" scriptLines=1 script="-is-dir /boot/loader/entries"
time=2026-08-24T13:13:40.469Z level=INFO msg="guestfs exec ok" bin=guestfish duration=22ms outputBytes=5 output=true
time=2026-08-24T13:13:40.469Z level=INFO msg="guestfs exec" bin=guestfish args="[--remote=143]" scriptLines=1 script="-ll /boot/loader/entries"
time=2026-08-24T13:13:40.494Z level=INFO msg="guestfs exec ok" bin=guestfish duration=25ms outputBytes=294 output="total 8\ndrwx------. 2 root root 136 Aug 24 13:13 .\ndrwxr-xr-x. 3 root root  21 Jul  1  2025 ..\n-rw-r--r--. 1 root root 502 Aug 24 13:13 0-c175420caa354ef68edccf1fa2f94219-5.14.0-427.13.1.el9_4.x86_64.conf\n-rw-r--r--. 1 root root 540 Aug 24 13:13 c175420caa354ef68edccf1fa2f94219-0-rescue.conf"
time=2026-08-24T13:13:40.494Z level=INFO msg="guestfs exec" bin=guestfish args="[--remote=143]" scriptLines=1 script="-download /boot/loader/entries/0-c175420caa354ef68edccf1fa2f94219-5.14.0-427.13.1.el9_4.x86_64.conf /tmp/kc-gfs-read-3555479092"
time=2026-08-24T13:13:40.534Z level=INFO msg="guestfs exec ok" bin=guestfish duration=40ms outputBytes=0 output=""
time=2026-08-24T13:13:40.535Z level=INFO msg="guestfs exec" bin=guestfish args="[--remote=143]" scriptLines=3 script="-mkdir-p /boot/loader/entries\n-upload /tmp/kc-gfs-write-897036148 /boot/loader/entries/0-c175420caa354ef68edccf1fa2f94219-5.14.0-427.13.1.el9_4.x86_64.conf\n-chmod 0644 /boot/loader/entries/0-c175420caa354ef68edccf1fa2f94219-5.14.0-427.13.1.el9_4.x86_64.con…"
time=2026-08-24T13:13:40.571Z level=INFO msg="guestfs exec ok" bin=guestfish duration=37ms outputBytes=0 output=""
time=2026-08-24T13:13:40.572Z level=INFO msg="guestfs exec" bin=guestfish args="[--remote=143]" scriptLines=1 script="-download /boot/loader/entries/c175420caa354ef68edccf1fa2f94219-0-rescue.conf /tmp/kc-gfs-read-1448018212"
time=2026-08-24T13:13:40.608Z level=INFO msg="guestfs exec ok" bin=guestfish duration=36ms outputBytes=0 output=""
time=2026-08-24T13:13:40.609Z level=INFO msg="guestfs exec" bin=guestfish args="[--remote=143]" scriptLines=3 script="-mkdir-p /boot/loader/entries\n-upload /tmp/kc-gfs-write-2932413717 /boot/loader/entries/c175420caa354ef68edccf1fa2f94219-0-rescue.conf\n-chmod 0644 /boot/loader/entries/c175420caa354ef68edccf1fa2f94219-0-rescue.conf"
time=2026-08-24T13:13:40.652Z level=INFO msg="guestfs exec ok" bin=guestfish duration=43ms outputBytes=0 output=""
time=2026-08-24T13:13:40.653Z level=INFO msg="guestfs exec" bin=guestfish args="[--remote=143]" scriptLines=1 script="-is-dir /boot/loader/entries"
time=2026-08-24T13:13:40.679Z level=INFO msg="guestfs exec ok" bin=guestfish duration=27ms outputBytes=5 output=true
time=2026-08-24T13:13:40.680Z level=INFO msg="guestfs exec" bin=guestfish args="[--remote=143]" scriptLines=1 script="-ll /boot/loader/entries"
time=2026-08-24T13:13:40.704Z level=INFO msg="guestfs exec ok" bin=guestfish duration=25ms outputBytes=294 output="total 8\ndrwx------. 2 root root 136 Aug 24 13:13 .\ndrwxr-xr-x. 3 root root  21 Jul  1  2025 ..\n-rw-r--r--. 1 root root 496 Aug 24 13:13 0-c175420caa354ef68edccf1fa2f94219-5.14.0-427.13.1.el9_4.x86_64.conf\n-rw-r--r--. 1 root root 534 Aug 24 13:13 c175420caa354ef68edccf1fa2f94219-0-rescue.conf"
time=2026-08-24T13:13:40.705Z level=INFO msg="guestfs exec" bin=guestfish args="[--remote=143]" scriptLines=1 script="-download /boot/loader/entries/0-c175420caa354ef68edccf1fa2f94219-5.14.0-427.13.1.el9_4.x86_64.conf /tmp/kc-gfs-read-3366679753"
time=2026-08-24T13:13:40.745Z level=INFO msg="guestfs exec ok" bin=guestfish duration=41ms outputBytes=0 output=""
time=2026-08-24T13:13:40.746Z level=INFO msg="guestfs exec" bin=guestfish args="[--remote=143]" scriptLines=3 script="-mkdir-p /boot/loader/entries\n-upload /tmp/kc-gfs-write-1509302327 /boot/loader/entries/0-c175420caa354ef68edccf1fa2f94219-5.14.0-427.13.1.el9_4.x86_64.conf\n-chmod 0644 /boot/loader/entries/0-c175420caa354ef68edccf1fa2f94219-5.14.0-427.13.1.el9_4.x86_64.co…"
time=2026-08-24T13:13:40.782Z level=INFO msg="guestfs exec ok" bin=guestfish duration=36ms outputBytes=0 output=""
time=2026-08-24T13:13:40.782Z level=INFO msg="guestfs exec" bin=guestfish args="[--remote=143]" scriptLines=1 script="-download /boot/loader/entries/c175420caa354ef68edccf1fa2f94219-0-rescue.conf /tmp/kc-gfs-read-4106463644"
time=2026-08-24T13:13:40.823Z level=INFO msg="guestfs exec ok" bin=guestfish duration=41ms outputBytes=0 output=""
time=2026-08-24T13:13:40.823Z level=INFO msg="guestfs exec" bin=guestfish args="[--remote=143]" scriptLines=3 script="-mkdir-p /boot/loader/entries\n-upload /tmp/kc-gfs-write-875521713 /boot/loader/entries/c175420caa354ef68edccf1fa2f94219-0-rescue.conf\n-chmod 0644 /boot/loader/entries/c175420caa354ef68edccf1fa2f94219-0-rescue.conf"
time=2026-08-24T13:13:40.865Z level=INFO msg="guestfs exec ok" bin=guestfish duration=41ms outputBytes=0 output=""
time=2026-08-24T13:13:40.865Z level=INFO msg="guestfs exec" bin=guestfish args="[--remote=143]" scriptLines=1 script="-is-dir /boot/loader/entries"
time=2026-08-24T13:13:40.889Z level=INFO msg="guestfs exec ok" bin=guestfish duration=24ms outputBytes=5 output=true
time=2026-08-24T13:13:40.889Z level=INFO msg="guestfs exec" bin=guestfish args="[--remote=143]" scriptLines=1 script="-ll /boot/loader/entries"
time=2026-08-24T13:13:40.919Z level=INFO msg="guestfs exec ok" bin=guestfish duration=30ms outputBytes=294 output="total 8\ndrwx------. 2 root root 136 Aug 24 13:13 .\ndrwxr-xr-x. 3 root root  21 Jul  1  2025 ..\n-rw-r--r--. 1 root root 510 Aug 24 13:13 0-c175420caa354ef68edccf1fa2f94219-5.14.0-427.13.1.el9_4.x86_64.conf\n-rw-r--r--. 1 root root 548 Aug 24 13:13 c175420caa354ef68edccf1fa2f94219-0-rescue.conf"
time=2026-08-24T13:13:40.920Z level=INFO msg="guestfs exec" bin=guestfish args="[--remote=143]" scriptLines=1 script="-download /boot/loader/entries/0-c175420caa354ef68edccf1fa2f94219-5.14.0-427.13.1.el9_4.x86_64.conf /tmp/kc-gfs-read-221393455"
time=2026-08-24T13:13:40.961Z level=INFO msg="guestfs exec ok" bin=guestfish duration=41ms outputBytes=0 output=""
time=2026-08-24T13:13:40.962Z level=INFO msg="guestfs exec" bin=guestfish args="[--remote=143]" scriptLines=3 script="-mkdir-p /boot/loader/entries\n-upload /tmp/kc-gfs-write-622031475 /boot/loader/entries/0-c175420caa354ef68edccf1fa2f94219-5.14.0-427.13.1.el9_4.x86_64.conf\n-chmod 0644 /boot/loader/entries/0-c175420caa354ef68edccf1fa2f94219-5.14.0-427.13.1.el9_4.x86_64.con…"
time=2026-08-24T13:13:41.009Z level=INFO msg="guestfs exec ok" bin=guestfish duration=48ms outputBytes=0 output=""
time=2026-08-24T13:13:41.010Z level=INFO msg="guestfs exec" bin=guestfish args="[--remote=143]" scriptLines=1 script="-download /boot/loader/entries/c175420caa354ef68edccf1fa2f94219-0-rescue.conf /tmp/kc-gfs-read-1061431734"
time=2026-08-24T13:13:41.053Z level=INFO msg="guestfs exec ok" bin=guestfish duration=43ms outputBytes=0 output=""
time=2026-08-24T13:13:41.053Z level=INFO msg="guestfs exec" bin=guestfish args="[--remote=143]" scriptLines=3 script="-mkdir-p /boot/loader/entries\n-upload /tmp/kc-gfs-write-4008664901 /boot/loader/entries/c175420caa354ef68edccf1fa2f94219-0-rescue.conf\n-chmod 0644 /boot/loader/entries/c175420caa354ef68edccf1fa2f94219-0-rescue.conf"
time=2026-08-24T13:13:41.093Z level=INFO msg="guestfs exec ok" bin=guestfish duration=39ms outputBytes=0 output=""
time=2026-08-24T13:13:41.094Z level=INFO msg="guestfs exec" bin=guestfish args="[--remote=143]" scriptLines=1 script="-is-dir /boot/loader/entries"
time=2026-08-24T13:13:41.123Z level=INFO msg="guestfs exec ok" bin=guestfish duration=29ms outputBytes=5 output=true
time=2026-08-24T13:13:41.123Z level=INFO msg="guestfs exec" bin=guestfish args="[--remote=143]" scriptLines=1 script="-ll /boot/loader/entries"
time=2026-08-24T13:13:41.149Z level=INFO msg="guestfs exec ok" bin=guestfish duration=26ms outputBytes=294 output="total 8\ndrwx------. 2 root root 136 Aug 24 13:13 .\ndrwxr-xr-x. 3 root root  21 Jul  1  2025 ..\n-rw-r--r--. 1 root root 510 Aug 24 13:13 0-c175420caa354ef68edccf1fa2f94219-5.14.0-427.13.1.el9_4.x86_64.conf\n-rw-r--r--. 1 root root 548 Aug 24 13:13 c175420caa354ef68edccf1fa2f94219-0-rescue.conf"
time=2026-08-24T13:13:41.149Z level=INFO msg="guestfs exec" bin=guestfish args="[--remote=143]" scriptLines=1 script="-download /boot/loader/entries/0-c175420caa354ef68edccf1fa2f94219-5.14.0-427.13.1.el9_4.x86_64.conf /tmp/kc-gfs-read-3722764149"
time=2026-08-24T13:13:41.194Z level=INFO msg="guestfs exec ok" bin=guestfish duration=45ms outputBytes=0 output=""
time=2026-08-24T13:13:41.194Z level=INFO msg="guestfs exec" bin=guestfish args="[--remote=143]" scriptLines=3 script="-mkdir-p /boot/loader/entries\n-upload /tmp/kc-gfs-write-2896013866 /boot/loader/entries/0-c175420caa354ef68edccf1fa2f94219-5.14.0-427.13.1.el9_4.x86_64.conf\n-chmod 0644 /boot/loader/entries/0-c175420caa354ef68edccf1fa2f94219-5.14.0-427.13.1.el9_4.x86_64.co…"
time=2026-08-24T13:13:41.234Z level=INFO msg="guestfs exec ok" bin=guestfish duration=40ms outputBytes=0 output=""
time=2026-08-24T13:13:41.235Z level=INFO msg="guestfs exec" bin=guestfish args="[--remote=143]" scriptLines=1 script="-download /boot/loader/entries/c175420caa354ef68edccf1fa2f94219-0-rescue.conf /tmp/kc-gfs-read-1845287349"
time=2026-08-24T13:13:41.276Z level=INFO msg="guestfs exec ok" bin=guestfish duration=42ms outputBytes=0 output=""
time=2026-08-24T13:13:41.277Z level=INFO msg="guestfs exec" bin=guestfish args="[--remote=143]" scriptLines=3 script="-mkdir-p /boot/loader/entries\n-upload /tmp/kc-gfs-write-1124323835 /boot/loader/entries/c175420caa354ef68edccf1fa2f94219-0-rescue.conf\n-chmod 0644 /boot/loader/entries/c175420caa354ef68edccf1fa2f94219-0-rescue.conf"
time=2026-08-24T13:13:41.315Z level=INFO msg="guestfs exec ok" bin=guestfish duration=38ms outputBytes=0 output=""
time=2026-08-24T13:13:41.315Z level=INFO msg="guestfs exec" bin=guestfish args="[--remote=143]" scriptLines=1 script="-is-dir /boot/loader/entries"
time=2026-08-24T13:13:41.344Z level=INFO msg="guestfs exec ok" bin=guestfish duration=29ms outputBytes=5 output=true
time=2026-08-24T13:13:41.344Z level=INFO msg="guestfs exec" bin=guestfish args="[--remote=143]" scriptLines=1 script="-ll /boot/loader/entries"
time=2026-08-24T13:13:41.367Z level=INFO msg="guestfs exec ok" bin=guestfish duration=23ms outputBytes=294 output="total 8\ndrwx------. 2 root root 136 Aug 24 13:13 .\ndrwxr-xr-x. 3 root root  21 Jul  1  2025 ..\n-rw-r--r--. 1 root root 510 Aug 24 13:13 0-c175420caa354ef68edccf1fa2f94219-5.14.0-427.13.1.el9_4.x86_64.conf\n-rw-r--r--. 1 root root 548 Aug 24 13:13 c175420caa354ef68edccf1fa2f94219-0-rescue.conf"
time=2026-08-24T13:13:41.368Z level=INFO msg="guestfs exec" bin=guestfish args="[--remote=143]" scriptLines=1 script="-download /boot/loader/entries/0-c175420caa354ef68edccf1fa2f94219-5.14.0-427.13.1.el9_4.x86_64.conf /tmp/kc-gfs-read-1106902943"
time=2026-08-24T13:13:41.408Z level=INFO msg="guestfs exec ok" bin=guestfish duration=40ms outputBytes=0 output=""
time=2026-08-24T13:13:41.408Z level=INFO msg="guestfs exec" bin=guestfish args="[--remote=143]" scriptLines=3 script="-mkdir-p /boot/loader/entries\n-upload /tmp/kc-gfs-write-2347333884 /boot/loader/entries/0-c175420caa354ef68edccf1fa2f94219-5.14.0-427.13.1.el9_4.x86_64.conf\n-chmod 0644 /boot/loader/entries/0-c175420caa354ef68edccf1fa2f94219-5.14.0-427.13.1.el9_4.x86_64.co…"
time=2026-08-24T13:13:41.447Z level=INFO msg="guestfs exec ok" bin=guestfish duration=38ms outputBytes=0 output=""
time=2026-08-24T13:13:41.447Z level=INFO msg="guestfs exec" bin=guestfish args="[--remote=143]" scriptLines=1 script="-download /boot/loader/entries/c175420caa354ef68edccf1fa2f94219-0-rescue.conf /tmp/kc-gfs-read-2726246729"
time=2026-08-24T13:13:41.483Z level=INFO msg="guestfs exec ok" bin=guestfish duration=36ms outputBytes=0 output=""
time=2026-08-24T13:13:41.484Z level=INFO msg="guestfs exec" bin=guestfish args="[--remote=143]" scriptLines=3 script="-mkdir-p /boot/loader/entries\n-upload /tmp/kc-gfs-write-1947485743 /boot/loader/entries/c175420caa354ef68edccf1fa2f94219-0-rescue.conf\n-chmod 0644 /boot/loader/entries/c175420caa354ef68edccf1fa2f94219-0-rescue.conf"
time=2026-08-24T13:13:41.520Z level=INFO msg="guestfs exec ok" bin=guestfish duration=37ms outputBytes=0 output=""
time=2026-08-24T13:13:41.520Z level=INFO msg="guestfs exec" bin=guestfish args="[--remote=143]" scriptLines=1 script="-exists /etc/X11/xorg.conf"
time=2026-08-24T13:13:41.545Z level=INFO msg="guestfs exec ok" bin=guestfish duration=25ms outputBytes=6 output=false
time=2026-08-24T13:13:41.545Z level=INFO msg="guestfs exec" bin=guestfish args="[--remote=143]" scriptLines=1 script="-exists /etc/X11/XF86Config"
time=2026-08-24T13:13:41.565Z level=INFO msg="guestfs exec ok" bin=guestfish duration=20ms outputBytes=6 output=false
time=2026-08-24T13:13:41.565Z level=INFO msg="cleaning up hypervisor artifacts" plugins="[xen citrix ec2 hyperv virtualbox vmware kudzu nutanix parallels]"
time=2026-08-24T13:13:41.565Z level=INFO msg="guestfs exec" bin=guestfish args="[--remote=143]" scriptLines=1 script="-exists /etc/vmware-tools"
time=2026-08-24T13:13:41.587Z level=INFO msg="guestfs exec ok" bin=guestfish duration=22ms outputBytes=5 output=true
time=2026-08-24T13:13:41.587Z level=INFO msg="running hypervisor cleanup" name=vmware
time=2026-08-24T13:13:41.587Z level=INFO msg="guestfs exec" bin=guestfish args="[--remote=143]" scriptLines=1 script="-rm /etc/systemd/system/multi-user.target.wants/vmtoolsd.service"
time=2026-08-24T13:13:41.621Z level=INFO msg="guestfs exec ok" bin=guestfish duration=34ms outputBytes=0 output=""
time=2026-08-24T13:13:41.622Z level=INFO msg="guestfs exec" bin=guestfish args="[--remote=143]" scriptLines=1 script="-rm /etc/systemd/system/default.target.wants/vmtoolsd.service"
time=2026-08-24T13:13:41.651Z level=INFO msg="guestfs exec ok" bin=guestfish duration=29ms outputBytes=0 output=""
time=2026-08-24T13:13:41.651Z level=INFO msg="guestfs exec" bin=guestfish args="[--remote=143]" scriptLines=1 script="-rm /etc/systemd/system/sockets.target.wants/vmtoolsd.service"
time=2026-08-24T13:13:41.679Z level=INFO msg="guestfs exec ok" bin=guestfish duration=28ms outputBytes=0 output=""
time=2026-08-24T13:13:41.679Z level=INFO msg="guestfs exec" bin=guestfish args="[--remote=143]" scriptLines=1 script="-rm /etc/systemd/system/graphical.target.wants/vmtoolsd.service"
time=2026-08-24T13:13:41.711Z level=INFO msg="guestfs exec ok" bin=guestfish duration=32ms outputBytes=0 output=""
time=2026-08-24T13:13:41.711Z level=INFO msg="guestfs exec" bin=guestfish args="[--remote=143]" scriptLines=1 script="-rm /usr/lib/systemd/system/multi-user.target.wants/vmtoolsd.service"
time=2026-08-24T13:13:41.746Z level=INFO msg="guestfs exec ok" bin=guestfish duration=35ms outputBytes=0 output=""
time=2026-08-24T13:13:41.746Z level=INFO msg="guestfs exec" bin=guestfish args="[--remote=143]" scriptLines=1 script="-rm /usr/lib/systemd/system/default.target.wants/vmtoolsd.service"
time=2026-08-24T13:13:41.776Z level=INFO msg="guestfs exec ok" bin=guestfish duration=30ms outputBytes=0 output=""
time=2026-08-24T13:13:41.776Z level=INFO msg="guestfs exec" bin=guestfish args="[--remote=143]" scriptLines=1 script="-rm /usr/lib/systemd/system/sockets.target.wants/vmtoolsd.service"
time=2026-08-24T13:13:41.803Z level=INFO msg="guestfs exec ok" bin=guestfish duration=27ms outputBytes=0 output=""
time=2026-08-24T13:13:41.803Z level=INFO msg="guestfs exec" bin=guestfish args="[--remote=143]" scriptLines=1 script="-rm /usr/lib/systemd/system/graphical.target.wants/vmtoolsd.service"
time=2026-08-24T13:13:41.833Z level=INFO msg="guestfs exec ok" bin=guestfish duration=30ms outputBytes=0 output=""
time=2026-08-24T13:13:41.833Z level=INFO msg="guestfs exec" bin=guestfish args="[--remote=143]" scriptLines=1 script="-mkdir-p /etc/systemd/system"
time=2026-08-24T13:13:41.853Z level=INFO msg="guestfs exec ok" bin=guestfish duration=20ms outputBytes=0 output=""
time=2026-08-24T13:13:41.853Z level=INFO msg="guestfs exec" bin=guestfish args="[--remote=143]" scriptLines=1 script="-rm /etc/systemd/system/vmtoolsd.service"
time=2026-08-24T13:13:41.879Z level=INFO msg="guestfs exec ok" bin=guestfish duration=26ms outputBytes=0 output=""
time=2026-08-24T13:13:41.879Z level=INFO msg="guestfs exec" bin=guestfish args="[--remote=143]" scriptLines=1 script="-ln-s /dev/null /etc/systemd/system/vmtoolsd.service"
time=2026-08-24T13:13:41.909Z level=INFO msg="guestfs exec ok" bin=guestfish duration=29ms outputBytes=0 output=""
time=2026-08-24T13:13:41.909Z level=INFO msg="guestfs exec" bin=guestfish args="[--remote=143]" scriptLines=1 script="-rm /etc/systemd/system/multi-user.target.wants/open-vm-tools.service"
time=2026-08-24T13:13:41.936Z level=INFO msg="guestfs exec ok" bin=guestfish duration=27ms outputBytes=0 output=""
time=2026-08-24T13:13:41.936Z level=INFO msg="guestfs exec" bin=guestfish args="[--remote=143]" scriptLines=1 script="-rm /etc/systemd/system/default.target.wants/open-vm-tools.service"
time=2026-08-24T13:13:41.962Z level=INFO msg="guestfs exec ok" bin=guestfish duration=26ms outputBytes=0 output=""
time=2026-08-24T13:13:41.962Z level=INFO msg="guestfs exec" bin=guestfish args="[--remote=143]" scriptLines=1 script="-rm /etc/systemd/system/sockets.target.wants/open-vm-tools.service"
time=2026-08-24T13:13:41.990Z level=INFO msg="guestfs exec ok" bin=guestfish duration=28ms outputBytes=0 output=""
time=2026-08-24T13:13:41.990Z level=INFO msg="guestfs exec" bin=guestfish args="[--remote=143]" scriptLines=1 script="-rm /etc/systemd/system/graphical.target.wants/open-vm-tools.service"
time=2026-08-24T13:13:42.016Z level=INFO msg="guestfs exec ok" bin=guestfish duration=26ms outputBytes=0 output=""
time=2026-08-24T13:13:42.016Z level=INFO msg="guestfs exec" bin=guestfish args="[--remote=143]" scriptLines=1 script="-rm /usr/lib/systemd/system/multi-user.target.wants/open-vm-tools.service"
time=2026-08-24T13:13:42.043Z level=INFO msg="guestfs exec ok" bin=guestfish duration=26ms outputBytes=0 output=""
time=2026-08-24T13:13:42.043Z level=INFO msg="guestfs exec" bin=guestfish args="[--remote=143]" scriptLines=1 script="-rm /usr/lib/systemd/system/default.target.wants/open-vm-tools.service"
time=2026-08-24T13:13:42.073Z level=INFO msg="guestfs exec ok" bin=guestfish duration=30ms outputBytes=0 output=""
time=2026-08-24T13:13:42.073Z level=INFO msg="guestfs exec" bin=guestfish args="[--remote=143]" scriptLines=1 script="-rm /usr/lib/systemd/system/sockets.target.wants/open-vm-tools.service"
time=2026-08-24T13:13:42.104Z level=INFO msg="guestfs exec ok" bin=guestfish duration=31ms outputBytes=0 output=""
time=2026-08-24T13:13:42.104Z level=INFO msg="guestfs exec" bin=guestfish args="[--remote=143]" scriptLines=1 script="-rm /usr/lib/systemd/system/graphical.target.wants/open-vm-tools.service"
time=2026-08-24T13:13:42.130Z level=INFO msg="guestfs exec ok" bin=guestfish duration=26ms outputBytes=0 output=""
time=2026-08-24T13:13:42.130Z level=INFO msg="guestfs exec" bin=guestfish args="[--remote=143]" scriptLines=1 script="-mkdir-p /etc/systemd/system"
time=2026-08-24T13:13:42.150Z level=INFO msg="guestfs exec ok" bin=guestfish duration=20ms outputBytes=0 output=""
time=2026-08-24T13:13:42.150Z level=INFO msg="guestfs exec" bin=guestfish args="[--remote=143]" scriptLines=1 script="-rm /etc/systemd/system/open-vm-tools.service"
time=2026-08-24T13:13:42.179Z level=INFO msg="guestfs exec ok" bin=guestfish duration=29ms outputBytes=0 output=""
time=2026-08-24T13:13:42.180Z level=INFO msg="guestfs exec" bin=guestfish args="[--remote=143]" scriptLines=1 script="-ln-s /dev/null /etc/systemd/system/open-vm-tools.service"
time=2026-08-24T13:13:42.203Z level=INFO msg="guestfs exec ok" bin=guestfish duration=23ms outputBytes=0 output=""
time=2026-08-24T13:13:42.203Z level=INFO msg="guestfs exec" bin=guestfish args="[--remote=143]" scriptLines=1 script="-rm /etc/systemd/system/multi-user.target.wants/vgauthd.service"
time=2026-08-24T13:13:42.235Z level=INFO msg="guestfs exec ok" bin=guestfish duration=31ms outputBytes=0 output=""
time=2026-08-24T13:13:42.235Z level=INFO msg="guestfs exec" bin=guestfish args="[--remote=143]" scriptLines=1 script="-rm /etc/systemd/system/default.target.wants/vgauthd.service"
time=2026-08-24T13:13:42.261Z level=INFO msg="guestfs exec ok" bin=guestfish duration=26ms outputBytes=0 output=""
time=2026-08-24T13:13:42.261Z level=INFO msg="guestfs exec" bin=guestfish args="[--remote=143]" scriptLines=1 script="-rm /etc/systemd/system/sockets.target.wants/vgauthd.service"
time=2026-08-24T13:13:42.288Z level=INFO msg="guestfs exec ok" bin=guestfish duration=28ms outputBytes=0 output=""
time=2026-08-24T13:13:42.288Z level=INFO msg="guestfs exec" bin=guestfish args="[--remote=143]" scriptLines=1 script="-rm /etc/systemd/system/graphical.target.wants/vgauthd.service"
time=2026-08-24T13:13:42.315Z level=INFO msg="guestfs exec ok" bin=guestfish duration=26ms outputBytes=0 output=""
time=2026-08-24T13:13:42.315Z level=INFO msg="guestfs exec" bin=guestfish args="[--remote=143]" scriptLines=1 script="-rm /usr/lib/systemd/system/multi-user.target.wants/vgauthd.service"
time=2026-08-24T13:13:42.340Z level=INFO msg="guestfs exec ok" bin=guestfish duration=25ms outputBytes=0 output=""
time=2026-08-24T13:13:42.340Z level=INFO msg="guestfs exec" bin=guestfish args="[--remote=143]" scriptLines=1 script="-rm /usr/lib/systemd/system/default.target.wants/vgauthd.service"
time=2026-08-24T13:13:42.365Z level=INFO msg="guestfs exec ok" bin=guestfish duration=25ms outputBytes=0 output=""
time=2026-08-24T13:13:42.365Z level=INFO msg="guestfs exec" bin=guestfish args="[--remote=143]" scriptLines=1 script="-rm /usr/lib/systemd/system/sockets.target.wants/vgauthd.service"
time=2026-08-24T13:13:42.392Z level=INFO msg="guestfs exec ok" bin=guestfish duration=27ms outputBytes=0 output=""
time=2026-08-24T13:13:42.392Z level=INFO msg="guestfs exec" bin=guestfish args="[--remote=143]" scriptLines=1 script="-rm /usr/lib/systemd/system/graphical.target.wants/vgauthd.service"
time=2026-08-24T13:13:42.425Z level=INFO msg="guestfs exec ok" bin=guestfish duration=33ms outputBytes=0 output=""
time=2026-08-24T13:13:42.425Z level=INFO msg="guestfs exec" bin=guestfish args="[--remote=143]" scriptLines=1 script="-mkdir-p /etc/systemd/system"
time=2026-08-24T13:13:42.446Z level=INFO msg="guestfs exec ok" bin=guestfish duration=20ms outputBytes=0 output=""
time=2026-08-24T13:13:42.446Z level=INFO msg="guestfs exec" bin=guestfish args="[--remote=143]" scriptLines=1 script="-rm /etc/systemd/system/vgauthd.service"
time=2026-08-24T13:13:42.472Z level=INFO msg="guestfs exec ok" bin=guestfish duration=26ms outputBytes=0 output=""
time=2026-08-24T13:13:42.472Z level=INFO msg="guestfs exec" bin=guestfish args="[--remote=143]" scriptLines=1 script="-ln-s /dev/null /etc/systemd/system/vgauthd.service"
time=2026-08-24T13:13:42.494Z level=INFO msg="guestfs exec ok" bin=guestfish duration=23ms outputBytes=0 output=""
time=2026-08-24T13:13:42.494Z level=INFO msg="guestfs exec" bin=guestfish args="[--remote=143]" scriptLines=1 script="-is-dir /etc/yum.repos.d"
time=2026-08-24T13:13:42.522Z level=INFO msg="guestfs exec ok" bin=guestfish duration=28ms outputBytes=5 output=true
time=2026-08-24T13:13:42.522Z level=INFO msg="guestfs exec" bin=guestfish args="[--remote=143]" scriptLines=1 script="-ll /etc/yum.repos.d"
time=2026-08-24T13:13:42.552Z level=INFO msg="guestfs exec ok" bin=guestfish duration=30ms outputBytes=213 output="total 20\ndrwxr-xr-x.   2 root root   42 Jul 31  2025 .\ndrwxr-xr-x. 132 root root 8192 Jul 28 12:33 ..\n-rw-r--r--.   1 root root  358 Jul  8  2025 redhat.repo\n-rw-r--r--.   1 root root  682 Jul 31  2025 rhel.repo"
time=2026-08-24T13:13:42.553Z level=INFO msg="guestfs exec" bin=guestfish args="[--remote=143]" scriptLines=1 script="-download /etc/yum.repos.d/redhat.repo /tmp/kc-gfs-read-4235686750"
time=2026-08-24T13:13:42.595Z level=INFO msg="guestfs exec ok" bin=guestfish duration=42ms outputBytes=0 output=""
time=2026-08-24T13:13:42.595Z level=INFO msg="guestfs exec" bin=guestfish args="[--remote=143]" scriptLines=1 script="-download /etc/yum.repos.d/rhel.repo /tmp/kc-gfs-read-2916788196"
time=2026-08-24T13:13:42.638Z level=INFO msg="guestfs exec ok" bin=guestfish duration=43ms outputBytes=0 output=""
time=2026-08-24T13:13:42.638Z level=INFO msg="guestfs exec" bin=guestfish args="[--remote=143]" scriptLines=1 script="-rm-rf /etc/vmware-tools"
time=2026-08-24T13:13:42.673Z level=INFO msg="guestfs exec ok" bin=guestfish duration=35ms outputBytes=0 output=""
time=2026-08-24T13:13:42.673Z level=INFO msg="guestfs exec" bin=guestfish args="[--remote=143]" scriptLines=1 script="-rm-rf /usr/lib/vmware-tools"
time=2026-08-24T13:13:42.697Z level=INFO msg="guestfs exec ok" bin=guestfish duration=24ms outputBytes=0 output=""
time=2026-08-24T13:13:42.697Z level=INFO msg="guestfs exec" bin=guestfish args="[--remote=143]" scriptLines=1 script="-rm-rf /usr/lib64/vmware-tools"
time=2026-08-24T13:13:42.728Z level=INFO msg="guestfs exec ok" bin=guestfish duration=31ms outputBytes=0 output=""
time=2026-08-24T13:13:42.728Z level=INFO msg="guestfs exec" bin=guestfish args="[--remote=143]" scriptLines=1 script="-mkdir-p /var/lib/kc-firstboot"
time=2026-08-24T13:13:42.759Z level=INFO msg="guestfs exec ok" bin=guestfish duration=31ms outputBytes=0 output=""
time=2026-08-24T13:13:42.759Z level=INFO msg="guestfs exec" bin=guestfish args="[--remote=143]" scriptLines=3 script="-mkdir-p /var/lib/kc-firstboot\n-upload /tmp/kc-gfs-write-3515175597 /var/lib/kc-firstboot/remove-vmware-pkgs.sh\n-chmod 0755 /var/lib/kc-firstboot/remove-vmware-pkgs.sh"
time=2026-08-24T13:13:42.795Z level=INFO msg="guestfs exec ok" bin=guestfish duration=36ms outputBytes=0 output=""
time=2026-08-24T13:13:42.795Z level=INFO msg="guestfs exec" bin=guestfish args="[--remote=143]" scriptLines=1 script="-mkdir-p /etc/systemd/system"
time=2026-08-24T13:13:42.819Z level=INFO msg="guestfs exec ok" bin=guestfish duration=24ms outputBytes=0 output=""
time=2026-08-24T13:13:42.819Z level=INFO msg="guestfs exec" bin=guestfish args="[--remote=143]" scriptLines=3 script="-mkdir-p /etc/systemd/system\n-upload /tmp/kc-gfs-write-3666581271 /etc/systemd/system/kc-remove-vmware.service\n-chmod 0644 /etc/systemd/system/kc-remove-vmware.service"
time=2026-08-24T13:13:42.859Z level=INFO msg="guestfs exec ok" bin=guestfish duration=39ms outputBytes=0 output=""
time=2026-08-24T13:13:42.859Z level=INFO msg="guestfs exec" bin=guestfish args="[--remote=143]" scriptLines=1 script="-mkdir-p /etc/systemd/system/multi-user.target.wants"
time=2026-08-24T13:13:42.882Z level=INFO msg="guestfs exec ok" bin=guestfish duration=23ms outputBytes=0 output=""
time=2026-08-24T13:13:42.882Z level=INFO msg="guestfs exec" bin=guestfish args="[--remote=143]" scriptLines=1 script="-rm /etc/systemd/system/multi-user.target.wants/kc-remove-vmware.service"
time=2026-08-24T13:13:42.909Z level=INFO msg="guestfs exec ok" bin=guestfish duration=27ms outputBytes=0 output=""
time=2026-08-24T13:13:42.909Z level=INFO msg="guestfs exec" bin=guestfish args="[--remote=143]" scriptLines=1 script="-ln-s /etc/systemd/system/kc-remove-vmware.service /etc/systemd/system/multi-user.target.wants/kc-remove-vmware.service"
time=2026-08-24T13:13:42.940Z level=INFO msg="guestfs exec ok" bin=guestfish duration=31ms outputBytes=0 output=""
time=2026-08-24T13:13:42.940Z level=INFO msg="hypervisor cleanup complete" name=vmware
time=2026-08-24T13:13:42.940Z level=INFO msg="guestfs exec" bin=guestfish args="[--remote=143]" scriptLines=1 script="-exists /usr/local/nutanix/ngt"
time=2026-08-24T13:13:42.965Z level=INFO msg="guestfs exec ok" bin=guestfish duration=25ms outputBytes=6 output=false
time=2026-08-24T13:13:42.965Z level=INFO msg="guestfs exec" bin=guestfish args="[--remote=143]" scriptLines=1 script="-exists /etc/rc.d/init.d/ngt_guest_agent"
time=2026-08-24T13:13:42.994Z level=INFO msg="guestfs exec ok" bin=guestfish duration=28ms outputBytes=6 output=false
time=2026-08-24T13:13:42.994Z level=INFO msg="guestfs exec" bin=guestfish args="[--remote=143]" scriptLines=1 script="-exists /etc/init.d/ngt_guest_agent"
time=2026-08-24T13:13:43.015Z level=INFO msg="guestfs exec ok" bin=guestfish duration=21ms outputBytes=6 output=false
time=2026-08-24T13:13:43.015Z level=INFO msg="guestfs exec" bin=guestfish args="[--remote=143]" scriptLines=1 script="-download /etc/sysconfig/kernel /tmp/kc-gfs-read-938593909"
time=2026-08-24T13:13:43.058Z level=INFO msg="guestfs exec ok" bin=guestfish duration=43ms outputBytes=0 output=""
time=2026-08-24T13:13:43.058Z level=INFO msg="guestfs exec" bin=guestfish args="[--remote=143]" scriptLines=1 script="-exists /usr/bin/amazon-ssm-agent"
time=2026-08-24T13:13:43.081Z level=INFO msg="guestfs exec ok" bin=guestfish duration=23ms outputBytes=6 output=false
time=2026-08-24T13:13:43.081Z level=INFO msg="guestfs exec" bin=guestfish args="[--remote=143]" scriptLines=1 script="-exists /etc/amazon/ssm"
time=2026-08-24T13:13:43.101Z level=INFO msg="guestfs exec ok" bin=guestfish duration=20ms outputBytes=6 output=false
time=2026-08-24T13:13:43.101Z level=INFO msg="guestfs exec" bin=guestfish args="[--remote=143]" scriptLines=1 script="-exists /usr/bin/ec2-instance-connect"
time=2026-08-24T13:13:43.121Z level=INFO msg="guestfs exec ok" bin=guestfish duration=20ms outputBytes=6 output=false
time=2026-08-24T13:13:43.121Z level=INFO msg="guestfs exec" bin=guestfish args="[--remote=143]" scriptLines=1 script="-exists /etc/cloud/cloud.cfg"
time=2026-08-24T13:13:43.141Z level=INFO msg="guestfs exec ok" bin=guestfish duration=20ms outputBytes=6 output=false
time=2026-08-24T13:13:43.141Z level=INFO msg="guestfs exec" bin=guestfish args="[--remote=143]" scriptLines=1 script="-is-dir /etc/cloud/cloud.cfg.d"
time=2026-08-24T13:13:43.165Z level=INFO msg="guestfs exec ok" bin=guestfish duration=24ms outputBytes=6 output=false
time=2026-08-24T13:13:43.165Z level=INFO msg="guestfs exec" bin=guestfish args="[--remote=143]" scriptLines=1 script="-exists /etc/init.d/kudzu"
time=2026-08-24T13:13:43.187Z level=INFO msg="guestfs exec ok" bin=guestfish duration=21ms outputBytes=6 output=false
time=2026-08-24T13:13:43.187Z level=INFO msg="guestfs exec" bin=guestfish args="[--remote=143]" scriptLines=1 script="-exists /usr/bin/prlsrvctl"
time=2026-08-24T13:13:43.208Z level=INFO msg="guestfs exec ok" bin=guestfish duration=22ms outputBytes=6 output=false
time=2026-08-24T13:13:43.208Z level=INFO msg="guestfs exec" bin=guestfish args="[--remote=143]" scriptLines=1 script="-exists /usr/sbin/prltoolsd"
time=2026-08-24T13:13:43.234Z level=INFO msg="guestfs exec ok" bin=guestfish duration=25ms outputBytes=6 output=false
time=2026-08-24T13:13:43.234Z level=INFO msg="guestfs exec" bin=guestfish args="[--remote=143]" scriptLines=1 script="-exists /usr/lib/parallels-tools/install"
time=2026-08-24T13:13:43.258Z level=INFO msg="guestfs exec ok" bin=guestfish duration=24ms outputBytes=6 output=false
time=2026-08-24T13:13:43.258Z level=INFO msg="guestfs exec" bin=guestfish args="[--remote=143]" scriptLines=1 script="-exists /etc/xensource-inventory"
time=2026-08-24T13:13:43.279Z level=INFO msg="guestfs exec ok" bin=guestfish duration=21ms outputBytes=6 output=false
time=2026-08-24T13:13:43.280Z level=INFO msg="guestfs exec" bin=guestfish args="[--remote=143]" scriptLines=1 script="-exists /usr/sbin/xe-daemon"
time=2026-08-24T13:13:43.306Z level=INFO msg="guestfs exec ok" bin=guestfish duration=26ms outputBytes=6 output=false
time=2026-08-24T13:13:43.306Z level=INFO msg="guestfs exec" bin=guestfish args="[--remote=143]" scriptLines=1 script="-exists /usr/sbin/hv_kvp_daemon"
time=2026-08-24T13:13:43.332Z level=INFO msg="guestfs exec ok" bin=guestfish duration=26ms outputBytes=6 output=false
time=2026-08-24T13:13:43.332Z level=INFO msg="guestfs exec" bin=guestfish args="[--remote=143]" scriptLines=1 script="-exists /usr/sbin/hv_fcopy_daemon"
time=2026-08-24T13:13:43.358Z level=INFO msg="guestfs exec ok" bin=guestfish duration=26ms outputBytes=6 output=false
time=2026-08-24T13:13:43.358Z level=INFO msg="guestfs exec" bin=guestfish args="[--remote=143]" scriptLines=1 script="-exists /usr/sbin/hv_vss_daemon"
time=2026-08-24T13:13:43.386Z level=INFO msg="guestfs exec ok" bin=guestfish duration=28ms outputBytes=6 output=false
time=2026-08-24T13:13:43.386Z level=INFO msg="guestfs exec" bin=guestfish args="[--remote=143]" scriptLines=1 script="-exists /usr/bin/VBoxService"
time=2026-08-24T13:13:43.412Z level=INFO msg="guestfs exec ok" bin=guestfish duration=26ms outputBytes=6 output=false
time=2026-08-24T13:13:43.412Z level=INFO msg="guestfs exec" bin=guestfish args="[--remote=143]" scriptLines=1 script="-exists /usr/sbin/VBoxService"
time=2026-08-24T13:13:43.433Z level=INFO msg="guestfs exec ok" bin=guestfish duration=21ms outputBytes=6 output=false
time=2026-08-24T13:13:43.433Z level=INFO msg="guestfs exec" bin=guestfish args="[--remote=143]" scriptLines=1 script="-exists /var/lib/VBoxGuestAdditions/config"
time=2026-08-24T13:13:43.457Z level=INFO msg="guestfs exec ok" bin=guestfish duration=24ms outputBytes=6 output=false
time=2026-08-24T13:13:43.457Z level=INFO msg="guestfs exec" bin=guestfish args="[--remote=143]" scriptLines=1 script="-exists /usr/lib/systemd/network/80-ec2.network"
time=2026-08-24T13:13:43.479Z level=INFO msg="guestfs exec ok" bin=guestfish duration=21ms outputBytes=6 output=false
time=2026-08-24T13:13:43.479Z level=INFO msg="guestfs exec" bin=guestfish args="[--remote=143]" scriptLines=1 script="-download /etc/os-release /tmp/kc-gfs-read-855098906"
time=2026-08-24T13:13:43.516Z level=INFO msg="guestfs exec ok" bin=guestfish duration=37ms outputBytes=0 output=""
time=2026-08-24T13:13:43.516Z level=INFO msg="guestfs exec" bin=guestfish args="[--remote=143]" scriptLines=1 script="-download /usr/lib/os-release /tmp/kc-gfs-read-3782379161"
time=2026-08-24T13:13:43.553Z level=INFO msg="guestfs exec ok" bin=guestfish duration=37ms outputBytes=0 output=""
time=2026-08-24T13:13:43.553Z level=INFO msg="guestfs exec" bin=guestfish args="[--remote=143]" scriptLines=1 script="-readlink /etc/systemd/system/multi-user.target.wants/systemd-networkd.service"
time=2026-08-24T13:13:43.579Z level=INFO msg="guestfs exec ok" bin=guestfish duration=26ms outputBytes=0 output=""
time=2026-08-24T13:13:43.579Z level=INFO msg="guestfs exec" bin=guestfish args="[--remote=143]" scriptLines=1 script="-exists /etc/systemd/system/multi-user.target.wants/systemd-networkd.service"
time=2026-08-24T13:13:43.598Z level=INFO msg="guestfs exec ok" bin=guestfish duration=19ms outputBytes=6 output=false
time=2026-08-24T13:13:43.598Z level=INFO msg="guestfs exec" bin=guestfish args="[--remote=143]" scriptLines=1 script="-readlink /etc/systemd/system/default.target.wants/systemd-networkd.service"
time=2026-08-24T13:13:43.628Z level=INFO msg="guestfs exec ok" bin=guestfish duration=30ms outputBytes=0 output=""
time=2026-08-24T13:13:43.629Z level=INFO msg="guestfs exec" bin=guestfish args="[--remote=143]" scriptLines=1 script="-exists /etc/systemd/system/default.target.wants/systemd-networkd.service"
time=2026-08-24T13:13:43.651Z level=INFO msg="guestfs exec ok" bin=guestfish duration=22ms outputBytes=6 output=false
time=2026-08-24T13:13:43.651Z level=INFO msg="guestfs exec" bin=guestfish args="[--remote=143]" scriptLines=1 script="-readlink /etc/systemd/system/sockets.target.wants/systemd-networkd.service"
time=2026-08-24T13:13:43.680Z level=INFO msg="guestfs exec ok" bin=guestfish duration=29ms outputBytes=0 output=""
time=2026-08-24T13:13:43.680Z level=INFO msg="guestfs exec" bin=guestfish args="[--remote=143]" scriptLines=1 script="-exists /etc/systemd/system/sockets.target.wants/systemd-networkd.service"
time=2026-08-24T13:13:43.700Z level=INFO msg="guestfs exec ok" bin=guestfish duration=20ms outputBytes=6 output=false
time=2026-08-24T13:13:43.700Z level=INFO msg="guestfs exec" bin=guestfish args="[--remote=143]" scriptLines=1 script="-readlink /etc/systemd/system/graphical.target.wants/systemd-networkd.service"
time=2026-08-24T13:13:43.729Z level=INFO msg="guestfs exec ok" bin=guestfish duration=29ms outputBytes=0 output=""
time=2026-08-24T13:13:43.729Z level=INFO msg="guestfs exec" bin=guestfish args="[--remote=143]" scriptLines=1 script="-exists /etc/systemd/system/graphical.target.wants/systemd-networkd.service"
time=2026-08-24T13:13:43.752Z level=INFO msg="guestfs exec ok" bin=guestfish duration=22ms outputBytes=6 output=false
time=2026-08-24T13:13:43.752Z level=INFO msg="guestfs exec" bin=guestfish args="[--remote=143]" scriptLines=1 script="-readlink /usr/lib/systemd/system/multi-user.target.wants/systemd-networkd.service"
time=2026-08-24T13:13:43.784Z level=INFO msg="guestfs exec ok" bin=guestfish duration=32ms outputBytes=0 output=""
time=2026-08-24T13:13:43.784Z level=INFO msg="guestfs exec" bin=guestfish args="[--remote=143]" scriptLines=1 script="-exists /usr/lib/systemd/system/multi-user.target.wants/systemd-networkd.service"
time=2026-08-24T13:13:43.804Z level=INFO msg="guestfs exec ok" bin=guestfish duration=21ms outputBytes=6 output=false
time=2026-08-24T13:13:43.805Z level=INFO msg="guestfs exec" bin=guestfish args="[--remote=143]" scriptLines=1 script="-readlink /usr/lib/systemd/system/default.target.wants/systemd-networkd.service"
time=2026-08-24T13:13:43.835Z level=INFO msg="guestfs exec ok" bin=guestfish duration=31ms outputBytes=0 output=""
time=2026-08-24T13:13:43.835Z level=INFO msg="guestfs exec" bin=guestfish args="[--remote=143]" scriptLines=1 script="-exists /usr/lib/systemd/system/default.target.wants/systemd-networkd.service"
time=2026-08-24T13:13:43.855Z level=INFO msg="guestfs exec ok" bin=guestfish duration=20ms outputBytes=6 output=false
time=2026-08-24T13:13:43.856Z level=INFO msg="guestfs exec" bin=guestfish args="[--remote=143]" scriptLines=1 script="-readlink /usr/lib/systemd/system/sockets.target.wants/systemd-networkd.service"
time=2026-08-24T13:13:43.883Z level=INFO msg="guestfs exec ok" bin=guestfish duration=27ms outputBytes=0 output=""
time=2026-08-24T13:13:43.883Z level=INFO msg="guestfs exec" bin=guestfish args="[--remote=143]" scriptLines=1 script="-exists /usr/lib/systemd/system/sockets.target.wants/systemd-networkd.service"
time=2026-08-24T13:13:43.903Z level=INFO msg="guestfs exec ok" bin=guestfish duration=20ms outputBytes=6 output=false
time=2026-08-24T13:13:43.903Z level=INFO msg="guestfs exec" bin=guestfish args="[--remote=143]" scriptLines=1 script="-readlink /usr/lib/systemd/system/graphical.target.wants/systemd-networkd.service"
time=2026-08-24T13:13:43.932Z level=INFO msg="guestfs exec ok" bin=guestfish duration=29ms outputBytes=0 output=""
time=2026-08-24T13:13:43.932Z level=INFO msg="guestfs exec" bin=guestfish args="[--remote=143]" scriptLines=1 script="-exists /usr/lib/systemd/system/graphical.target.wants/systemd-networkd.service"
time=2026-08-24T13:13:43.952Z level=INFO msg="guestfs exec ok" bin=guestfish duration=20ms outputBytes=6 output=false
time=2026-08-24T13:13:43.952Z level=INFO msg="guestfs exec" bin=guestfish args="[--remote=143]" scriptLines=1 script="-exists /usr/bin/qemu-ga"
time=2026-08-24T13:13:43.975Z level=INFO msg="guestfs exec ok" bin=guestfish duration=23ms outputBytes=5 output=true
time=2026-08-24T13:13:43.975Z level=INFO msg="qemu-guest-agent already installed"
time=2026-08-24T13:13:43.975Z level=INFO msg="guestfs exec" bin=guestfish args="[--remote=143]" scriptLines=1 script="-rm /etc/blkid.tab"
time=2026-08-24T13:13:44.005Z level=INFO msg="guestfs exec ok" bin=guestfish duration=30ms outputBytes=0 output=""
time=2026-08-24T13:13:44.005Z level=INFO msg="guestfs exec" bin=guestfish args="[--remote=143]" scriptLines=1 script="-rm /run/blkid/blkid.tab"
time=2026-08-24T13:13:44.032Z level=INFO msg="guestfs exec ok" bin=guestfish duration=27ms outputBytes=0 output=""
time=2026-08-24T13:13:44.032Z level=INFO msg="guestfs exec" bin=guestfish args="[--remote=143]" scriptLines=1 script="-rm /etc/lvm/cache/.cache"
time=2026-08-24T13:13:44.057Z level=INFO msg="guestfs exec ok" bin=guestfish duration=25ms outputBytes=0 output=""
time=2026-08-24T13:13:44.057Z level=INFO msg="guestfs exec" bin=guestfish args="[--remote=143]" scriptLines=1 script="-find /var/lib/rpm"
time=2026-08-24T13:13:44.082Z level=INFO msg="guestfs exec ok" bin=guestfish duration=25ms outputBytes=61 output="/.rpm.lock\n/rpmdb.sqlite\n/rpmdb.sqlite-shm\n/rpmdb.sqlite-wal"
time=2026-08-24T13:13:44.082Z level=INFO msg="guestfs exec" bin=guestfish args="[--remote=143]" scriptLines=1 script="-is-dir /etc/modprobe.d"
time=2026-08-24T13:13:44.113Z level=INFO msg="guestfs exec ok" bin=guestfish duration=31ms outputBytes=5 output=true
time=2026-08-24T13:13:44.113Z level=INFO msg="guestfs exec" bin=guestfish args="[--remote=143]" scriptLines=1 script="-ll /etc/modprobe.d"
time=2026-08-24T13:13:44.144Z level=INFO msg="guestfs exec ok" bin=guestfish duration=31ms outputBytes=225 output="total 20\ndrwxr-xr-x.   2 root root   54 Jul  1  2025 .\ndrwxr-xr-x. 131 root root 8192 Aug 24 13:13 ..\n-rw-r--r--.   1 root root  158 Nov  6  2023 firewalld-sysctls.conf\n-rw-r--r--.   1 root root  674 Feb 22  2024 tuned.conf"
time=2026-08-24T13:13:44.145Z level=INFO msg="guestfs exec" bin=guestfish args="[--remote=143]" scriptLines=1 script="-download /etc/modprobe.d/firewalld-sysctls.conf /tmp/kc-gfs-read-2581278926"
time=2026-08-24T13:13:44.184Z level=INFO msg="guestfs exec ok" bin=guestfish duration=40ms outputBytes=0 output=""
time=2026-08-24T13:13:44.185Z level=INFO msg="guestfs exec" bin=guestfish args="[--remote=143]" scriptLines=1 script="-download /etc/modprobe.d/tuned.conf /tmp/kc-gfs-read-2473560159"
time=2026-08-24T13:13:44.226Z level=INFO msg="guestfs exec ok" bin=guestfish duration=42ms outputBytes=0 output=""
time=2026-08-24T13:13:44.227Z level=INFO msg="guestfs exec" bin=guestfish args="[--remote=143]" scriptLines=1 script="-exists /etc/modprobe.d/kc-virtio.conf"
time=2026-08-24T13:13:44.251Z level=INFO msg="guestfs exec ok" bin=guestfish duration=24ms outputBytes=6 output=false
time=2026-08-24T13:13:44.251Z level=INFO msg="guestfs exec" bin=guestfish args="[--remote=143]" scriptLines=1 script="-mkdir-p /etc/modprobe.d"
time=2026-08-24T13:13:44.272Z level=INFO msg="guestfs exec ok" bin=guestfish duration=21ms outputBytes=0 output=""
time=2026-08-24T13:13:44.273Z level=INFO msg="guestfs exec" bin=guestfish args="[--remote=143]" scriptLines=3 script="-mkdir-p /etc/modprobe.d\n-upload /tmp/kc-gfs-write-3522065757 /etc/modprobe.d/kc-virtio.conf\n-chmod 0644 /etc/modprobe.d/kc-virtio.conf"
time=2026-08-24T13:13:44.312Z level=INFO msg="guestfs exec ok" bin=guestfish duration=39ms outputBytes=0 output=""
time=2026-08-24T13:13:44.312Z level=INFO msg="initramfs rebuild"
time=2026-08-24T13:13:44.312Z level=INFO msg="guestfs exec" bin=guestfish args="[--remote=143]" scriptLines=1 script="-exists /boot/initramfs-5.14.0-427.13.1.el9_4.x86_64.img"
time=2026-08-24T13:13:44.334Z level=INFO msg="guestfs exec ok" bin=guestfish duration=21ms outputBytes=5 output=true
time=2026-08-24T13:13:44.334Z level=INFO msg="guestfs exec" bin=guestfish args="[--remote=143]" scriptLines=1 script="-download /boot/initramfs-5.14.0-427.13.1.el9_4.x86_64.img /tmp/kc-gfs-read-1028333186"
time=2026-08-24T13:13:45.123Z level=INFO msg="guestfs exec ok" bin=guestfish duration=789ms outputBytes=0 output=""
time=2026-08-24T13:13:45.243Z level=INFO msg="guestfs exec" bin=guestfish args="[--remote=143]" scriptLines=3 script="-mkdir-p /boot\n-upload /tmp/kc-gfs-write-3971773264 /boot/initramfs-5.14.0-427.13.1.el9_4.x86_64.img.pre-v2v\n-chmod 0644 /boot/initramfs-5.14.0-427.13.1.el9_4.x86_64.img.pre-v2v"
time=2026-08-24T13:13:46.722Z level=INFO msg="guestfs exec ok" bin=guestfish duration=1.479s outputBytes=0 output=""
time=2026-08-24T13:13:46.723Z level=INFO msg="guestfs exec" bin=guestfish args="[--remote=143]" scriptLines=6 script="-mkdir-p /proc\n-mkdir-p /sys\n-mkdir-p /dev\n-mount-vfs \"\" proc /proc /proc\n-mount-vfs \"\" sysfs /sys /sys\n-mount-vfs \"\" devtmpfs /dev /dev"
time=2026-08-24T13:13:46.791Z level=INFO msg="guestfs exec ok" bin=guestfish duration=69ms outputBytes=0 output=""
time=2026-08-24T13:13:46.791Z level=INFO msg="guestfs exec" bin=guestfish args="[--remote=143]" scriptLines=1 script="-sh \"dracut --force --add-drivers 'virtio virtio_ring virtio_blk virtio_scsi virtio_net virtio_pci xts bochs-drm bochs' /boot/initramfs-5.14.0-427.13.1.el9_4.x86_64.img 5.14.0-427.13.1.el9_4.x86_64 2>&1\""
time=2026-08-24T13:14:52.100Z level=INFO msg="guestfs exec ok" bin=guestfish duration=1m5.309s outputBytes=277 output="dracut-install: Failed to find module 'bochs_drm'\ndracut: FAILED:  /usr/lib/dracut/dracut-install -D /var/tmp/dracut.pcgrXx/initramfs --kerneldir /lib/modules/5.14.0-427.13.1.el9_4.x86_64/ -m virtio virtio_ring virtio_blk virtio_scsi virtio_net virtio_pci xts bochs_drm bochs"
time=2026-08-24T13:14:52.100Z level=INFO msg="guestfs exec" bin=guestfish args="[--remote=143]" scriptLines=3 script="-umount /dev\n-umount /sys\n-umount /proc"
time=2026-08-24T13:14:52.199Z level=INFO msg="guestfs exec ok" bin=guestfish duration=98ms outputBytes=0 output=""
time=2026-08-24T13:14:52.199Z level=INFO msg="dracut completed" kernel=5.14.0-427.13.1.el9_4.x86_64 output="dracut-install: Failed to find module 'bochs_drm'\ndracut: FAILED:  /usr/lib/dracut/dracut-install -D /var/tmp/dracut.pcgrXx/initramfs --kerneldir /lib/modules/5.14.0-427.13.1.el9_4.x86_64/ -m virtio virtio_ring virtio_blk virtio_scsi virtio_net virtio_pci xts bochs_drm bochs\n\n"
time=2026-08-24T13:14:52.199Z level=INFO msg="guestfs exec" bin=guestfish args="[--remote=143]" scriptLines=1 script="-download /boot/initramfs-5.14.0-427.13.1.el9_4.x86_64.img.pre-v2v /tmp/kc-gfs-read-3162920736"
time=2026-08-24T13:14:52.355Z level=INFO msg="guestfs exec ok" bin=guestfish duration=156ms outputBytes=0 output=""
time=2026-08-24T13:14:52.390Z level=INFO msg="guestfs exec" bin=guestfish args="[--remote=143]" scriptLines=1 script="-download /boot/initramfs-5.14.0-427.13.1.el9_4.x86_64.img /tmp/kc-gfs-read-23292603"
time=2026-08-24T13:14:52.510Z level=INFO msg="guestfs exec ok" bin=guestfish duration=119ms outputBytes=0 output=""
time=2026-08-24T13:14:52.543Z level=INFO msg="initramfs size changed after rebuild" before=58745261 after=57205341
time=2026-08-24T13:14:52.543Z level=INFO msg="rebuilt initramfs with dracut" kernel=5.14.0-427.13.1.el9_4.x86_64
time=2026-08-24T13:14:52.543Z level=INFO msg="guestfs exec" bin=guestfish args="[--remote=143]" scriptLines=1 script="-exists /etc/selinux"
time=2026-08-24T13:14:52.566Z level=INFO msg="guestfs exec ok" bin=guestfish duration=23ms outputBytes=5 output=true
time=2026-08-24T13:14:52.566Z level=INFO msg="guestfs exec" bin=guestfish args="[--remote=143]" scriptLines=1 script="-download /etc/selinux/config /tmp/kc-gfs-read-3397464646"
time=2026-08-24T13:14:52.612Z level=INFO msg="guestfs exec ok" bin=guestfish duration=45ms outputBytes=0 output=""
time=2026-08-24T13:14:52.612Z level=INFO msg="guestfs exec" bin=guestfish args="[--remote=143]" scriptLines=1 script="-exists /etc/selinux/targeted/contexts/files/file_contexts"
time=2026-08-24T13:14:52.644Z level=INFO msg="guestfs exec ok" bin=guestfish duration=32ms outputBytes=5 output=true
time=2026-08-24T13:14:52.644Z level=INFO msg="guestfs exec" bin=guestfish args="[--remote=143]" scriptLines=1 script="-exists /usr/sbin/setfiles"
time=2026-08-24T13:14:52.670Z level=INFO msg="guestfs exec ok" bin=guestfish duration=25ms outputBytes=5 output=true
time=2026-08-24T13:14:52.670Z level=INFO msg="running offline SELinux relabel" policy=targeted targets=5
time=2026-08-24T13:14:52.670Z level=INFO msg="guestfs exec" bin=guestfish args="[--remote=143]" scriptLines=6 script="-mkdir-p /proc\n-mkdir-p /sys\n-mkdir-p /dev\n-mount-vfs \"\" proc /proc /proc\n-mount-vfs \"\" sysfs /sys /sys\n-mount-vfs \"\" devtmpfs /dev /dev"
time=2026-08-24T13:14:52.724Z level=INFO msg="guestfs exec ok" bin=guestfish duration=54ms outputBytes=0 output=""
time=2026-08-24T13:14:52.724Z level=INFO msg="guestfs exec" bin=guestfish args="[--remote=143]" scriptLines=1 script="-sh \"/usr/sbin/setfiles -r / /etc/selinux/targeted/contexts/files/file_contexts / /boot/efi /boot /sdb /sdc 2>&1\""
time=2026-08-24T13:14:52.785Z level=INFO msg="guestfs exec ok" bin=guestfish duration=61ms outputBytes=0 output=""
time=2026-08-24T13:14:52.785Z level=INFO msg="guestfs exec" bin=guestfish args="[--remote=143]" scriptLines=3 script="-umount /dev\n-umount /sys\n-umount /proc"
time=2026-08-24T13:14:52.874Z level=INFO msg="guestfs exec ok" bin=guestfish duration=89ms outputBytes=0 output=""
time=2026-08-24T13:14:52.874Z level=INFO msg="offline SELinux relabel complete" policy=targeted
time=2026-08-24T13:14:52.874Z level=INFO msg="guestfs exec" bin=guestfish args="[--remote=143]" scriptLines=1 script="-rm /.autorelabel"
time=2026-08-24T13:14:52.897Z level=INFO msg="guestfs exec ok" bin=guestfish duration=23ms outputBytes=0 output=""
time=2026-08-24T13:14:52.898Z level=INFO msg="pipeline complete"
time=2026-08-24T13:14:52.906Z level=INFO msg=exec bin=/usr/lib/kc-utils/kc-finalize args="[--input /var/tmp/v2v/pipeline.json --output /var/tmp/v2v/pipeline.json --mount-root /tmp/kc-guest --log-level info --backend guestfs]"
time=2026-08-24T13:14:52.919Z level=INFO msg="guestfish adopting shared session" pid=143 guestfishPID=143 shared=true
time=2026-08-24T13:14:52.919Z level=INFO msg="guestfish ensureLaunched" pid=143 disks=3 paths="[/var/tmp/v2v/overlay-0-block0.qcow2 /var/tmp/v2v/overlay-1-block1.qcow2 /var/tmp/v2v/overlay-2-block2.qcow2]" HOME=/var/tmp LIBGUESTFS_BACKEND=direct socket=/tmp/.guestfish-107/socket-143 sessionAlive=true
time=2026-08-24T13:14:52.919Z level=INFO msg="guestfs exec" bin=guestfish args="[--remote=143]" scriptLines=1 script=-list-devices
time=2026-08-24T13:14:52.977Z level=INFO msg="guestfs exec ok" bin=guestfish duration=58ms outputBytes=27 output="/dev/sda\n/dev/sdb\n/dev/sdc"
time=2026-08-24T13:14:52.977Z level=INFO msg="guestfish ready probe" pid=143 ready=true devices="/dev/sda\n/dev/sdb\n/dev/sdc"
time=2026-08-24T13:14:52.977Z level=INFO msg="guestfish session already launched" pid=143 devices="/dev/sda\n/dev/sdb\n/dev/sdc"
time=2026-08-24T13:14:52.977Z level=INFO msg="running customizations" plugins="[dynamicscriptslinux dynamicscriptswindows native]"
time=2026-08-24T13:14:52.977Z level=INFO msg="running customizer" name=dynamicscriptslinux
time=2026-08-24T13:14:52.978Z level=INFO msg="customizer complete" name=dynamicscriptslinux
time=2026-08-24T13:14:52.978Z level=INFO msg="running customizer" name=dynamicscriptswindows
time=2026-08-24T13:14:52.978Z level=INFO msg="customizer complete" name=dynamicscriptswindows
time=2026-08-24T13:14:52.978Z level=INFO msg="running customizer" name=native
time=2026-08-24T13:14:52.978Z level=INFO msg="guestfs exec" bin=guestfish args="[--remote=143]" scriptLines=1 script=-inspect-os
time=2026-08-24T13:14:55.546Z level=INFO msg="guestfs exec ok" bin=guestfish duration=2.569s outputBytes=29 output=/dev/rhel_dhcp-6-46-218/root
time=2026-08-24T13:14:55.546Z level=INFO msg="guestfs exec" bin=guestfish args="[--remote=143]" scriptLines=1 script="-inspect-get-mountpoints /dev/rhel_dhcp-6-46-218/root"
time=2026-08-24T13:14:55.577Z level=INFO msg="guestfs exec ok" bin=guestfish duration=31ms outputBytes=102 output="/: /dev/rhel_dhcp-6-46-218/root\n/boot: /dev/sda2\n/boot/efi: /dev/sda1\n/sdb: /dev/sdb1\n/sdc: /dev/sdc1"
time=2026-08-24T13:14:55.577Z level=INFO msg="discovered mount points via inspection" root=/dev/rhel_dhcp-6-46-218/root preferred=/dev/rhel_dhcp-6-46-218/root count=5
time=2026-08-24T13:14:55.578Z level=INFO msg="guestfs exec" bin=guestfish args="[--remote=143]" scriptLines=6 script="-umount-all\n-mount /dev/rhel_dhcp-6-46-218/root /\n-mount /dev/sdb1 /sdb\n-mount /dev/sdc1 /sdc\n-mount /dev/sda2 /boot\n-mount /dev/sda1 /boot/efi"
time=2026-08-24T13:14:55.711Z level=INFO msg="guestfs exec ok" bin=guestfish duration=133ms outputBytes=0 output=""
time=2026-08-24T13:14:55.711Z level=INFO msg="guestfs exec" bin=guestfish args="[--remote=143]" scriptLines=1 script="-mkdir-p /etc"
time=2026-08-24T13:14:55.731Z level=INFO msg="guestfs exec ok" bin=guestfish duration=20ms outputBytes=0 output=""
time=2026-08-24T13:14:55.731Z level=INFO msg="guestfs exec" bin=guestfish args="[--remote=143]" scriptLines=3 script="-mkdir-p /etc\n-upload /tmp/kc-gfs-write-3078558941 /etc/hostname\n-chmod 0644 /etc/hostname"
time=2026-08-24T13:14:55.768Z level=INFO msg="guestfs exec ok" bin=guestfish duration=37ms outputBytes=0 output=""
time=2026-08-24T13:14:55.768Z level=INFO msg="set hostname" hostname=dhcp-6-46-189.lab.eng.rdu2.dc.redhat.com
time=2026-08-24T13:14:55.769Z level=INFO msg="skipping /.autorelabel, offline SELinux relabel was performed during conversion"
time=2026-08-24T13:14:55.769Z level=INFO msg="customizer complete" name=native
time=2026-08-24T13:14:55.769Z level=INFO msg="syncing guest tree to disks" backend=guestfs
time=2026-08-24T13:14:55.769Z level=INFO msg="trimming filesystems" backend=guestfs mounts=5
time=2026-08-24T13:14:55.769Z level=INFO msg="guestfs exec" bin=guestfish args="[--remote=143]" scriptLines=1 script="-fstrim /"
time=2026-08-24T13:14:55.884Z level=INFO msg="guestfs exec ok" bin=guestfish duration=115ms outputBytes=0 output=""
time=2026-08-24T13:14:55.884Z level=INFO msg="guestfs exec" bin=guestfish args="[--remote=143]" scriptLines=1 script="-fstrim /boot"
time=2026-08-24T13:14:55.976Z level=INFO msg="guestfs exec ok" bin=guestfish duration=91ms outputBytes=0 output=""
time=2026-08-24T13:14:55.976Z level=INFO msg="guestfs exec" bin=guestfish args="[--remote=143]" scriptLines=1 script="-fstrim /boot/efi"
time=2026-08-24T13:14:56.072Z level=INFO msg="guestfs exec ok" bin=guestfish duration=97ms outputBytes=0 output=""
time=2026-08-24T13:14:56.072Z level=INFO msg="guestfs exec" bin=guestfish args="[--remote=143]" scriptLines=1 script="-fstrim /sdb"
time=2026-08-24T13:14:56.165Z level=INFO msg="guestfs exec ok" bin=guestfish duration=93ms outputBytes=0 output=""
time=2026-08-24T13:14:56.165Z level=INFO msg="guestfs exec" bin=guestfish args="[--remote=143]" scriptLines=1 script="-fstrim /sdc"
time=2026-08-24T13:14:56.261Z level=INFO msg="guestfs exec ok" bin=guestfish duration=96ms outputBytes=0 output=""
time=2026-08-24T13:14:56.261Z level=INFO msg="unmounting guest filesystems" backend=guestfs mountRoot=/tmp/kc-guest
time=2026-08-24T13:14:56.261Z level=INFO msg="guestfs exec" bin=guestfish args="[--remote=143]" scriptLines=1 script=-umount-all
time=2026-08-24T13:14:56.301Z level=INFO msg="guestfs exec ok" bin=guestfish duration=40ms outputBytes=0 output=""
time=2026-08-24T13:14:56.301Z level=INFO msg="checking filesystems" backend=guestfs
time=2026-08-24T13:14:56.301Z level=INFO msg="guestfs exec" bin=guestfish args="[--remote=143 -- xfs-repair /dev/sda2]" stdinBytes=0
time=2026-08-24T13:14:56.441Z level=INFO msg="guestfs exec ok" bin=guestfish duration=139ms outputBytes=2
time=2026-08-24T13:14:56.441Z level=INFO msg="guestfs exec" bin=guestfish args="[--remote=143 -- xfs-repair /dev/rhel_dhcp-6-46-218/root]" stdinBytes=0
time=2026-08-24T13:14:58.928Z level=INFO msg="guestfs exec ok" bin=guestfish duration=2.488s outputBytes=2
time=2026-08-24T13:14:58.928Z level=INFO msg="guestfs exec" bin=guestfish args="[--remote=143 -- xfs-repair /dev/sdb1]" stdinBytes=0
time=2026-08-24T13:14:59.068Z level=INFO msg="guestfs exec ok" bin=guestfish duration=140ms outputBytes=2
time=2026-08-24T13:14:59.068Z level=INFO msg="guestfs exec" bin=guestfish args="[--remote=143 -- xfs-repair /dev/sdc1]" stdinBytes=0
time=2026-08-24T13:14:59.171Z level=INFO msg="guestfs exec ok" bin=guestfish duration=102ms outputBytes=2
time=2026-08-24T13:14:59.171Z level=INFO msg="releasing guest devices" backend=guestfs mountRoot=/tmp/kc-guest
time=2026-08-24T13:14:59.171Z level=INFO msg="pipeline complete"
time=2026-08-24T13:14:59.175Z level=INFO msg="guestfish shared listener exit" pid=143
time=2026-08-24T13:14:59.179Z level=INFO msg="guestfs exec" bin=guestfish args="[--remote=143 -- exit]" stdinBytes=0
time=2026-08-24T13:14:59.361Z level=INFO msg="guestfs exec ok" bin=guestfish duration=181ms outputBytes=0
time=2026-08-24T13:14:59.361Z level=INFO msg="committing qcow2 overlay" overlay=/var/tmp/v2v/overlay-0-block0.qcow2 backing=/dev/block0
Image committed.
time=2026-08-24T13:15:01.651Z level=INFO msg="committing qcow2 overlay" overlay=/var/tmp/v2v/overlay-1-block1.qcow2 backing=/dev/block1
Image committed.
time=2026-08-24T13:15:01.718Z level=INFO msg="committing qcow2 overlay" overlay=/var/tmp/v2v/overlay-2-block2.qcow2 backing=/dev/block2
Image committed.
time=2026-08-24T13:15:01.766Z level=INFO msg="qcow2 overlays committed" count=3
time=2026-08-24T13:15:01.779Z level=INFO msg="wrote inspection XML" path=/var/tmp/v2v/inspection.xml
time=2026-08-24T13:15:01.779Z level=INFO msg="pipeline output" target_meta="{\n  \"guestcaps\": {\n    \"block_bus\": \"virtio\",\n    \"net_bus\": \"virtio\",\n    \"virtio_rng\": true,\n    \"virtio_balloon\": true,\n    \"virtio_socket\": true,\n    \"isa_pvpanic\": true,\n    \"machine_type\": \"q35\",\n    \"arch\": \"x86_64\",\n    \"virtio_1_0\": true,\n    \"rtc_utc\": true\n  },\n  \"target_buses\": {\n    \"virtio_blk\": [\n      {\n        \"index\": 0,\n        \"source_disk\": 0\n      },\n      {\n        \"index\": 1,\n        \"source_disk\": 1\n      },\n      {\n        \"index\": 2,\n        \"source_disk\": 2\n      }\n    ]\n  },\n  \"target_nics\": [\n    {\n      \"mac\": \"00:50:56:9c:0e:47\",\n      \"model\": \"virtio\"\n    }\n  ],\n  \"target_firmware\": \"uefi\",\n  \"boot_device\": {\n    \"disk_index\": 0,\n    \"part_index\": 2,\n    \"bootloader_type\": \"grub2\"\n  },\n  \"disks\": [\n    {\n      \"path\": \"/var/tmp/v2v/overlay-0-block0.qcow2\",\n      \"size_bytes\": 0,\n      \"format\": \"raw\",\n      \"partitions\": [\n        {\n          \"index\": 1,\n          \"size_bytes\": 629145600,\n          \"fs_type\": \"vfat\",\n          \"mount_point\": \"/boot/efi\",\n          \"device_path\": \"/dev/sda1\"\n        },\n        {\n          \"index\": 2,\n          \"size_bytes\": 1073741824,\n          \"fs_type\": \"xfs\",\n          \"mount_point\": \"/boot\",\n          \"device_path\": \"/dev/sda2\"\n        },\n        {\n          \"index\": 0,\n          \"size_bytes\": 0,\n          \"fs_type\": \"xfs\",\n          \"mount_point\": \"/\",\n          \"device_path\": \"/dev/rhel_dhcp-6-46-218/root\"\n        }\n      ]\n    },\n    {\n      \"path\": \"/var/tmp/v2v/overlay-1-block1.qcow2\",\n      \"size_bytes\": 0,\n      \"format\": \"raw\",\n      \"partitions\": [\n        {\n          \"index\": 1,\n          \"size_bytes\": 1072693248,\n          \"fs_type\": \"xfs\",\n          \"mount_point\": \"/sdb\",\n          \"device_path\": \"/dev/sdb1\"\n        }\n      ]\n    },\n    {\n      \"path\": \"/var/tmp/v2v/overlay-2-block2.qcow2\",\n      \"size_bytes\": 0,\n      \"format\": \"raw\",\n      \"partitions\": [\n        {\n          \"index\": 1,\n          \"size_bytes\": 2146435072,\n          \"fs_type\": \"xfs\",\n          \"mount_point\": \"/sdc\",\n          \"device_path\": \"/dev/sdc1\"\n        }\n      ]\n    }\n  ],\n  \"inspect\": {\n    \"type\": \"linux\",\n    \"distro\": \"rhel\",\n    \"major_version\": 9,\n    \"minor_version\": 4,\n    \"arch\": \"x86_64\",\n    \"product_name\": \"Red Hat Enterprise Linux 9.4 (Plow)\"\n  }\n}"
time=2026-08-24T13:15:01.788Z level=INFO msg="starting server" addr=:8080
time=2026-08-24T13:15:03.214Z level=INFO msg="shutdown request received"
