time=2026-08-05T20:57:30.454Z level=INFO msg="copy mode validation" inPlace=false needsCopy=true source=vSphere targets=1 emptyTargets=1 hasEmpty=true
time=2026-08-05T20:57:30.455Z level=INFO msg="linked vSphere CA bundle" src=/etc/pki/tls/certs/ca-bundle.crt.bak srcKind=system dest=/opt/ca-bundle.crt replaced=false
time=2026-08-05T20:57:30.455Z level=INFO msg="disk copy enabled" inPlace=false source=vSphere vm=mtv-func-win2008
time=2026-08-05T20:57:30.548Z level=INFO msg="loaded vSphere inventory" vm=mtv-func-win2008 moref=vm-1050 disks=1 nics=2 firmware=bios guestId=winLonghorn64Guest guestName="Microsoft Windows Server 2008 (64-bit)"
time=2026-08-05T20:57:30.549Z level=INFO msg="vSphere source disk" index=0 path="[mtv-nfs-rhos-v8] mtv-func-win2008/mtv-func-win2008.vmdk"
time=2026-08-05T20:57:30.558Z level=INFO msg="resolved copy sources" count=1 disks="[[mtv-nfs-rhos-v8] mtv-func-win2008/mtv-func-win2008.vmdk]"
time=2026-08-05T20:57:30.559Z level=INFO msg=exec bin=/usr/lib/kc-utils/kc-copy args="[--input /var/tmp/v2v/copy-input.json --log-level info]"
time=2026-08-05T20:57:30.576Z level=INFO msg="linked vSphere CA bundle" src=/etc/pki/tls/certs/ca-bundle.crt.bak srcKind=system dest=/opt/ca-bundle.crt replaced=true
time=2026-08-05T20:57:30.576Z level=INFO msg="discovered PVC targets" count=1
time=2026-08-05T20:57:30.576Z level=INFO msg="copy target" index=0 path=/dev/block0 kind=block empty=true
time=2026-08-05T20:57:30.576Z level=INFO msg="NFC disk copy starting" disks=1 concurrency=1 vm=mtv-func-win2008
time=2026-08-05T20:57:30.698Z level=INFO msg="NFC export lease acquired" vm=mtv-func-win2008 disks=2
time=2026-08-05T20:57:30.698Z level=INFO msg="copying disk via NFC" disk=1/1 index=0 source=disk-0.vmdk target=/dev/block0 block=true
time=2026-08-05T20:57:30.698Z level=INFO msg="starting disk download" index=0 source=disk-0.vmdk target=/dev/block0 block=true size=17179869184
time=2026-08-05T20:57:30.758Z level=INFO msg="disk copy progress" index=0 source=disk-0.vmdk target=/dev/block0 percent=0
time=2026-08-05T20:58:11.860Z level=INFO msg="disk copy progress" index=0 source=disk-0.vmdk target=/dev/block0 percent=5
time=2026-08-05T20:58:57.478Z level=INFO msg="disk copy progress" index=0 source=disk-0.vmdk target=/dev/block0 percent=10
time=2026-08-05T20:59:46.680Z level=INFO msg="disk copy progress" index=0 source=disk-0.vmdk target=/dev/block0 percent=15
time=2026-08-05T21:00:29.827Z level=INFO msg="disk copy progress" index=0 source=disk-0.vmdk target=/dev/block0 percent=20
time=2026-08-05T21:01:10.325Z level=INFO msg="disk copy progress" index=0 source=disk-0.vmdk target=/dev/block0 percent=25
time=2026-08-05T21:01:51.944Z level=INFO msg="disk copy progress" index=0 source=disk-0.vmdk target=/dev/block0 percent=30
time=2026-08-05T21:02:31.614Z level=INFO msg="disk copy progress" index=0 source=disk-0.vmdk target=/dev/block0 percent=35
time=2026-08-05T21:03:14.756Z level=INFO msg="disk copy progress" index=0 source=disk-0.vmdk target=/dev/block0 percent=40
time=2026-08-05T21:03:56.352Z level=INFO msg="disk copy progress" index=0 source=disk-0.vmdk target=/dev/block0 percent=45
time=2026-08-05T21:04:35.207Z level=INFO msg="disk copy progress" index=0 source=disk-0.vmdk target=/dev/block0 percent=50
time=2026-08-05T21:07:04.616Z level=INFO msg="disk copy progress" index=0 source=disk-0.vmdk target=/dev/block0 percent=55
time=2026-08-05T21:09:16.246Z level=INFO msg="disk download finished" index=0 source=disk-0.vmdk target=/dev/block0 duration=11m46s
time=2026-08-05T21:09:16.249Z level=INFO msg="disk copy recorded" completed=1/1 index=0
time=2026-08-05T21:09:16.263Z level=INFO msg="NFC disk copy complete" disks=1
time=2026-08-05T21:09:16.267Z level=INFO msg="discovered conversion disks" count=1
time=2026-08-05T21:09:16.267Z level=INFO msg="conversion disk" index=0 path=/dev/block0 kind=block
time=2026-08-05T21:09:16.267Z level=INFO msg="qcow2 overlay enabled" disks=1 workdir=/var/tmp/v2v
time=2026-08-05T21:09:16.267Z level=INFO msg="creating qcow2 overlay" index=0 backing=/dev/block0 overlay=/var/tmp/v2v/overlay-0-block0.qcow2
Formatting '/var/tmp/v2v/overlay-0-block0.qcow2', fmt=qcow2 cluster_size=65536 extended_l2=off compression_type=zlib size=17179869184 backing_file=/dev/block0 backing_fmt=raw lazy_refcounts=off refcount_bits=16
time=2026-08-05T21:09:16.291Z level=INFO msg="qcow2 overlays ready" count=1
time=2026-08-05T21:09:16.387Z level=INFO msg="guestfish listen socket ready" pid=120 socket=/tmp/.guestfish-107/socket-120
time=2026-08-05T21:09:16.387Z level=INFO msg="guestfish shared listener started" pid=120
time=2026-08-05T21:09:16.387Z level=INFO msg=exec bin=/usr/lib/kc-utils/kc-prepare args="[--input /var/tmp/v2v/prepare-input.json --output /var/tmp/v2v/prepare-out.json --mount-root /tmp/kc-guest --log-level info --guestfs]"
time=2026-08-05T21:09:16.392Z level=INFO msg="kc-prepare starting" input=/var/tmp/v2v/prepare-input.json output=/var/tmp/v2v/prepare-out.json mountRoot=/tmp/kc-guest guestfs=true logLevel=info
time=2026-08-05T21:09:16.392Z level=INFO msg="kc-prepare input loaded" disks=1 root=first firmwareHint=bios sourceType=vsphere
time=2026-08-05T21:09:16.393Z level=INFO msg="opening guest disks" backend=guestfs disks=1 mountRoot=/tmp/kc-guest
time=2026-08-05T21:09:16.396Z level=INFO msg="guestfish adopting shared session" pid=120 guestfishPID=120 shared=true HOME=/var/tmp socket=/tmp/.guestfish-107/socket-120
time=2026-08-05T21:09:16.396Z level=INFO msg="guestfish ensureLaunched" pid=120 disks=1 paths=[/var/tmp/v2v/overlay-0-block0.qcow2] HOME=/var/tmp LIBGUESTFS_BACKEND=direct socket=/tmp/.guestfish-107/socket-120 sessionAlive=true
time=2026-08-05T21:09:16.397Z level=INFO msg="guestfs exec" bin=guestfish args="[--remote=120]" scriptLines=1 script=-list-devices
time=2026-08-05T21:09:16.433Z level=INFO msg="guestfs exec ok" bin=guestfish duration=37ms outputBytes=0 output=""
time=2026-08-05T21:09:16.433Z level=INFO msg="guestfish ready probe" pid=120 ready=false devices=""
time=2026-08-05T21:09:16.433Z level=INFO msg="guestfish launching appliance" pid=120 disks=1
time=2026-08-05T21:09:16.433Z level=INFO msg="guestfs exec" bin=guestfish args="[--remote=120]" scriptLines=2 script="-add-drive-opts /var/tmp/v2v/overlay-0-block0.qcow2 readonly:false\n-run"
time=2026-08-05T21:09:25.707Z level=INFO msg="guestfs exec ok" bin=guestfish duration=9.274s outputBytes=0 output=""
time=2026-08-05T21:09:25.707Z level=INFO msg="guestfish launch script finished" pid=120 sessionAlive=true
time=2026-08-05T21:09:25.707Z level=INFO msg="guestfs exec" bin=guestfish args="[--remote=120]" scriptLines=1 script=-list-devices
time=2026-08-05T21:09:25.783Z level=INFO msg="guestfs exec ok" bin=guestfish duration=76ms outputBytes=9 output=/dev/sda
time=2026-08-05T21:09:25.784Z level=INFO msg="guestfish ready probe" pid=120 ready=true devices=/dev/sda
time=2026-08-05T21:09:25.784Z level=INFO msg="guestfish appliance launched" pid=120 disks=1 devices=/dev/sda
time=2026-08-05T21:09:25.784Z level=INFO msg="guestfs backend setup" disks=1 mountRoot=/tmp/kc-guest LIBGUESTFS_BACKEND=direct paths=[/var/tmp/v2v/overlay-0-block0.qcow2] guestfishPID=120 shared=true
time=2026-08-05T21:09:25.784Z level=INFO msg="guestfs exec" bin=guestfish args="[--remote=120 -- list-devices]"
time=2026-08-05T21:09:25.857Z level=INFO msg="guestfs exec ok" bin=guestfish duration=74ms outputBytes=9 output=/dev/sda
time=2026-08-05T21:09:25.858Z level=INFO msg="guestfs exec" bin=guestfish args="[--remote=120 -- list-filesystems]"
time=2026-08-05T21:09:26.391Z level=INFO msg="guestfs exec ok" bin=guestfish duration=533ms outputBytes=16 output="/dev/sda1: ntfs"
time=2026-08-05T21:09:26.391Z level=INFO msg="guestfs exec" bin=guestfish args="[--remote=120]" scriptLines=1 script="-blockdev-getsize64 /dev/sda1"
time=2026-08-05T21:09:26.459Z level=INFO msg="guestfs exec ok" bin=guestfish duration=68ms outputBytes=12 output=17177772032
time=2026-08-05T21:09:26.460Z level=INFO msg="discovered partition" disk=/var/tmp/v2v/overlay-0-block0.qcow2 index=1 device=/dev/sda1 fstype=ntfs
time=2026-08-05T21:09:26.460Z level=INFO msg="guestfs exec" bin=guestfish args="[--remote=120]" scriptLines=1 script=-lvs
time=2026-08-05T21:09:26.516Z level=INFO msg="guestfs exec ok" bin=guestfish duration=56ms outputBytes=0 output=""
time=2026-08-05T21:09:26.516Z level=INFO msg="guest disk layout" disks=1 partitions=1 lvs=0
time=2026-08-05T21:09:26.516Z level=INFO msg="detected firmware" type=bios espDevices=[]
time=2026-08-05T21:09:26.517Z level=INFO msg="guestfs exec" bin=guestfish args="[--remote=120]" scriptLines=12 script="-umount-all\n-mount /dev/sda1 /\n-copy-out /etc/os-release /tmp/kc-scan-_dev_sda1/etc\n-copy-out /etc/redhat-release /tmp/kc-scan-_dev_sda1/etc\n-copy-out /etc/debian_version /tmp/kc-scan-_dev_sda1/etc\n-copy-out /Windows/System32/config/SYSTEM /tmp/kc-scan-_de…"
time=2026-08-05T21:09:27.433Z level=INFO msg="guestfs exec ok" bin=guestfish duration=916ms outputBytes=0 output=""
time=2026-08-05T21:09:27.443Z level=INFO msg="root candidates" count=1 selector=first
time=2026-08-05T21:09:27.443Z level=INFO msg="root candidate" index=1 device=/dev/sda1 product="Windows Server (R) 2008 Enterprise\x00" os=windows distro=windows
time=2026-08-05T21:09:27.443Z level=INFO msg="selected root" device=/dev/sda1 product="Windows Server (R) 2008 Enterprise\x00" selector=first os=windows
time=2026-08-05T21:09:27.444Z level=INFO msg="mount planner selected" planner=windows initialMounts=1
time=2026-08-05T21:09:27.444Z level=INFO msg="mounting filesystem" device=/dev/sda1 mountpoint=/ fstype=ntfs readOnly=false
time=2026-08-05T21:09:27.444Z level=INFO msg="guestfs exec" bin=guestfish args="[--remote=120]" scriptLines=1 script="-vfs-type /dev/sda1"
time=2026-08-05T21:09:27.515Z level=INFO msg="guestfs exec ok" bin=guestfish duration=71ms outputBytes=5 output=ntfs
time=2026-08-05T21:09:27.515Z level=INFO msg="firmware after mount" type=bios espDevices=[]
time=2026-08-05T21:09:27.515Z level=INFO msg="guestfs exec" bin=guestfish args="[--remote=120]" scriptLines=1 script=-inspect-os
time=2026-08-05T21:09:28.791Z level=INFO msg="guestfs exec ok" bin=guestfish duration=1.276s outputBytes=10 output=/dev/sda1
time=2026-08-05T21:09:28.791Z level=INFO msg="guestfs exec" bin=guestfish args="[--remote=120]" scriptLines=1 script="-inspect-get-mountpoints /dev/sda1"
time=2026-08-05T21:09:28.858Z level=INFO msg="guestfs exec ok" bin=guestfish duration=67ms outputBytes=13 output="/: /dev/sda1"
time=2026-08-05T21:09:28.858Z level=INFO msg="discovered mount points via inspection" count=1
time=2026-08-05T21:09:28.858Z level=INFO msg="guestfs exec" bin=guestfish args="[--remote=120]" scriptLines=2 script="-umount-all\n-mount /dev/sda1 /"
time=2026-08-05T21:09:28.954Z level=INFO msg="guestfs exec ok" bin=guestfish duration=96ms outputBytes=0 output=""
time=2026-08-05T21:09:28.954Z level=INFO msg="guestfs exec" bin=guestfish args="[--remote=120]" scriptLines=1 script="-exists /boot"
time=2026-08-05T21:09:28.993Z level=INFO msg="guestfs exec ok" bin=guestfish duration=39ms outputBytes=6 output=false
time=2026-08-05T21:09:28.993Z level=INFO msg="guestfs exec" bin=guestfish args="[--remote=120]" scriptLines=1 script="-exists /"
time=2026-08-05T21:09:29.030Z level=INFO msg="guestfs exec ok" bin=guestfish duration=37ms outputBytes=5 output=true
time=2026-08-05T21:09:29.030Z level=INFO msg="guestfs exec" bin=guestfish args="[--remote=120]" scriptLines=1 script="-is-dir /"
time=2026-08-05T21:09:29.093Z level=INFO msg="guestfs exec ok" bin=guestfish duration=63ms outputBytes=5 output=true
time=2026-08-05T21:09:29.093Z level=INFO msg="guestfs exec" bin=guestfish args="[--remote=120]" scriptLines=1 script="-statvfs /"
time=2026-08-05T21:09:29.133Z level=INFO msg="guestfs exec ok" bin=guestfish duration=40ms outputBytes=150 output="bsize: 4096\nfrsize: 4096\nblocks: 4193791\nbfree: 1235485\nbavail: 1235485\nfiles: 5040244\nffree: 4975527\nfavail: 4975527\nfsid: 0\nflag: 4096\nnamemax: 255"
time=2026-08-05T21:09:29.134Z level=INFO msg="guestfs exec" bin=guestfish args="[--remote=120]" scriptLines=1 script="-exists /boot/efi"
time=2026-08-05T21:09:29.175Z level=INFO msg="guestfs exec ok" bin=guestfish duration=42ms outputBytes=6 output=false
time=2026-08-05T21:09:29.175Z level=INFO msg="guestfs exec" bin=guestfish args="[--remote=120]" scriptLines=1 script="-is-dir /Windows/System32"
time=2026-08-05T21:09:29.223Z level=INFO msg="guestfs exec ok" bin=guestfish duration=47ms outputBytes=5 output=true
time=2026-08-05T21:09:29.223Z level=INFO msg="guestfs exec" bin=guestfish args="[--remote=120]" scriptLines=1 script="-is-dir /"
time=2026-08-05T21:09:29.264Z level=INFO msg="guestfs exec ok" bin=guestfish duration=41ms outputBytes=5 output=true
time=2026-08-05T21:09:29.264Z level=INFO msg="guestfs exec" bin=guestfish args="[--remote=120]" scriptLines=1 script="-ll /"
time=2026-08-05T21:09:29.358Z level=INFO msg="guestfs exec ok" bin=guestfish duration=94ms outputBytes=989 output="total 2403348\ndrwxrwxrwx  1 root root          0 Jan 19  2008 $Recycle.Bin\ndrwxrwxrwx  1 root root          0 May 30  2025 $WINDOWS.~BT\ndrwxrwxrwx  1 root root       8192 Feb 17 12:19 .\ndrwxr-xr-x 20 root root       4096 Aug  5 21:09 ..\n-rwxrwxrwx  1 root root       8192 May 30  2025 BOOTSECT.BAK\ndrwxrwxrwx  1 root root       4096 May 30  2025 Boot\nlrwxrwxrwx  2 root root         14 Jan 19  2008 Documents and Settings -> /sysroot/Users\ndrwxrwxrwx  1 root root          0 Jan 19  2008 PerfLogs\ndrwxrwxrwx  1 r…"
time=2026-08-05T21:09:29.358Z level=INFO msg="guestfs exec" bin=guestfish args="[--remote=120]" scriptLines=1 script="-exists /Windows/SysWOW64"
time=2026-08-05T21:09:29.402Z level=INFO msg="guestfs exec ok" bin=guestfish duration=44ms outputBytes=5 output=true
time=2026-08-05T21:09:29.402Z level=INFO msg="guestfs exec" bin=guestfish args="[--remote=120]" scriptLines=1 script="-is-dir /Windows/System32/config/SOFTWARE"
time=2026-08-05T21:09:29.445Z level=INFO msg="guestfs exec ok" bin=guestfish duration=42ms outputBytes=6 output=false
time=2026-08-05T21:09:29.445Z level=INFO msg="guestfs exec" bin=guestfish args="[--remote=120]" scriptLines=1 script="-download /Windows/System32/config/SOFTWARE /tmp/kc-checkout-ro-SOFTWARE-11273747"
time=2026-08-05T21:09:29.662Z level=INFO msg="guestfs exec ok" bin=guestfish duration=217ms outputBytes=0 output=""
time=2026-08-05T21:09:29.666Z level=INFO msg="guestfs exec" bin=guestfish args="[--remote=120]" scriptLines=1 script="-is-dir /Windows/System32/config/SYSTEM"
time=2026-08-05T21:09:29.717Z level=INFO msg="guestfs exec ok" bin=guestfish duration=51ms outputBytes=6 output=false
time=2026-08-05T21:09:29.717Z level=INFO msg="guestfs exec" bin=guestfish args="[--remote=120]" scriptLines=1 script="-download /Windows/System32/config/SYSTEM /tmp/kc-checkout-ro-SYSTEM-1307461535"
time=2026-08-05T21:09:29.860Z level=INFO msg="guestfs exec ok" bin=guestfish duration=142ms outputBytes=0 output=""
time=2026-08-05T21:09:29.865Z level=INFO msg="guestfs exec" bin=guestfish args="[--remote=120]" scriptLines=1 script="-is-dir /"
time=2026-08-05T21:09:29.918Z level=INFO msg="guestfs exec ok" bin=guestfish duration=52ms outputBytes=5 output=true
time=2026-08-05T21:09:29.918Z level=INFO msg="guestfs exec" bin=guestfish args="[--remote=120]" scriptLines=1 script="-ll /"
time=2026-08-05T21:09:29.970Z level=INFO msg="guestfs exec ok" bin=guestfish duration=52ms outputBytes=989 output="total 2403348\ndrwxrwxrwx  1 root root          0 Jan 19  2008 $Recycle.Bin\ndrwxrwxrwx  1 root root          0 May 30  2025 $WINDOWS.~BT\ndrwxrwxrwx  1 root root       8192 Feb 17 12:19 .\ndrwxr-xr-x 20 root root       4096 Aug  5 21:09 ..\n-rwxrwxrwx  1 root root       8192 May 30  2025 BOOTSECT.BAK\ndrwxrwxrwx  1 root root       4096 May 30  2025 Boot\nlrwxrwxrwx  2 root root         14 Jan 19  2008 Documents and Settings -> /sysroot/Users\ndrwxrwxrwx  1 root root          0 Jan 19  2008 PerfLogs\ndrwxrwxrwx  1 r…"
time=2026-08-05T21:09:29.971Z level=INFO msg="guestfs exec" bin=guestfish args="[--remote=120]" scriptLines=1 script="-is-dir /Windows/System32/config/SOFTWARE"
time=2026-08-05T21:09:30.010Z level=INFO msg="guestfs exec ok" bin=guestfish duration=39ms outputBytes=6 output=false
time=2026-08-05T21:09:30.011Z level=INFO msg="guestfs exec" bin=guestfish args="[--remote=120]" scriptLines=1 script="-download /Windows/System32/config/SOFTWARE /tmp/kc-checkout-ro-SOFTWARE-113260400"
time=2026-08-05T21:09:30.163Z level=INFO msg="guestfs exec ok" bin=guestfish duration=153ms outputBytes=0 output=""
time=2026-08-05T21:09:30.168Z level=INFO msg="guestfs exec" bin=guestfish args="[--remote=120]" scriptLines=1 script="-is-dir /Windows/System32/config/SYSTEM"
time=2026-08-05T21:09:30.239Z level=INFO msg="guestfs exec ok" bin=guestfish duration=71ms outputBytes=6 output=false
time=2026-08-05T21:09:30.239Z level=INFO msg="guestfs exec" bin=guestfish args="[--remote=120]" scriptLines=1 script="-download /Windows/System32/config/SYSTEM /tmp/kc-checkout-ro-SYSTEM-4238773782"
time=2026-08-05T21:09:30.357Z level=INFO msg="guestfs exec ok" bin=guestfish duration=118ms outputBytes=0 output=""
time=2026-08-05T21:09:30.363Z level=INFO msg="guestfs exec" bin=guestfish args="[--remote=120]" scriptLines=1 script="-exists /boot/grub2/grub.cfg"
time=2026-08-05T21:09:30.417Z level=INFO msg="guestfs exec ok" bin=guestfish duration=55ms outputBytes=6 output=false
time=2026-08-05T21:09:30.417Z level=INFO msg="guestfs exec" bin=guestfish args="[--remote=120]" scriptLines=1 script="-exists /boot/grub/grub.cfg"
time=2026-08-05T21:09:30.471Z level=INFO msg="guestfs exec ok" bin=guestfish duration=53ms outputBytes=6 output=false
time=2026-08-05T21:09:30.471Z level=INFO msg="guestfs exec" bin=guestfish args="[--remote=120]" scriptLines=1 script="-exists /boot/efi/EFI"
time=2026-08-05T21:09:30.511Z level=INFO msg="guestfs exec ok" bin=guestfish duration=40ms outputBytes=6 output=false
time=2026-08-05T21:09:30.511Z level=INFO msg="guestfs exec" bin=guestfish args="[--remote=120]" scriptLines=1 script="-exists /"
time=2026-08-05T21:09:30.564Z level=INFO msg="guestfs exec ok" bin=guestfish duration=52ms outputBytes=5 output=true
time=2026-08-05T21:09:30.564Z level=INFO msg="guestfs exec" bin=guestfish args="[--remote=120]" scriptLines=1 script="-exists /boot"
time=2026-08-05T21:09:30.606Z level=INFO msg="guestfs exec ok" bin=guestfish duration=42ms outputBytes=6 output=false
time=2026-08-05T21:09:30.606Z level=INFO msg="guestfs exec" bin=guestfish args="[--remote=120]" scriptLines=1 script="-exists /boot/efi"
time=2026-08-05T21:09:30.643Z level=INFO msg="guestfs exec ok" bin=guestfish duration=37ms outputBytes=6 output=false
time=2026-08-05T21:09:30.643Z level=INFO msg="guestfs exec" bin=guestfish args="[--remote=120]" scriptLines=1 script="-exists /"
time=2026-08-05T21:09:30.714Z level=INFO msg="guestfs exec ok" bin=guestfish duration=71ms outputBytes=5 output=true
time=2026-08-05T21:09:30.714Z level=INFO msg="guestfs exec" bin=guestfish args="[--remote=120]" scriptLines=1 script="-is-dir /"
time=2026-08-05T21:09:30.764Z level=INFO msg="guestfs exec ok" bin=guestfish duration=50ms outputBytes=5 output=true
time=2026-08-05T21:09:30.764Z level=INFO msg="guestfs exec" bin=guestfish args="[--remote=120]" scriptLines=1 script="-statvfs /"
time=2026-08-05T21:09:30.827Z level=INFO msg="guestfs exec ok" bin=guestfish duration=63ms outputBytes=150 output="bsize: 4096\nfrsize: 4096\nblocks: 4193791\nbfree: 1235485\nbavail: 1235485\nfiles: 5040244\nffree: 4975527\nfavail: 4975527\nfsid: 0\nflag: 4096\nnamemax: 255"
time=2026-08-05T21:09:30.830Z level=INFO msg="pipeline complete"
time=2026-08-05T21:09:30.830Z level=INFO msg="guestfs exec" bin=guestfish args="[--remote=120]" scriptLines=1 script=-umount-all
time=2026-08-05T21:09:30.900Z level=INFO msg="guestfs exec ok" bin=guestfish duration=71ms outputBytes=0 output=""
time=2026-08-05T21:09:30.900Z level=INFO msg="kc-prepare completed" output=/var/tmp/v2v/prepare-out.json
time=2026-08-05T21:09:30.911Z level=INFO msg=exec bin=/usr/lib/kc-utils/kc-convert-windows args="[--prepare-data /var/tmp/v2v/prepare-out.json --output /var/tmp/v2v/convert-out.json --mount-root /tmp/kc-guest --log-level info --guestfs]"
time=2026-08-05T21:09:30.937Z level=INFO msg="guestfish adopting shared session" pid=120 guestfishPID=120 shared=true
time=2026-08-05T21:09:30.937Z level=INFO msg="guestfish ensureLaunched" pid=120 disks=1 paths=[/var/tmp/v2v/overlay-0-block0.qcow2] HOME=/var/tmp LIBGUESTFS_BACKEND=direct socket=/tmp/.guestfish-107/socket-120 sessionAlive=true
time=2026-08-05T21:09:30.937Z level=INFO msg="guestfs exec" bin=guestfish args="[--remote=120]" scriptLines=1 script=-list-devices
time=2026-08-05T21:09:31.010Z level=INFO msg="guestfs exec ok" bin=guestfish duration=72ms outputBytes=9 output=/dev/sda
time=2026-08-05T21:09:31.010Z level=INFO msg="guestfish ready probe" pid=120 ready=true devices=/dev/sda
time=2026-08-05T21:09:31.010Z level=INFO msg="guestfish session already launched" pid=120 devices=/dev/sda
time=2026-08-05T21:09:31.010Z level=INFO msg="guestfs exec" bin=guestfish args="[--remote=120]" scriptLines=1 script=-inspect-os
time=2026-08-05T21:09:32.087Z level=INFO msg="guestfs exec ok" bin=guestfish duration=1.077s outputBytes=10 output=/dev/sda1
time=2026-08-05T21:09:32.087Z level=INFO msg="guestfs exec" bin=guestfish args="[--remote=120]" scriptLines=1 script="-inspect-get-mountpoints /dev/sda1"
time=2026-08-05T21:09:32.140Z level=INFO msg="guestfs exec ok" bin=guestfish duration=53ms outputBytes=13 output="/: /dev/sda1"
time=2026-08-05T21:09:32.140Z level=INFO msg="discovered mount points via inspection" count=1
time=2026-08-05T21:09:32.141Z level=INFO msg="guestfs exec" bin=guestfish args="[--remote=120]" scriptLines=2 script="-umount-all\n-mount /dev/sda1 /"
time=2026-08-05T21:09:32.270Z level=INFO msg="guestfs exec ok" bin=guestfish duration=129ms outputBytes=0 output=""
time=2026-08-05T21:09:32.270Z level=INFO msg="guestfs exec" bin=guestfish args="[--remote=120]" scriptLines=1 script="-is-dir /Windows/System32/config/SYSTEM"
time=2026-08-05T21:09:32.321Z level=INFO msg="guestfs exec ok" bin=guestfish duration=51ms outputBytes=6 output=false
time=2026-08-05T21:09:32.324Z level=INFO msg="guestfs exec" bin=guestfish args="[--remote=120]" scriptLines=1 script="-download /Windows/System32/config/SYSTEM /tmp/kc-checkout-SYSTEM-4203181001"
time=2026-08-05T21:09:32.455Z level=INFO msg="guestfs exec ok" bin=guestfish duration=131ms outputBytes=0 output=""
time=2026-08-05T21:09:32.458Z level=INFO msg="guestfs exec" bin=guestfish args="[--remote=120]" scriptLines=1 script="-is-dir /Windows/System32/config/SOFTWARE"
time=2026-08-05T21:09:32.511Z level=INFO msg="guestfs exec ok" bin=guestfish duration=52ms outputBytes=6 output=false
time=2026-08-05T21:09:32.511Z level=INFO msg="guestfs exec" bin=guestfish args="[--remote=120]" scriptLines=1 script="-download /Windows/System32/config/SOFTWARE /tmp/kc-checkout-SOFTWARE-1733662385"
time=2026-08-05T21:09:32.753Z level=INFO msg="guestfs exec ok" bin=guestfish duration=242ms outputBytes=0 output=""
time=2026-08-05T21:09:32.753Z level=INFO msg="matched version handler" name=win2008
time=2026-08-05T21:09:32.754Z level=INFO msg="found drivers" count=11 source=directory arch=x86_64 osVersion="Windows Server (R) 2008 Enterprise\x00"
time=2026-08-05T21:09:32.770Z level=WARN msg="RealTimeIsUniversal not found, assuming local time" error="value not found: ControlSet001\\Control\\TimeZoneInformation\\RealTimeIsUniversal"
time=2026-08-05T21:09:32.777Z level=INFO msg="removing hypervisor software" plugins="[vmware awspv ec2 ec2launch nutanix virtualbox]"
time=2026-08-05T21:09:32.777Z level=INFO msg="guestfs exec" bin=guestfish args="[--remote=120]" scriptLines=1 script="-exists \"/Program Files/Amazon\""
time=2026-08-05T21:09:32.842Z level=INFO msg="guestfs exec ok" bin=guestfish duration=65ms outputBytes=6 output=false
time=2026-08-05T21:09:32.848Z level=INFO msg="guestfs exec" bin=guestfish args="[--remote=120]" scriptLines=1 script="-exists \"/Program Files/Amazon/EC2Launch\""
time=2026-08-05T21:09:32.895Z level=INFO msg="guestfs exec ok" bin=guestfish duration=47ms outputBytes=6 output=false
time=2026-08-05T21:09:32.902Z level=INFO msg="guestfs exec" bin=guestfish args="[--remote=120]" scriptLines=1 script="-exists \"/Program Files/Amazon/Ec2ConfigService\""
time=2026-08-05T21:09:32.947Z level=INFO msg="guestfs exec ok" bin=guestfish duration=42ms outputBytes=6 output=false
time=2026-08-05T21:09:32.947Z level=INFO msg="guestfs exec" bin=guestfish args="[--remote=120]" scriptLines=1 script="-exists \"/Program Files/Nutanix\""
time=2026-08-05T21:09:32.997Z level=INFO msg="guestfs exec ok" bin=guestfish duration=50ms outputBytes=6 output=false
time=2026-08-05T21:09:32.997Z level=INFO msg="guestfs exec" bin=guestfish args="[--remote=120]" scriptLines=1 script="-exists \"/Program Files (x86)/Nutanix\""
time=2026-08-05T21:09:33.046Z level=INFO msg="guestfs exec ok" bin=guestfish duration=48ms outputBytes=6 output=false
time=2026-08-05T21:09:33.048Z level=INFO msg="guestfs exec" bin=guestfish args="[--remote=120]" scriptLines=1 script="-exists \"/Program Files/Oracle/VirtualBox Guest Additions\""
time=2026-08-05T21:09:33.088Z level=INFO msg="guestfs exec ok" bin=guestfish duration=40ms outputBytes=6 output=false
time=2026-08-05T21:09:33.089Z level=INFO msg="guestfs exec" bin=guestfish args="[--remote=120]" scriptLines=1 script="-exists \"/Program Files/VMware/VMware Tools\""
time=2026-08-05T21:09:33.139Z level=INFO msg="guestfs exec ok" bin=guestfish duration=50ms outputBytes=5 output=true
time=2026-08-05T21:09:33.139Z level=INFO msg="running hypervisor remove" name=vmware
time=2026-08-05T21:09:33.139Z level=INFO msg="guestfs exec" bin=guestfish args="[--remote=120]" scriptLines=1 script="-rm-rf \"/Program Files/VMware/VMware Tools\""
time=2026-08-05T21:09:33.353Z level=INFO msg="guestfs exec ok" bin=guestfish duration=213ms outputBytes=0 output=""
time=2026-08-05T21:09:33.394Z level=INFO msg="removing MSI product entry" guid=440239528CBBF444CA4FE7050845AF21 name="VMware Tools\x00"
time=2026-08-05T21:09:33.461Z level=INFO msg="removing MSI user-data entry" guid=440239528CBBF444CA4FE7050845AF21
time=2026-08-05T21:09:33.467Z level=INFO msg="guestfs exec" bin=guestfish args="[--remote=120]" scriptLines=1 script="-mkdir-p \"/Program Files/Guestfs/Firstboot/scripts\""
time=2026-08-05T21:09:33.526Z level=INFO msg="guestfs exec ok" bin=guestfish duration=52ms outputBytes=0 output=""
time=2026-08-05T21:09:33.527Z level=INFO msg="guestfs exec" bin=guestfish args="[--remote=120]" scriptLines=3 script="-mkdir-p \"/Program Files/Guestfs/Firstboot/scripts\"\n-upload /tmp/kc-gfs-write-1151196457 \"/Program Files/Guestfs/Firstboot/scripts/0010-vmware-msi-uninstall.ps1\"\n-chmod 0644 \"/Program Files/Guestfs/Firstboot/scripts/0010-vmware-msi-uninstall.ps1\""
time=2026-08-05T21:09:33.604Z level=INFO msg="guestfs exec ok" bin=guestfish duration=77ms outputBytes=0 output=""
time=2026-08-05T21:09:33.604Z level=INFO msg="hypervisor remove complete" name=vmware
time=2026-08-05T21:09:33.606Z level=INFO msg="guestfs exec" bin=guestfish args="[--remote=120]" scriptLines=1 script="-is-dir /Windows/System32/drivers"
time=2026-08-05T21:09:33.649Z level=INFO msg="guestfs exec ok" bin=guestfish duration=43ms outputBytes=5 output=true
time=2026-08-05T21:09:33.649Z level=INFO msg="guestfs exec" bin=guestfish args="[--remote=120]" scriptLines=1 script="-ll /Windows/System32/drivers"
time=2026-08-05T21:09:33.838Z level=INFO msg="guestfs exec ok" bin=guestfish duration=190ms outputBytes=14569 output="total 36430\ndrwxrwxrwx 1 root root   65536 Jun  2  2025 .\ndrwxrwxrwx 1 root root  524288 Apr 15 04:21 ..\n-rwxrwxrwx 1 root root   65280 Jan 19  2008 1394bus.sys\n-rwxrwxrwx 1 root root   64568 Apr 11  2009 AGP440.sys\n-rwxrwxrwx 1 root root   18432 Sep 18  2006 BrFiltLo.sys\n-rwxrwxrwx 1 root root    8704 Sep 18  2006 BrFiltUp.sys\n-rwxrwxrwx 1 root root   86528 Nov  2  2006 BrSerId.sys\n-rwxrwxrwx 1 root root   47104 Sep 18  2006 BrSerWdm.sys\n-rwxrwxrwx 1 root root   14976 Sep 18  2006 BrUsbMdm.sys\n-rwxrwxrwx 1…"
time=2026-08-05T21:09:33.839Z level=INFO msg="guestfs exec" bin=guestfish args="[--remote=120]" scriptLines=1 script="-mkdir-p /Windows/Drivers/VirtIO"
time=2026-08-05T21:09:33.878Z level=INFO msg="guestfs exec ok" bin=guestfish duration=39ms outputBytes=0 output=""
time=2026-08-05T21:09:33.878Z level=INFO msg="guestfs exec" bin=guestfish args="[--remote=120]" scriptLines=1 script="-mkdir-p /Windows/System32/drivers"
time=2026-08-05T21:09:33.920Z level=INFO msg="guestfs exec ok" bin=guestfish duration=42ms outputBytes=0 output=""
time=2026-08-05T21:09:33.921Z level=INFO msg="guestfs exec" bin=guestfish args="[--remote=120]" scriptLines=2 script="-mkdir-p /Windows/Drivers/VirtIO\n-upload /usr/share/virtio-win/drivers/by-os/amd64/2k8R2/balloon.cat /Windows/Drivers/VirtIO/balloon.cat"
time=2026-08-05T21:09:33.980Z level=INFO msg="guestfs exec ok" bin=guestfish duration=59ms outputBytes=0 output=""
time=2026-08-05T21:09:33.980Z level=INFO msg="guestfs exec" bin=guestfish args="[--remote=120]" scriptLines=2 script="-mkdir-p /Windows/Drivers/VirtIO\n-upload /usr/share/virtio-win/drivers/by-os/amd64/2k8R2/balloon.inf /Windows/Drivers/VirtIO/balloon.inf"
time=2026-08-05T21:09:34.045Z level=INFO msg="guestfs exec ok" bin=guestfish duration=65ms outputBytes=0 output=""
time=2026-08-05T21:09:34.045Z level=INFO msg="guestfs exec" bin=guestfish args="[--remote=120]" scriptLines=2 script="-mkdir-p /Windows/Drivers/VirtIO\n-upload /usr/share/virtio-win/drivers/by-os/amd64/2k8R2/balloon.sys /Windows/Drivers/VirtIO/balloon.sys"
time=2026-08-05T21:09:34.106Z level=INFO msg="guestfs exec ok" bin=guestfish duration=61ms outputBytes=0 output=""
time=2026-08-05T21:09:34.106Z level=INFO msg="guestfs exec" bin=guestfish args="[--remote=120]" scriptLines=2 script="-mkdir-p /Windows/Drivers/VirtIO\n-upload /usr/share/virtio-win/drivers/by-os/amd64/2k8R2/netkvm.cat /Windows/Drivers/VirtIO/netkvm.cat"
time=2026-08-05T21:09:34.179Z level=INFO msg="guestfs exec ok" bin=guestfish duration=73ms outputBytes=0 output=""
time=2026-08-05T21:09:34.179Z level=INFO msg="guestfs exec" bin=guestfish args="[--remote=120]" scriptLines=2 script="-mkdir-p /Windows/Drivers/VirtIO\n-upload /usr/share/virtio-win/drivers/by-os/amd64/2k8R2/netkvm.inf /Windows/Drivers/VirtIO/netkvm.inf"
time=2026-08-05T21:09:34.259Z level=INFO msg="guestfs exec ok" bin=guestfish duration=80ms outputBytes=0 output=""
time=2026-08-05T21:09:34.259Z level=INFO msg="guestfs exec" bin=guestfish args="[--remote=120]" scriptLines=2 script="-mkdir-p /Windows/Drivers/VirtIO\n-upload /usr/share/virtio-win/drivers/by-os/amd64/2k8R2/netkvm.sys /Windows/Drivers/VirtIO/netkvm.sys"
time=2026-08-05T21:09:34.319Z level=INFO msg="guestfs exec ok" bin=guestfish duration=60ms outputBytes=0 output=""
time=2026-08-05T21:09:34.319Z level=INFO msg="guestfs exec" bin=guestfish args="[--remote=120]" scriptLines=2 script="-mkdir-p /Windows/Drivers/VirtIO\n-upload /usr/share/virtio-win/drivers/by-os/amd64/2k8R2/pvpanic.cat /Windows/Drivers/VirtIO/pvpanic.cat"
time=2026-08-05T21:09:34.387Z level=INFO msg="guestfs exec ok" bin=guestfish duration=68ms outputBytes=0 output=""
time=2026-08-05T21:09:34.387Z level=INFO msg="guestfs exec" bin=guestfish args="[--remote=120]" scriptLines=2 script="-mkdir-p /Windows/Drivers/VirtIO\n-upload /usr/share/virtio-win/drivers/by-os/amd64/2k8R2/pvpanic.inf /Windows/Drivers/VirtIO/pvpanic.inf"
time=2026-08-05T21:09:34.450Z level=INFO msg="guestfs exec ok" bin=guestfish duration=63ms outputBytes=0 output=""
time=2026-08-05T21:09:34.450Z level=INFO msg="guestfs exec" bin=guestfish args="[--remote=120]" scriptLines=2 script="-mkdir-p /Windows/Drivers/VirtIO\n-upload /usr/share/virtio-win/drivers/by-os/amd64/2k8R2/pvpanic.sys /Windows/Drivers/VirtIO/pvpanic.sys"
time=2026-08-05T21:09:34.517Z level=INFO msg="guestfs exec ok" bin=guestfish duration=67ms outputBytes=0 output=""
time=2026-08-05T21:09:34.517Z level=INFO msg="guestfs exec" bin=guestfish args="[--remote=120]" scriptLines=2 script="-mkdir-p /Windows/Drivers/VirtIO\n-upload /usr/share/virtio-win/drivers/by-os/amd64/2k8R2/qemupciserial.cat /Windows/Drivers/VirtIO/qemupciserial.cat"
time=2026-08-05T21:09:34.581Z level=INFO msg="guestfs exec ok" bin=guestfish duration=64ms outputBytes=0 output=""
time=2026-08-05T21:09:34.581Z level=INFO msg="guestfs exec" bin=guestfish args="[--remote=120]" scriptLines=2 script="-mkdir-p /Windows/Drivers/VirtIO\n-upload /usr/share/virtio-win/drivers/by-os/amd64/2k8R2/qemupciserial.inf /Windows/Drivers/VirtIO/qemupciserial.inf"
time=2026-08-05T21:09:34.645Z level=INFO msg="guestfs exec ok" bin=guestfish duration=64ms outputBytes=0 output=""
time=2026-08-05T21:09:34.645Z level=INFO msg="guestfs exec" bin=guestfish args="[--remote=120]" scriptLines=2 script="-mkdir-p /Windows/Drivers/VirtIO\n-upload /usr/share/virtio-win/drivers/by-os/amd64/2k8R2/qxl.cat /Windows/Drivers/VirtIO/qxl.cat"
time=2026-08-05T21:09:34.737Z level=INFO msg="guestfs exec ok" bin=guestfish duration=92ms outputBytes=0 output=""
time=2026-08-05T21:09:34.737Z level=INFO msg="guestfs exec" bin=guestfish args="[--remote=120]" scriptLines=2 script="-mkdir-p /Windows/Drivers/VirtIO\n-upload /usr/share/virtio-win/drivers/by-os/amd64/2k8R2/qxl.inf /Windows/Drivers/VirtIO/qxl.inf"
time=2026-08-05T21:09:34.813Z level=INFO msg="guestfs exec ok" bin=guestfish duration=76ms outputBytes=0 output=""
time=2026-08-05T21:09:34.813Z level=INFO msg="guestfs exec" bin=guestfish args="[--remote=120]" scriptLines=2 script="-mkdir-p /Windows/Drivers/VirtIO\n-upload /usr/share/virtio-win/drivers/by-os/amd64/2k8R2/qxl.sys /Windows/Drivers/VirtIO/qxl.sys"
time=2026-08-05T21:09:34.882Z level=INFO msg="guestfs exec ok" bin=guestfish duration=69ms outputBytes=0 output=""
time=2026-08-05T21:09:34.882Z level=INFO msg="guestfs exec" bin=guestfish args="[--remote=120]" scriptLines=2 script="-mkdir-p /Windows/Drivers/VirtIO\n-upload /usr/share/virtio-win/drivers/by-os/amd64/2k8R2/viohidkmdf.sys /Windows/Drivers/VirtIO/viohidkmdf.sys"
time=2026-08-05T21:09:34.952Z level=INFO msg="guestfs exec ok" bin=guestfish duration=70ms outputBytes=0 output=""
time=2026-08-05T21:09:34.952Z level=INFO msg="guestfs exec" bin=guestfish args="[--remote=120]" scriptLines=2 script="-mkdir-p /Windows/Drivers/VirtIO\n-upload /usr/share/virtio-win/drivers/by-os/amd64/2k8R2/vioinput.cat /Windows/Drivers/VirtIO/vioinput.cat"
time=2026-08-05T21:09:35.029Z level=INFO msg="guestfs exec ok" bin=guestfish duration=77ms outputBytes=0 output=""
time=2026-08-05T21:09:35.029Z level=INFO msg="guestfs exec" bin=guestfish args="[--remote=120]" scriptLines=2 script="-mkdir-p /Windows/Drivers/VirtIO\n-upload /usr/share/virtio-win/drivers/by-os/amd64/2k8R2/vioinput.inf /Windows/Drivers/VirtIO/vioinput.inf"
time=2026-08-05T21:09:35.102Z level=INFO msg="guestfs exec ok" bin=guestfish duration=73ms outputBytes=0 output=""
time=2026-08-05T21:09:35.103Z level=INFO msg="guestfs exec" bin=guestfish args="[--remote=120]" scriptLines=2 script="-mkdir-p /Windows/Drivers/VirtIO\n-upload /usr/share/virtio-win/drivers/by-os/amd64/2k8R2/vioinput.sys /Windows/Drivers/VirtIO/vioinput.sys"
time=2026-08-05T21:09:35.173Z level=INFO msg="guestfs exec ok" bin=guestfish duration=70ms outputBytes=0 output=""
time=2026-08-05T21:09:35.173Z level=INFO msg="guestfs exec" bin=guestfish args="[--remote=120]" scriptLines=2 script="-mkdir-p /Windows/Drivers/VirtIO\n-upload /usr/share/virtio-win/drivers/by-os/amd64/2k8R2/viorng.cat /Windows/Drivers/VirtIO/viorng.cat"
time=2026-08-05T21:09:35.251Z level=INFO msg="guestfs exec ok" bin=guestfish duration=78ms outputBytes=0 output=""
time=2026-08-05T21:09:35.251Z level=INFO msg="guestfs exec" bin=guestfish args="[--remote=120]" scriptLines=2 script="-mkdir-p /Windows/Drivers/VirtIO\n-upload /usr/share/virtio-win/drivers/by-os/amd64/2k8R2/viorng.inf /Windows/Drivers/VirtIO/viorng.inf"
time=2026-08-05T21:09:35.327Z level=INFO msg="guestfs exec ok" bin=guestfish duration=76ms outputBytes=0 output=""
time=2026-08-05T21:09:35.327Z level=INFO msg="guestfs exec" bin=guestfish args="[--remote=120]" scriptLines=2 script="-mkdir-p /Windows/Drivers/VirtIO\n-upload /usr/share/virtio-win/drivers/by-os/amd64/2k8R2/viorng.sys /Windows/Drivers/VirtIO/viorng.sys"
time=2026-08-05T21:09:35.394Z level=INFO msg="guestfs exec ok" bin=guestfish duration=67ms outputBytes=0 output=""
time=2026-08-05T21:09:35.395Z level=INFO msg="guestfs exec" bin=guestfish args="[--remote=120]" scriptLines=2 script="-mkdir-p /Windows/Drivers/VirtIO\n-upload /usr/share/virtio-win/drivers/by-os/amd64/2k8R2/vioscsi.cat /Windows/Drivers/VirtIO/vioscsi.cat"
time=2026-08-05T21:09:35.459Z level=INFO msg="guestfs exec ok" bin=guestfish duration=65ms outputBytes=0 output=""
time=2026-08-05T21:09:35.459Z level=INFO msg="guestfs exec" bin=guestfish args="[--remote=120]" scriptLines=2 script="-mkdir-p /Windows/Drivers/VirtIO\n-upload /usr/share/virtio-win/drivers/by-os/amd64/2k8R2/vioscsi.inf /Windows/Drivers/VirtIO/vioscsi.inf"
time=2026-08-05T21:09:35.529Z level=INFO msg="guestfs exec ok" bin=guestfish duration=70ms outputBytes=0 output=""
time=2026-08-05T21:09:35.529Z level=INFO msg="guestfs exec" bin=guestfish args="[--remote=120]" scriptLines=2 script="-mkdir-p /Windows/Drivers/VirtIO\n-upload /usr/share/virtio-win/drivers/by-os/amd64/2k8R2/vioscsi.sys /Windows/Drivers/VirtIO/vioscsi.sys"
time=2026-08-05T21:09:35.612Z level=INFO msg="guestfs exec ok" bin=guestfish duration=82ms outputBytes=0 output=""
time=2026-08-05T21:09:35.613Z level=INFO msg="guestfs exec" bin=guestfish args="[--remote=120]" scriptLines=2 script="-mkdir-p /Windows/System32/drivers\n-upload /usr/share/virtio-win/drivers/by-os/amd64/2k8R2/vioscsi.sys /Windows/System32/drivers/vioscsi.sys"
time=2026-08-05T21:09:35.693Z level=INFO msg="guestfs exec ok" bin=guestfish duration=81ms outputBytes=0 output=""
time=2026-08-05T21:09:35.697Z level=INFO msg="guestfs exec" bin=guestfish args="[--remote=120]" scriptLines=2 script="-mkdir-p /Windows/Drivers/VirtIO\n-upload /usr/share/virtio-win/drivers/by-os/amd64/2k8R2/vioser.cat /Windows/Drivers/VirtIO/vioser.cat"
time=2026-08-05T21:09:35.767Z level=INFO msg="guestfs exec ok" bin=guestfish duration=69ms outputBytes=0 output=""
time=2026-08-05T21:09:35.767Z level=INFO msg="guestfs exec" bin=guestfish args="[--remote=120]" scriptLines=2 script="-mkdir-p /Windows/Drivers/VirtIO\n-upload /usr/share/virtio-win/drivers/by-os/amd64/2k8R2/vioser.inf /Windows/Drivers/VirtIO/vioser.inf"
time=2026-08-05T21:09:35.830Z level=INFO msg="guestfs exec ok" bin=guestfish duration=63ms outputBytes=0 output=""
time=2026-08-05T21:09:35.830Z level=INFO msg="guestfs exec" bin=guestfish args="[--remote=120]" scriptLines=2 script="-mkdir-p /Windows/Drivers/VirtIO\n-upload /usr/share/virtio-win/drivers/by-os/amd64/2k8R2/vioser.sys /Windows/Drivers/VirtIO/vioser.sys"
time=2026-08-05T21:09:35.897Z level=INFO msg="guestfs exec ok" bin=guestfish duration=66ms outputBytes=0 output=""
time=2026-08-05T21:09:35.897Z level=INFO msg="guestfs exec" bin=guestfish args="[--remote=120]" scriptLines=2 script="-mkdir-p /Windows/Drivers/VirtIO\n-upload /usr/share/virtio-win/drivers/by-os/amd64/2k8R2/viostor.cat /Windows/Drivers/VirtIO/viostor.cat"
time=2026-08-05T21:09:35.964Z level=INFO msg="guestfs exec ok" bin=guestfish duration=68ms outputBytes=0 output=""
time=2026-08-05T21:09:35.965Z level=INFO msg="guestfs exec" bin=guestfish args="[--remote=120]" scriptLines=2 script="-mkdir-p /Windows/Drivers/VirtIO\n-upload /usr/share/virtio-win/drivers/by-os/amd64/2k8R2/viostor.inf /Windows/Drivers/VirtIO/viostor.inf"
time=2026-08-05T21:09:36.051Z level=INFO msg="guestfs exec ok" bin=guestfish duration=87ms outputBytes=0 output=""
time=2026-08-05T21:09:36.051Z level=INFO msg="guestfs exec" bin=guestfish args="[--remote=120]" scriptLines=2 script="-mkdir-p /Windows/Drivers/VirtIO\n-upload /usr/share/virtio-win/drivers/by-os/amd64/2k8R2/viostor.sys /Windows/Drivers/VirtIO/viostor.sys"
time=2026-08-05T21:09:36.118Z level=INFO msg="guestfs exec ok" bin=guestfish duration=67ms outputBytes=0 output=""
time=2026-08-05T21:09:36.118Z level=INFO msg="guestfs exec" bin=guestfish args="[--remote=120]" scriptLines=2 script="-mkdir-p /Windows/System32/drivers\n-upload /usr/share/virtio-win/drivers/by-os/amd64/2k8R2/viostor.sys /Windows/System32/drivers/viostor.sys"
time=2026-08-05T21:09:36.191Z level=INFO msg="guestfs exec ok" bin=guestfish duration=73ms outputBytes=0 output=""
time=2026-08-05T21:09:36.192Z level=INFO msg="copied driver" name=balloon
time=2026-08-05T21:09:36.192Z level=INFO msg="guestfs exec" bin=guestfish args="[--remote=120]" scriptLines=2 script="-mkdir-p /Windows/Drivers/VirtIO\n-upload /usr/share/virtio-win/drivers/by-os/amd64/2k8R2/balloon.cat /Windows/Drivers/VirtIO/balloon.cat"
time=2026-08-05T21:09:36.261Z level=INFO msg="guestfs exec ok" bin=guestfish duration=69ms outputBytes=0 output=""
time=2026-08-05T21:09:36.261Z level=INFO msg="guestfs exec" bin=guestfish args="[--remote=120]" scriptLines=2 script="-mkdir-p /Windows/Drivers/VirtIO\n-upload /usr/share/virtio-win/drivers/by-os/amd64/2k8R2/balloon.inf /Windows/Drivers/VirtIO/balloon.inf"
time=2026-08-05T21:09:36.325Z level=INFO msg="guestfs exec ok" bin=guestfish duration=64ms outputBytes=0 output=""
time=2026-08-05T21:09:36.325Z level=INFO msg="guestfs exec" bin=guestfish args="[--remote=120]" scriptLines=2 script="-mkdir-p /Windows/Drivers/VirtIO\n-upload /usr/share/virtio-win/drivers/by-os/amd64/2k8R2/balloon.sys /Windows/Drivers/VirtIO/balloon.sys"
time=2026-08-05T21:09:36.401Z level=INFO msg="guestfs exec ok" bin=guestfish duration=76ms outputBytes=0 output=""
time=2026-08-05T21:09:36.401Z level=INFO msg="guestfs exec" bin=guestfish args="[--remote=120]" scriptLines=2 script="-mkdir-p /Windows/Drivers/VirtIO\n-upload /usr/share/virtio-win/drivers/by-os/amd64/2k8R2/netkvm.cat /Windows/Drivers/VirtIO/netkvm.cat"
time=2026-08-05T21:09:36.463Z level=INFO msg="guestfs exec ok" bin=guestfish duration=62ms outputBytes=0 output=""
time=2026-08-05T21:09:36.464Z level=INFO msg="guestfs exec" bin=guestfish args="[--remote=120]" scriptLines=2 script="-mkdir-p /Windows/Drivers/VirtIO\n-upload /usr/share/virtio-win/drivers/by-os/amd64/2k8R2/netkvm.inf /Windows/Drivers/VirtIO/netkvm.inf"
time=2026-08-05T21:09:36.535Z level=INFO msg="guestfs exec ok" bin=guestfish duration=71ms outputBytes=0 output=""
time=2026-08-05T21:09:36.535Z level=INFO msg="guestfs exec" bin=guestfish args="[--remote=120]" scriptLines=2 script="-mkdir-p /Windows/Drivers/VirtIO\n-upload /usr/share/virtio-win/drivers/by-os/amd64/2k8R2/netkvm.sys /Windows/Drivers/VirtIO/netkvm.sys"
time=2026-08-05T21:09:36.611Z level=INFO msg="guestfs exec ok" bin=guestfish duration=76ms outputBytes=0 output=""
time=2026-08-05T21:09:36.611Z level=INFO msg="guestfs exec" bin=guestfish args="[--remote=120]" scriptLines=2 script="-mkdir-p /Windows/Drivers/VirtIO\n-upload /usr/share/virtio-win/drivers/by-os/amd64/2k8R2/pvpanic.cat /Windows/Drivers/VirtIO/pvpanic.cat"
time=2026-08-05T21:09:36.670Z level=INFO msg="guestfs exec ok" bin=guestfish duration=58ms outputBytes=0 output=""
time=2026-08-05T21:09:36.670Z level=INFO msg="guestfs exec" bin=guestfish args="[--remote=120]" scriptLines=2 script="-mkdir-p /Windows/Drivers/VirtIO\n-upload /usr/share/virtio-win/drivers/by-os/amd64/2k8R2/pvpanic.inf /Windows/Drivers/VirtIO/pvpanic.inf"
time=2026-08-05T21:09:36.738Z level=INFO msg="guestfs exec ok" bin=guestfish duration=67ms outputBytes=0 output=""
time=2026-08-05T21:09:36.738Z level=INFO msg="guestfs exec" bin=guestfish args="[--remote=120]" scriptLines=2 script="-mkdir-p /Windows/Drivers/VirtIO\n-upload /usr/share/virtio-win/drivers/by-os/amd64/2k8R2/pvpanic.sys /Windows/Drivers/VirtIO/pvpanic.sys"
time=2026-08-05T21:09:36.800Z level=INFO msg="guestfs exec ok" bin=guestfish duration=62ms outputBytes=0 output=""
time=2026-08-05T21:09:36.800Z level=INFO msg="guestfs exec" bin=guestfish args="[--remote=120]" scriptLines=2 script="-mkdir-p /Windows/Drivers/VirtIO\n-upload /usr/share/virtio-win/drivers/by-os/amd64/2k8R2/qemupciserial.cat /Windows/Drivers/VirtIO/qemupciserial.cat"
time=2026-08-05T21:09:36.861Z level=INFO msg="guestfs exec ok" bin=guestfish duration=61ms outputBytes=0 output=""
time=2026-08-05T21:09:36.862Z level=INFO msg="guestfs exec" bin=guestfish args="[--remote=120]" scriptLines=2 script="-mkdir-p /Windows/Drivers/VirtIO\n-upload /usr/share/virtio-win/drivers/by-os/amd64/2k8R2/qemupciserial.inf /Windows/Drivers/VirtIO/qemupciserial.inf"
time=2026-08-05T21:09:36.930Z level=INFO msg="guestfs exec ok" bin=guestfish duration=68ms outputBytes=0 output=""
time=2026-08-05T21:09:36.930Z level=INFO msg="guestfs exec" bin=guestfish args="[--remote=120]" scriptLines=2 script="-mkdir-p /Windows/Drivers/VirtIO\n-upload /usr/share/virtio-win/drivers/by-os/amd64/2k8R2/qxl.cat /Windows/Drivers/VirtIO/qxl.cat"
time=2026-08-05T21:09:36.994Z level=INFO msg="guestfs exec ok" bin=guestfish duration=64ms outputBytes=0 output=""
time=2026-08-05T21:09:37.004Z level=INFO msg="guestfs exec" bin=guestfish args="[--remote=120]" scriptLines=2 script="-mkdir-p /Windows/Drivers/VirtIO\n-upload /usr/share/virtio-win/drivers/by-os/amd64/2k8R2/qxl.inf /Windows/Drivers/VirtIO/qxl.inf"
time=2026-08-05T21:09:37.084Z level=INFO msg="guestfs exec ok" bin=guestfish duration=80ms outputBytes=0 output=""
time=2026-08-05T21:09:37.084Z level=INFO msg="guestfs exec" bin=guestfish args="[--remote=120]" scriptLines=2 script="-mkdir-p /Windows/Drivers/VirtIO\n-upload /usr/share/virtio-win/drivers/by-os/amd64/2k8R2/qxl.sys /Windows/Drivers/VirtIO/qxl.sys"
time=2026-08-05T21:09:37.146Z level=INFO msg="guestfs exec ok" bin=guestfish duration=62ms outputBytes=0 output=""
time=2026-08-05T21:09:37.146Z level=INFO msg="guestfs exec" bin=guestfish args="[--remote=120]" scriptLines=2 script="-mkdir-p /Windows/Drivers/VirtIO\n-upload /usr/share/virtio-win/drivers/by-os/amd64/2k8R2/viohidkmdf.sys /Windows/Drivers/VirtIO/viohidkmdf.sys"
time=2026-08-05T21:09:37.210Z level=INFO msg="guestfs exec ok" bin=guestfish duration=64ms outputBytes=0 output=""
time=2026-08-05T21:09:37.211Z level=INFO msg="guestfs exec" bin=guestfish args="[--remote=120]" scriptLines=2 script="-mkdir-p /Windows/Drivers/VirtIO\n-upload /usr/share/virtio-win/drivers/by-os/amd64/2k8R2/vioinput.cat /Windows/Drivers/VirtIO/vioinput.cat"
time=2026-08-05T21:09:37.271Z level=INFO msg="guestfs exec ok" bin=guestfish duration=61ms outputBytes=0 output=""
time=2026-08-05T21:09:37.272Z level=INFO msg="guestfs exec" bin=guestfish args="[--remote=120]" scriptLines=2 script="-mkdir-p /Windows/Drivers/VirtIO\n-upload /usr/share/virtio-win/drivers/by-os/amd64/2k8R2/vioinput.inf /Windows/Drivers/VirtIO/vioinput.inf"
time=2026-08-05T21:09:37.337Z level=INFO msg="guestfs exec ok" bin=guestfish duration=66ms outputBytes=0 output=""
time=2026-08-05T21:09:37.337Z level=INFO msg="guestfs exec" bin=guestfish args="[--remote=120]" scriptLines=2 script="-mkdir-p /Windows/Drivers/VirtIO\n-upload /usr/share/virtio-win/drivers/by-os/amd64/2k8R2/vioinput.sys /Windows/Drivers/VirtIO/vioinput.sys"
time=2026-08-05T21:09:37.402Z level=INFO msg="guestfs exec ok" bin=guestfish duration=65ms outputBytes=0 output=""
time=2026-08-05T21:09:37.402Z level=INFO msg="guestfs exec" bin=guestfish args="[--remote=120]" scriptLines=2 script="-mkdir-p /Windows/Drivers/VirtIO\n-upload /usr/share/virtio-win/drivers/by-os/amd64/2k8R2/viorng.cat /Windows/Drivers/VirtIO/viorng.cat"
time=2026-08-05T21:09:37.463Z level=INFO msg="guestfs exec ok" bin=guestfish duration=61ms outputBytes=0 output=""
time=2026-08-05T21:09:37.463Z level=INFO msg="guestfs exec" bin=guestfish args="[--remote=120]" scriptLines=2 script="-mkdir-p /Windows/Drivers/VirtIO\n-upload /usr/share/virtio-win/drivers/by-os/amd64/2k8R2/viorng.inf /Windows/Drivers/VirtIO/viorng.inf"
time=2026-08-05T21:09:37.526Z level=INFO msg="guestfs exec ok" bin=guestfish duration=63ms outputBytes=0 output=""
time=2026-08-05T21:09:37.527Z level=INFO msg="guestfs exec" bin=guestfish args="[--remote=120]" scriptLines=2 script="-mkdir-p /Windows/Drivers/VirtIO\n-upload /usr/share/virtio-win/drivers/by-os/amd64/2k8R2/viorng.sys /Windows/Drivers/VirtIO/viorng.sys"
time=2026-08-05T21:09:37.588Z level=INFO msg="guestfs exec ok" bin=guestfish duration=61ms outputBytes=0 output=""
time=2026-08-05T21:09:37.588Z level=INFO msg="guestfs exec" bin=guestfish args="[--remote=120]" scriptLines=2 script="-mkdir-p /Windows/Drivers/VirtIO\n-upload /usr/share/virtio-win/drivers/by-os/amd64/2k8R2/vioscsi.cat /Windows/Drivers/VirtIO/vioscsi.cat"
time=2026-08-05T21:09:37.651Z level=INFO msg="guestfs exec ok" bin=guestfish duration=63ms outputBytes=0 output=""
time=2026-08-05T21:09:37.651Z level=INFO msg="guestfs exec" bin=guestfish args="[--remote=120]" scriptLines=2 script="-mkdir-p /Windows/Drivers/VirtIO\n-upload /usr/share/virtio-win/drivers/by-os/amd64/2k8R2/vioscsi.inf /Windows/Drivers/VirtIO/vioscsi.inf"
time=2026-08-05T21:09:37.733Z level=INFO msg="guestfs exec ok" bin=guestfish duration=82ms outputBytes=0 output=""
time=2026-08-05T21:09:37.733Z level=INFO msg="guestfs exec" bin=guestfish args="[--remote=120]" scriptLines=2 script="-mkdir-p /Windows/Drivers/VirtIO\n-upload /usr/share/virtio-win/drivers/by-os/amd64/2k8R2/vioscsi.sys /Windows/Drivers/VirtIO/vioscsi.sys"
time=2026-08-05T21:09:37.823Z level=INFO msg="guestfs exec ok" bin=guestfish duration=90ms outputBytes=0 output=""
time=2026-08-05T21:09:37.823Z level=INFO msg="guestfs exec" bin=guestfish args="[--remote=120]" scriptLines=2 script="-mkdir-p /Windows/System32/drivers\n-upload /usr/share/virtio-win/drivers/by-os/amd64/2k8R2/vioscsi.sys /Windows/System32/drivers/vioscsi.sys"
time=2026-08-05T21:09:37.916Z level=INFO msg="guestfs exec ok" bin=guestfish duration=93ms outputBytes=0 output=""
time=2026-08-05T21:09:37.916Z level=INFO msg="guestfs exec" bin=guestfish args="[--remote=120]" scriptLines=2 script="-mkdir-p /Windows/Drivers/VirtIO\n-upload /usr/share/virtio-win/drivers/by-os/amd64/2k8R2/vioser.cat /Windows/Drivers/VirtIO/vioser.cat"
time=2026-08-05T21:09:37.995Z level=INFO msg="guestfs exec ok" bin=guestfish duration=79ms outputBytes=0 output=""
time=2026-08-05T21:09:37.995Z level=INFO msg="guestfs exec" bin=guestfish args="[--remote=120]" scriptLines=2 script="-mkdir-p /Windows/Drivers/VirtIO\n-upload /usr/share/virtio-win/drivers/by-os/amd64/2k8R2/vioser.inf /Windows/Drivers/VirtIO/vioser.inf"
time=2026-08-05T21:09:38.071Z level=INFO msg="guestfs exec ok" bin=guestfish duration=76ms outputBytes=0 output=""
time=2026-08-05T21:09:38.072Z level=INFO msg="guestfs exec" bin=guestfish args="[--remote=120]" scriptLines=2 script="-mkdir-p /Windows/Drivers/VirtIO\n-upload /usr/share/virtio-win/drivers/by-os/amd64/2k8R2/vioser.sys /Windows/Drivers/VirtIO/vioser.sys"
time=2026-08-05T21:09:38.142Z level=INFO msg="guestfs exec ok" bin=guestfish duration=71ms outputBytes=0 output=""
time=2026-08-05T21:09:38.142Z level=INFO msg="guestfs exec" bin=guestfish args="[--remote=120]" scriptLines=2 script="-mkdir-p /Windows/Drivers/VirtIO\n-upload /usr/share/virtio-win/drivers/by-os/amd64/2k8R2/viostor.cat /Windows/Drivers/VirtIO/viostor.cat"
time=2026-08-05T21:09:38.235Z level=INFO msg="guestfs exec ok" bin=guestfish duration=92ms outputBytes=0 output=""
time=2026-08-05T21:09:38.235Z level=INFO msg="guestfs exec" bin=guestfish args="[--remote=120]" scriptLines=2 script="-mkdir-p /Windows/Drivers/VirtIO\n-upload /usr/share/virtio-win/drivers/by-os/amd64/2k8R2/viostor.inf /Windows/Drivers/VirtIO/viostor.inf"
time=2026-08-05T21:09:38.316Z level=INFO msg="guestfs exec ok" bin=guestfish duration=81ms outputBytes=0 output=""
time=2026-08-05T21:09:38.316Z level=INFO msg="guestfs exec" bin=guestfish args="[--remote=120]" scriptLines=2 script="-mkdir-p /Windows/Drivers/VirtIO\n-upload /usr/share/virtio-win/drivers/by-os/amd64/2k8R2/viostor.sys /Windows/Drivers/VirtIO/viostor.sys"
time=2026-08-05T21:09:38.393Z level=INFO msg="guestfs exec ok" bin=guestfish duration=77ms outputBytes=0 output=""
time=2026-08-05T21:09:38.393Z level=INFO msg="guestfs exec" bin=guestfish args="[--remote=120]" scriptLines=2 script="-mkdir-p /Windows/System32/drivers\n-upload /usr/share/virtio-win/drivers/by-os/amd64/2k8R2/viostor.sys /Windows/System32/drivers/viostor.sys"
time=2026-08-05T21:09:38.475Z level=INFO msg="guestfs exec ok" bin=guestfish duration=82ms outputBytes=0 output=""
time=2026-08-05T21:09:38.475Z level=INFO msg="copied driver" name=netkvm
time=2026-08-05T21:09:38.475Z level=INFO msg="guestfs exec" bin=guestfish args="[--remote=120]" scriptLines=2 script="-mkdir-p /Windows/Drivers/VirtIO\n-upload /usr/share/virtio-win/drivers/by-os/amd64/2k8R2/balloon.cat /Windows/Drivers/VirtIO/balloon.cat"
time=2026-08-05T21:09:38.552Z level=INFO msg="guestfs exec ok" bin=guestfish duration=76ms outputBytes=0 output=""
time=2026-08-05T21:09:38.552Z level=INFO msg="guestfs exec" bin=guestfish args="[--remote=120]" scriptLines=2 script="-mkdir-p /Windows/Drivers/VirtIO\n-upload /usr/share/virtio-win/drivers/by-os/amd64/2k8R2/balloon.inf /Windows/Drivers/VirtIO/balloon.inf"
time=2026-08-05T21:09:38.629Z level=INFO msg="guestfs exec ok" bin=guestfish duration=77ms outputBytes=0 output=""
time=2026-08-05T21:09:38.629Z level=INFO msg="guestfs exec" bin=guestfish args="[--remote=120]" scriptLines=2 script="-mkdir-p /Windows/Drivers/VirtIO\n-upload /usr/share/virtio-win/drivers/by-os/amd64/2k8R2/balloon.sys /Windows/Drivers/VirtIO/balloon.sys"
time=2026-08-05T21:09:38.694Z level=INFO msg="guestfs exec ok" bin=guestfish duration=65ms outputBytes=0 output=""
time=2026-08-05T21:09:38.694Z level=INFO msg="guestfs exec" bin=guestfish args="[--remote=120]" scriptLines=2 script="-mkdir-p /Windows/Drivers/VirtIO\n-upload /usr/share/virtio-win/drivers/by-os/amd64/2k8R2/netkvm.cat /Windows/Drivers/VirtIO/netkvm.cat"
time=2026-08-05T21:09:38.755Z level=INFO msg="guestfs exec ok" bin=guestfish duration=60ms outputBytes=0 output=""
time=2026-08-05T21:09:38.755Z level=INFO msg="guestfs exec" bin=guestfish args="[--remote=120]" scriptLines=2 script="-mkdir-p /Windows/Drivers/VirtIO\n-upload /usr/share/virtio-win/drivers/by-os/amd64/2k8R2/netkvm.inf /Windows/Drivers/VirtIO/netkvm.inf"
time=2026-08-05T21:09:38.816Z level=INFO msg="guestfs exec ok" bin=guestfish duration=61ms outputBytes=0 output=""
time=2026-08-05T21:09:38.821Z level=INFO msg="guestfs exec" bin=guestfish args="[--remote=120]" scriptLines=2 script="-mkdir-p /Windows/Drivers/VirtIO\n-upload /usr/share/virtio-win/drivers/by-os/amd64/2k8R2/netkvm.sys /Windows/Drivers/VirtIO/netkvm.sys"
time=2026-08-05T21:09:38.889Z level=INFO msg="guestfs exec ok" bin=guestfish duration=68ms outputBytes=0 output=""
time=2026-08-05T21:09:38.889Z level=INFO msg="guestfs exec" bin=guestfish args="[--remote=120]" scriptLines=2 script="-mkdir-p /Windows/Drivers/VirtIO\n-upload /usr/share/virtio-win/drivers/by-os/amd64/2k8R2/pvpanic.cat /Windows/Drivers/VirtIO/pvpanic.cat"
time=2026-08-05T21:09:38.960Z level=INFO msg="guestfs exec ok" bin=guestfish duration=71ms outputBytes=0 output=""
time=2026-08-05T21:09:38.960Z level=INFO msg="guestfs exec" bin=guestfish args="[--remote=120]" scriptLines=2 script="-mkdir-p /Windows/Drivers/VirtIO\n-upload /usr/share/virtio-win/drivers/by-os/amd64/2k8R2/pvpanic.inf /Windows/Drivers/VirtIO/pvpanic.inf"
time=2026-08-05T21:09:39.033Z level=INFO msg="guestfs exec ok" bin=guestfish duration=73ms outputBytes=0 output=""
time=2026-08-05T21:09:39.033Z level=INFO msg="guestfs exec" bin=guestfish args="[--remote=120]" scriptLines=2 script="-mkdir-p /Windows/Drivers/VirtIO\n-upload /usr/share/virtio-win/drivers/by-os/amd64/2k8R2/pvpanic.sys /Windows/Drivers/VirtIO/pvpanic.sys"
time=2026-08-05T21:09:39.122Z level=INFO msg="guestfs exec ok" bin=guestfish duration=88ms outputBytes=0 output=""
time=2026-08-05T21:09:39.122Z level=INFO msg="guestfs exec" bin=guestfish args="[--remote=120]" scriptLines=2 script="-mkdir-p /Windows/Drivers/VirtIO\n-upload /usr/share/virtio-win/drivers/by-os/amd64/2k8R2/qemupciserial.cat /Windows/Drivers/VirtIO/qemupciserial.cat"
time=2026-08-05T21:09:39.194Z level=INFO msg="guestfs exec ok" bin=guestfish duration=72ms outputBytes=0 output=""
time=2026-08-05T21:09:39.194Z level=INFO msg="guestfs exec" bin=guestfish args="[--remote=120]" scriptLines=2 script="-mkdir-p /Windows/Drivers/VirtIO\n-upload /usr/share/virtio-win/drivers/by-os/amd64/2k8R2/qemupciserial.inf /Windows/Drivers/VirtIO/qemupciserial.inf"
time=2026-08-05T21:09:39.257Z level=INFO msg="guestfs exec ok" bin=guestfish duration=63ms outputBytes=0 output=""
time=2026-08-05T21:09:39.257Z level=INFO msg="guestfs exec" bin=guestfish args="[--remote=120]" scriptLines=2 script="-mkdir-p /Windows/Drivers/VirtIO\n-upload /usr/share/virtio-win/drivers/by-os/amd64/2k8R2/qxl.cat /Windows/Drivers/VirtIO/qxl.cat"
time=2026-08-05T21:09:39.319Z level=INFO msg="guestfs exec ok" bin=guestfish duration=61ms outputBytes=0 output=""
time=2026-08-05T21:09:39.319Z level=INFO msg="guestfs exec" bin=guestfish args="[--remote=120]" scriptLines=2 script="-mkdir-p /Windows/Drivers/VirtIO\n-upload /usr/share/virtio-win/drivers/by-os/amd64/2k8R2/qxl.inf /Windows/Drivers/VirtIO/qxl.inf"
time=2026-08-05T21:09:39.377Z level=INFO msg="guestfs exec ok" bin=guestfish duration=59ms outputBytes=0 output=""
time=2026-08-05T21:09:39.378Z level=INFO msg="guestfs exec" bin=guestfish args="[--remote=120]" scriptLines=2 script="-mkdir-p /Windows/Drivers/VirtIO\n-upload /usr/share/virtio-win/drivers/by-os/amd64/2k8R2/qxl.sys /Windows/Drivers/VirtIO/qxl.sys"
time=2026-08-05T21:09:39.436Z level=INFO msg="guestfs exec ok" bin=guestfish duration=58ms outputBytes=0 output=""
time=2026-08-05T21:09:39.436Z level=INFO msg="guestfs exec" bin=guestfish args="[--remote=120]" scriptLines=2 script="-mkdir-p /Windows/Drivers/VirtIO\n-upload /usr/share/virtio-win/drivers/by-os/amd64/2k8R2/viohidkmdf.sys /Windows/Drivers/VirtIO/viohidkmdf.sys"
time=2026-08-05T21:09:39.501Z level=INFO msg="guestfs exec ok" bin=guestfish duration=65ms outputBytes=0 output=""
time=2026-08-05T21:09:39.501Z level=INFO msg="guestfs exec" bin=guestfish args="[--remote=120]" scriptLines=2 script="-mkdir-p /Windows/Drivers/VirtIO\n-upload /usr/share/virtio-win/drivers/by-os/amd64/2k8R2/vioinput.cat /Windows/Drivers/VirtIO/vioinput.cat"
time=2026-08-05T21:09:39.559Z level=INFO msg="guestfs exec ok" bin=guestfish duration=58ms outputBytes=0 output=""
time=2026-08-05T21:09:39.559Z level=INFO msg="guestfs exec" bin=guestfish args="[--remote=120]" scriptLines=2 script="-mkdir-p /Windows/Drivers/VirtIO\n-upload /usr/share/virtio-win/drivers/by-os/amd64/2k8R2/vioinput.inf /Windows/Drivers/VirtIO/vioinput.inf"
time=2026-08-05T21:09:39.622Z level=INFO msg="guestfs exec ok" bin=guestfish duration=62ms outputBytes=0 output=""
time=2026-08-05T21:09:39.622Z level=INFO msg="guestfs exec" bin=guestfish args="[--remote=120]" scriptLines=2 script="-mkdir-p /Windows/Drivers/VirtIO\n-upload /usr/share/virtio-win/drivers/by-os/amd64/2k8R2/vioinput.sys /Windows/Drivers/VirtIO/vioinput.sys"
time=2026-08-05T21:09:39.693Z level=INFO msg="guestfs exec ok" bin=guestfish duration=71ms outputBytes=0 output=""
time=2026-08-05T21:09:39.693Z level=INFO msg="guestfs exec" bin=guestfish args="[--remote=120]" scriptLines=2 script="-mkdir-p /Windows/Drivers/VirtIO\n-upload /usr/share/virtio-win/drivers/by-os/amd64/2k8R2/viorng.cat /Windows/Drivers/VirtIO/viorng.cat"
time=2026-08-05T21:09:39.758Z level=INFO msg="guestfs exec ok" bin=guestfish duration=65ms outputBytes=0 output=""
time=2026-08-05T21:09:39.758Z level=INFO msg="guestfs exec" bin=guestfish args="[--remote=120]" scriptLines=2 script="-mkdir-p /Windows/Drivers/VirtIO\n-upload /usr/share/virtio-win/drivers/by-os/amd64/2k8R2/viorng.inf /Windows/Drivers/VirtIO/viorng.inf"
time=2026-08-05T21:09:39.818Z level=INFO msg="guestfs exec ok" bin=guestfish duration=60ms outputBytes=0 output=""
time=2026-08-05T21:09:39.819Z level=INFO msg="guestfs exec" bin=guestfish args="[--remote=120]" scriptLines=2 script="-mkdir-p /Windows/Drivers/VirtIO\n-upload /usr/share/virtio-win/drivers/by-os/amd64/2k8R2/viorng.sys /Windows/Drivers/VirtIO/viorng.sys"
time=2026-08-05T21:09:39.888Z level=INFO msg="guestfs exec ok" bin=guestfish duration=70ms outputBytes=0 output=""
time=2026-08-05T21:09:39.888Z level=INFO msg="guestfs exec" bin=guestfish args="[--remote=120]" scriptLines=2 script="-mkdir-p /Windows/Drivers/VirtIO\n-upload /usr/share/virtio-win/drivers/by-os/amd64/2k8R2/vioscsi.cat /Windows/Drivers/VirtIO/vioscsi.cat"
time=2026-08-05T21:09:39.948Z level=INFO msg="guestfs exec ok" bin=guestfish duration=60ms outputBytes=0 output=""
time=2026-08-05T21:09:39.948Z level=INFO msg="guestfs exec" bin=guestfish args="[--remote=120]" scriptLines=2 script="-mkdir-p /Windows/Drivers/VirtIO\n-upload /usr/share/virtio-win/drivers/by-os/amd64/2k8R2/vioscsi.inf /Windows/Drivers/VirtIO/vioscsi.inf"
time=2026-08-05T21:09:40.020Z level=INFO msg="guestfs exec ok" bin=guestfish duration=72ms outputBytes=0 output=""
time=2026-08-05T21:09:40.020Z level=INFO msg="guestfs exec" bin=guestfish args="[--remote=120]" scriptLines=2 script="-mkdir-p /Windows/Drivers/VirtIO\n-upload /usr/share/virtio-win/drivers/by-os/amd64/2k8R2/vioscsi.sys /Windows/Drivers/VirtIO/vioscsi.sys"
time=2026-08-05T21:09:40.099Z level=INFO msg="guestfs exec ok" bin=guestfish duration=78ms outputBytes=0 output=""
time=2026-08-05T21:09:40.099Z level=INFO msg="guestfs exec" bin=guestfish args="[--remote=120]" scriptLines=2 script="-mkdir-p /Windows/System32/drivers\n-upload /usr/share/virtio-win/drivers/by-os/amd64/2k8R2/vioscsi.sys /Windows/System32/drivers/vioscsi.sys"
time=2026-08-05T21:09:40.164Z level=INFO msg="guestfs exec ok" bin=guestfish duration=65ms outputBytes=0 output=""
time=2026-08-05T21:09:40.164Z level=INFO msg="guestfs exec" bin=guestfish args="[--remote=120]" scriptLines=2 script="-mkdir-p /Windows/Drivers/VirtIO\n-upload /usr/share/virtio-win/drivers/by-os/amd64/2k8R2/vioser.cat /Windows/Drivers/VirtIO/vioser.cat"
time=2026-08-05T21:09:40.233Z level=INFO msg="guestfs exec ok" bin=guestfish duration=69ms outputBytes=0 output=""
time=2026-08-05T21:09:40.233Z level=INFO msg="guestfs exec" bin=guestfish args="[--remote=120]" scriptLines=2 script="-mkdir-p /Windows/Drivers/VirtIO\n-upload /usr/share/virtio-win/drivers/by-os/amd64/2k8R2/vioser.inf /Windows/Drivers/VirtIO/vioser.inf"
time=2026-08-05T21:09:40.298Z level=INFO msg="guestfs exec ok" bin=guestfish duration=65ms outputBytes=0 output=""
time=2026-08-05T21:09:40.299Z level=INFO msg="guestfs exec" bin=guestfish args="[--remote=120]" scriptLines=2 script="-mkdir-p /Windows/Drivers/VirtIO\n-upload /usr/share/virtio-win/drivers/by-os/amd64/2k8R2/vioser.sys /Windows/Drivers/VirtIO/vioser.sys"
time=2026-08-05T21:09:40.366Z level=INFO msg="guestfs exec ok" bin=guestfish duration=68ms outputBytes=0 output=""
time=2026-08-05T21:09:40.366Z level=INFO msg="guestfs exec" bin=guestfish args="[--remote=120]" scriptLines=2 script="-mkdir-p /Windows/Drivers/VirtIO\n-upload /usr/share/virtio-win/drivers/by-os/amd64/2k8R2/viostor.cat /Windows/Drivers/VirtIO/viostor.cat"
time=2026-08-05T21:09:40.437Z level=INFO msg="guestfs exec ok" bin=guestfish duration=71ms outputBytes=0 output=""
time=2026-08-05T21:09:40.438Z level=INFO msg="guestfs exec" bin=guestfish args="[--remote=120]" scriptLines=2 script="-mkdir-p /Windows/Drivers/VirtIO\n-upload /usr/share/virtio-win/drivers/by-os/amd64/2k8R2/viostor.inf /Windows/Drivers/VirtIO/viostor.inf"
time=2026-08-05T21:09:40.514Z level=INFO msg="guestfs exec ok" bin=guestfish duration=76ms outputBytes=0 output=""
time=2026-08-05T21:09:40.514Z level=INFO msg="guestfs exec" bin=guestfish args="[--remote=120]" scriptLines=2 script="-mkdir-p /Windows/Drivers/VirtIO\n-upload /usr/share/virtio-win/drivers/by-os/amd64/2k8R2/viostor.sys /Windows/Drivers/VirtIO/viostor.sys"
time=2026-08-05T21:09:40.585Z level=INFO msg="guestfs exec ok" bin=guestfish duration=71ms outputBytes=0 output=""
time=2026-08-05T21:09:40.586Z level=INFO msg="guestfs exec" bin=guestfish args="[--remote=120]" scriptLines=2 script="-mkdir-p /Windows/System32/drivers\n-upload /usr/share/virtio-win/drivers/by-os/amd64/2k8R2/viostor.sys /Windows/System32/drivers/viostor.sys"
time=2026-08-05T21:09:40.653Z level=INFO msg="guestfs exec ok" bin=guestfish duration=68ms outputBytes=0 output=""
time=2026-08-05T21:09:40.653Z level=INFO msg="copied driver" name=pvpanic
time=2026-08-05T21:09:40.654Z level=INFO msg="guestfs exec" bin=guestfish args="[--remote=120]" scriptLines=2 script="-mkdir-p /Windows/Drivers/VirtIO\n-upload /usr/share/virtio-win/drivers/by-os/amd64/2k8R2/balloon.cat /Windows/Drivers/VirtIO/balloon.cat"
time=2026-08-05T21:09:40.722Z level=INFO msg="guestfs exec ok" bin=guestfish duration=69ms outputBytes=0 output=""
time=2026-08-05T21:09:40.723Z level=INFO msg="guestfs exec" bin=guestfish args="[--remote=120]" scriptLines=2 script="-mkdir-p /Windows/Drivers/VirtIO\n-upload /usr/share/virtio-win/drivers/by-os/amd64/2k8R2/balloon.inf /Windows/Drivers/VirtIO/balloon.inf"
time=2026-08-05T21:09:40.797Z level=INFO msg="guestfs exec ok" bin=guestfish duration=74ms outputBytes=0 output=""
time=2026-08-05T21:09:40.797Z level=INFO msg="guestfs exec" bin=guestfish args="[--remote=120]" scriptLines=2 script="-mkdir-p /Windows/Drivers/VirtIO\n-upload /usr/share/virtio-win/drivers/by-os/amd64/2k8R2/balloon.sys /Windows/Drivers/VirtIO/balloon.sys"
time=2026-08-05T21:09:40.862Z level=INFO msg="guestfs exec ok" bin=guestfish duration=64ms outputBytes=0 output=""
time=2026-08-05T21:09:40.862Z level=INFO msg="guestfs exec" bin=guestfish args="[--remote=120]" scriptLines=2 script="-mkdir-p /Windows/Drivers/VirtIO\n-upload /usr/share/virtio-win/drivers/by-os/amd64/2k8R2/netkvm.cat /Windows/Drivers/VirtIO/netkvm.cat"
time=2026-08-05T21:09:40.930Z level=INFO msg="guestfs exec ok" bin=guestfish duration=68ms outputBytes=0 output=""
time=2026-08-05T21:09:40.930Z level=INFO msg="guestfs exec" bin=guestfish args="[--remote=120]" scriptLines=2 script="-mkdir-p /Windows/Drivers/VirtIO\n-upload /usr/share/virtio-win/drivers/by-os/amd64/2k8R2/netkvm.inf /Windows/Drivers/VirtIO/netkvm.inf"
time=2026-08-05T21:09:40.999Z level=INFO msg="guestfs exec ok" bin=guestfish duration=68ms outputBytes=0 output=""
time=2026-08-05T21:09:40.999Z level=INFO msg="guestfs exec" bin=guestfish args="[--remote=120]" scriptLines=2 script="-mkdir-p /Windows/Drivers/VirtIO\n-upload /usr/share/virtio-win/drivers/by-os/amd64/2k8R2/netkvm.sys /Windows/Drivers/VirtIO/netkvm.sys"
time=2026-08-05T21:09:41.085Z level=INFO msg="guestfs exec ok" bin=guestfish duration=86ms outputBytes=0 output=""
time=2026-08-05T21:09:41.085Z level=INFO msg="guestfs exec" bin=guestfish args="[--remote=120]" scriptLines=2 script="-mkdir-p /Windows/Drivers/VirtIO\n-upload /usr/share/virtio-win/drivers/by-os/amd64/2k8R2/pvpanic.cat /Windows/Drivers/VirtIO/pvpanic.cat"
time=2026-08-05T21:09:41.176Z level=INFO msg="guestfs exec ok" bin=guestfish duration=87ms outputBytes=0 output=""
time=2026-08-05T21:09:41.176Z level=INFO msg="guestfs exec" bin=guestfish args="[--remote=120]" scriptLines=2 script="-mkdir-p /Windows/Drivers/VirtIO\n-upload /usr/share/virtio-win/drivers/by-os/amd64/2k8R2/pvpanic.inf /Windows/Drivers/VirtIO/pvpanic.inf"
time=2026-08-05T21:09:41.240Z level=INFO msg="guestfs exec ok" bin=guestfish duration=64ms outputBytes=0 output=""
time=2026-08-05T21:09:41.240Z level=INFO msg="guestfs exec" bin=guestfish args="[--remote=120]" scriptLines=2 script="-mkdir-p /Windows/Drivers/VirtIO\n-upload /usr/share/virtio-win/drivers/by-os/amd64/2k8R2/pvpanic.sys /Windows/Drivers/VirtIO/pvpanic.sys"
time=2026-08-05T21:09:41.318Z level=INFO msg="guestfs exec ok" bin=guestfish duration=78ms outputBytes=0 output=""
time=2026-08-05T21:09:41.318Z level=INFO msg="guestfs exec" bin=guestfish args="[--remote=120]" scriptLines=2 script="-mkdir-p /Windows/Drivers/VirtIO\n-upload /usr/share/virtio-win/drivers/by-os/amd64/2k8R2/qemupciserial.cat /Windows/Drivers/VirtIO/qemupciserial.cat"
time=2026-08-05T21:09:41.387Z level=INFO msg="guestfs exec ok" bin=guestfish duration=69ms outputBytes=0 output=""
time=2026-08-05T21:09:41.387Z level=INFO msg="guestfs exec" bin=guestfish args="[--remote=120]" scriptLines=2 script="-mkdir-p /Windows/Drivers/VirtIO\n-upload /usr/share/virtio-win/drivers/by-os/amd64/2k8R2/qemupciserial.inf /Windows/Drivers/VirtIO/qemupciserial.inf"
time=2026-08-05T21:09:41.453Z level=INFO msg="guestfs exec ok" bin=guestfish duration=66ms outputBytes=0 output=""
time=2026-08-05T21:09:41.453Z level=INFO msg="guestfs exec" bin=guestfish args="[--remote=120]" scriptLines=2 script="-mkdir-p /Windows/Drivers/VirtIO\n-upload /usr/share/virtio-win/drivers/by-os/amd64/2k8R2/qxl.cat /Windows/Drivers/VirtIO/qxl.cat"
time=2026-08-05T21:09:41.514Z level=INFO msg="guestfs exec ok" bin=guestfish duration=61ms outputBytes=0 output=""
time=2026-08-05T21:09:41.515Z level=INFO msg="guestfs exec" bin=guestfish args="[--remote=120]" scriptLines=2 script="-mkdir-p /Windows/Drivers/VirtIO\n-upload /usr/share/virtio-win/drivers/by-os/amd64/2k8R2/qxl.inf /Windows/Drivers/VirtIO/qxl.inf"
time=2026-08-05T21:09:41.570Z level=INFO msg="guestfs exec ok" bin=guestfish duration=55ms outputBytes=0 output=""
time=2026-08-05T21:09:41.570Z level=INFO msg="guestfs exec" bin=guestfish args="[--remote=120]" scriptLines=2 script="-mkdir-p /Windows/Drivers/VirtIO\n-upload /usr/share/virtio-win/drivers/by-os/amd64/2k8R2/qxl.sys /Windows/Drivers/VirtIO/qxl.sys"
time=2026-08-05T21:09:41.644Z level=INFO msg="guestfs exec ok" bin=guestfish duration=74ms outputBytes=0 output=""
time=2026-08-05T21:09:41.644Z level=INFO msg="guestfs exec" bin=guestfish args="[--remote=120]" scriptLines=2 script="-mkdir-p /Windows/Drivers/VirtIO\n-upload /usr/share/virtio-win/drivers/by-os/amd64/2k8R2/viohidkmdf.sys /Windows/Drivers/VirtIO/viohidkmdf.sys"
time=2026-08-05T21:09:41.700Z level=INFO msg="guestfs exec ok" bin=guestfish duration=55ms outputBytes=0 output=""
time=2026-08-05T21:09:41.700Z level=INFO msg="guestfs exec" bin=guestfish args="[--remote=120]" scriptLines=2 script="-mkdir-p /Windows/Drivers/VirtIO\n-upload /usr/share/virtio-win/drivers/by-os/amd64/2k8R2/vioinput.cat /Windows/Drivers/VirtIO/vioinput.cat"
time=2026-08-05T21:09:41.756Z level=INFO msg="guestfs exec ok" bin=guestfish duration=56ms outputBytes=0 output=""
time=2026-08-05T21:09:41.756Z level=INFO msg="guestfs exec" bin=guestfish args="[--remote=120]" scriptLines=2 script="-mkdir-p /Windows/Drivers/VirtIO\n-upload /usr/share/virtio-win/drivers/by-os/amd64/2k8R2/vioinput.inf /Windows/Drivers/VirtIO/vioinput.inf"
time=2026-08-05T21:09:41.828Z level=INFO msg="guestfs exec ok" bin=guestfish duration=71ms outputBytes=0 output=""
time=2026-08-05T21:09:41.828Z level=INFO msg="guestfs exec" bin=guestfish args="[--remote=120]" scriptLines=2 script="-mkdir-p /Windows/Drivers/VirtIO\n-upload /usr/share/virtio-win/drivers/by-os/amd64/2k8R2/vioinput.sys /Windows/Drivers/VirtIO/vioinput.sys"
time=2026-08-05T21:09:41.891Z level=INFO msg="guestfs exec ok" bin=guestfish duration=63ms outputBytes=0 output=""
time=2026-08-05T21:09:41.891Z level=INFO msg="guestfs exec" bin=guestfish args="[--remote=120]" scriptLines=2 script="-mkdir-p /Windows/Drivers/VirtIO\n-upload /usr/share/virtio-win/drivers/by-os/amd64/2k8R2/viorng.cat /Windows/Drivers/VirtIO/viorng.cat"
time=2026-08-05T21:09:41.945Z level=INFO msg="guestfs exec ok" bin=guestfish duration=54ms outputBytes=0 output=""
time=2026-08-05T21:09:41.945Z level=INFO msg="guestfs exec" bin=guestfish args="[--remote=120]" scriptLines=2 script="-mkdir-p /Windows/Drivers/VirtIO\n-upload /usr/share/virtio-win/drivers/by-os/amd64/2k8R2/viorng.inf /Windows/Drivers/VirtIO/viorng.inf"
time=2026-08-05T21:09:42.009Z level=INFO msg="guestfs exec ok" bin=guestfish duration=64ms outputBytes=0 output=""
time=2026-08-05T21:09:42.009Z level=INFO msg="guestfs exec" bin=guestfish args="[--remote=120]" scriptLines=2 script="-mkdir-p /Windows/Drivers/VirtIO\n-upload /usr/share/virtio-win/drivers/by-os/amd64/2k8R2/viorng.sys /Windows/Drivers/VirtIO/viorng.sys"
time=2026-08-05T21:09:42.084Z level=INFO msg="guestfs exec ok" bin=guestfish duration=75ms outputBytes=0 output=""
time=2026-08-05T21:09:42.084Z level=INFO msg="guestfs exec" bin=guestfish args="[--remote=120]" scriptLines=2 script="-mkdir-p /Windows/Drivers/VirtIO\n-upload /usr/share/virtio-win/drivers/by-os/amd64/2k8R2/vioscsi.cat /Windows/Drivers/VirtIO/vioscsi.cat"
time=2026-08-05T21:09:42.145Z level=INFO msg="guestfs exec ok" bin=guestfish duration=60ms outputBytes=0 output=""
time=2026-08-05T21:09:42.145Z level=INFO msg="guestfs exec" bin=guestfish args="[--remote=120]" scriptLines=2 script="-mkdir-p /Windows/Drivers/VirtIO\n-upload /usr/share/virtio-win/drivers/by-os/amd64/2k8R2/vioscsi.inf /Windows/Drivers/VirtIO/vioscsi.inf"
time=2026-08-05T21:09:42.206Z level=INFO msg="guestfs exec ok" bin=guestfish duration=61ms outputBytes=0 output=""
time=2026-08-05T21:09:42.206Z level=INFO msg="guestfs exec" bin=guestfish args="[--remote=120]" scriptLines=2 script="-mkdir-p /Windows/Drivers/VirtIO\n-upload /usr/share/virtio-win/drivers/by-os/amd64/2k8R2/vioscsi.sys /Windows/Drivers/VirtIO/vioscsi.sys"
time=2026-08-05T21:09:42.266Z level=INFO msg="guestfs exec ok" bin=guestfish duration=60ms outputBytes=0 output=""
time=2026-08-05T21:09:42.266Z level=INFO msg="guestfs exec" bin=guestfish args="[--remote=120]" scriptLines=2 script="-mkdir-p /Windows/System32/drivers\n-upload /usr/share/virtio-win/drivers/by-os/amd64/2k8R2/vioscsi.sys /Windows/System32/drivers/vioscsi.sys"
time=2026-08-05T21:09:42.333Z level=INFO msg="guestfs exec ok" bin=guestfish duration=67ms outputBytes=0 output=""
time=2026-08-05T21:09:42.333Z level=INFO msg="guestfs exec" bin=guestfish args="[--remote=120]" scriptLines=2 script="-mkdir-p /Windows/Drivers/VirtIO\n-upload /usr/share/virtio-win/drivers/by-os/amd64/2k8R2/vioser.cat /Windows/Drivers/VirtIO/vioser.cat"
time=2026-08-05T21:09:42.403Z level=INFO msg="guestfs exec ok" bin=guestfish duration=70ms outputBytes=0 output=""
time=2026-08-05T21:09:42.403Z level=INFO msg="guestfs exec" bin=guestfish args="[--remote=120]" scriptLines=2 script="-mkdir-p /Windows/Drivers/VirtIO\n-upload /usr/share/virtio-win/drivers/by-os/amd64/2k8R2/vioser.inf /Windows/Drivers/VirtIO/vioser.inf"
time=2026-08-05T21:09:42.498Z level=INFO msg="guestfs exec ok" bin=guestfish duration=95ms outputBytes=0 output=""
time=2026-08-05T21:09:42.498Z level=INFO msg="guestfs exec" bin=guestfish args="[--remote=120]" scriptLines=2 script="-mkdir-p /Windows/Drivers/VirtIO\n-upload /usr/share/virtio-win/drivers/by-os/amd64/2k8R2/vioser.sys /Windows/Drivers/VirtIO/vioser.sys"
time=2026-08-05T21:09:42.559Z level=INFO msg="guestfs exec ok" bin=guestfish duration=61ms outputBytes=0 output=""
time=2026-08-05T21:09:42.559Z level=INFO msg="guestfs exec" bin=guestfish args="[--remote=120]" scriptLines=2 script="-mkdir-p /Windows/Drivers/VirtIO\n-upload /usr/share/virtio-win/drivers/by-os/amd64/2k8R2/viostor.cat /Windows/Drivers/VirtIO/viostor.cat"
time=2026-08-05T21:09:42.637Z level=INFO msg="guestfs exec ok" bin=guestfish duration=78ms outputBytes=0 output=""
time=2026-08-05T21:09:42.637Z level=INFO msg="guestfs exec" bin=guestfish args="[--remote=120]" scriptLines=2 script="-mkdir-p /Windows/Drivers/VirtIO\n-upload /usr/share/virtio-win/drivers/by-os/amd64/2k8R2/viostor.inf /Windows/Drivers/VirtIO/viostor.inf"
time=2026-08-05T21:09:42.727Z level=INFO msg="guestfs exec ok" bin=guestfish duration=89ms outputBytes=0 output=""
time=2026-08-05T21:09:42.727Z level=INFO msg="guestfs exec" bin=guestfish args="[--remote=120]" scriptLines=2 script="-mkdir-p /Windows/Drivers/VirtIO\n-upload /usr/share/virtio-win/drivers/by-os/amd64/2k8R2/viostor.sys /Windows/Drivers/VirtIO/viostor.sys"
time=2026-08-05T21:09:42.789Z level=INFO msg="guestfs exec ok" bin=guestfish duration=62ms outputBytes=0 output=""
time=2026-08-05T21:09:42.789Z level=INFO msg="guestfs exec" bin=guestfish args="[--remote=120]" scriptLines=2 script="-mkdir-p /Windows/System32/drivers\n-upload /usr/share/virtio-win/drivers/by-os/amd64/2k8R2/viostor.sys /Windows/System32/drivers/viostor.sys"
time=2026-08-05T21:09:42.858Z level=INFO msg="guestfs exec ok" bin=guestfish duration=69ms outputBytes=0 output=""
time=2026-08-05T21:09:42.858Z level=INFO msg="copied driver" name=qemupciserial
time=2026-08-05T21:09:42.858Z level=INFO msg="guestfs exec" bin=guestfish args="[--remote=120]" scriptLines=2 script="-mkdir-p /Windows/Drivers/VirtIO\n-upload /usr/share/virtio-win/drivers/by-os/amd64/2k8R2/balloon.cat /Windows/Drivers/VirtIO/balloon.cat"
time=2026-08-05T21:09:42.948Z level=INFO msg="guestfs exec ok" bin=guestfish duration=89ms outputBytes=0 output=""
time=2026-08-05T21:09:42.949Z level=INFO msg="guestfs exec" bin=guestfish args="[--remote=120]" scriptLines=2 script="-mkdir-p /Windows/Drivers/VirtIO\n-upload /usr/share/virtio-win/drivers/by-os/amd64/2k8R2/balloon.inf /Windows/Drivers/VirtIO/balloon.inf"
time=2026-08-05T21:09:43.048Z level=INFO msg="guestfs exec ok" bin=guestfish duration=98ms outputBytes=0 output=""
time=2026-08-05T21:09:43.048Z level=INFO msg="guestfs exec" bin=guestfish args="[--remote=120]" scriptLines=2 script="-mkdir-p /Windows/Drivers/VirtIO\n-upload /usr/share/virtio-win/drivers/by-os/amd64/2k8R2/balloon.sys /Windows/Drivers/VirtIO/balloon.sys"
time=2026-08-05T21:09:43.129Z level=INFO msg="guestfs exec ok" bin=guestfish duration=82ms outputBytes=0 output=""
time=2026-08-05T21:09:43.129Z level=INFO msg="guestfs exec" bin=guestfish args="[--remote=120]" scriptLines=2 script="-mkdir-p /Windows/Drivers/VirtIO\n-upload /usr/share/virtio-win/drivers/by-os/amd64/2k8R2/netkvm.cat /Windows/Drivers/VirtIO/netkvm.cat"
time=2026-08-05T21:09:43.226Z level=INFO msg="guestfs exec ok" bin=guestfish duration=96ms outputBytes=0 output=""
time=2026-08-05T21:09:43.226Z level=INFO msg="guestfs exec" bin=guestfish args="[--remote=120]" scriptLines=2 script="-mkdir-p /Windows/Drivers/VirtIO\n-upload /usr/share/virtio-win/drivers/by-os/amd64/2k8R2/netkvm.inf /Windows/Drivers/VirtIO/netkvm.inf"
time=2026-08-05T21:09:43.314Z level=INFO msg="guestfs exec ok" bin=guestfish duration=88ms outputBytes=0 output=""
time=2026-08-05T21:09:43.314Z level=INFO msg="guestfs exec" bin=guestfish args="[--remote=120]" scriptLines=2 script="-mkdir-p /Windows/Drivers/VirtIO\n-upload /usr/share/virtio-win/drivers/by-os/amd64/2k8R2/netkvm.sys /Windows/Drivers/VirtIO/netkvm.sys"
time=2026-08-05T21:09:43.386Z level=INFO msg="guestfs exec ok" bin=guestfish duration=72ms outputBytes=0 output=""
time=2026-08-05T21:09:43.386Z level=INFO msg="guestfs exec" bin=guestfish args="[--remote=120]" scriptLines=2 script="-mkdir-p /Windows/Drivers/VirtIO\n-upload /usr/share/virtio-win/drivers/by-os/amd64/2k8R2/pvpanic.cat /Windows/Drivers/VirtIO/pvpanic.cat"
time=2026-08-05T21:09:43.448Z level=INFO msg="guestfs exec ok" bin=guestfish duration=61ms outputBytes=0 output=""
time=2026-08-05T21:09:43.448Z level=INFO msg="guestfs exec" bin=guestfish args="[--remote=120]" scriptLines=2 script="-mkdir-p /Windows/Drivers/VirtIO\n-upload /usr/share/virtio-win/drivers/by-os/amd64/2k8R2/pvpanic.inf /Windows/Drivers/VirtIO/pvpanic.inf"
time=2026-08-05T21:09:43.538Z level=INFO msg="guestfs exec ok" bin=guestfish duration=90ms outputBytes=0 output=""
time=2026-08-05T21:09:43.538Z level=INFO msg="guestfs exec" bin=guestfish args="[--remote=120]" scriptLines=2 script="-mkdir-p /Windows/Drivers/VirtIO\n-upload /usr/share/virtio-win/drivers/by-os/amd64/2k8R2/pvpanic.sys /Windows/Drivers/VirtIO/pvpanic.sys"
time=2026-08-05T21:09:43.627Z level=INFO msg="guestfs exec ok" bin=guestfish duration=89ms outputBytes=0 output=""
time=2026-08-05T21:09:43.627Z level=INFO msg="guestfs exec" bin=guestfish args="[--remote=120]" scriptLines=2 script="-mkdir-p /Windows/Drivers/VirtIO\n-upload /usr/share/virtio-win/drivers/by-os/amd64/2k8R2/qemupciserial.cat /Windows/Drivers/VirtIO/qemupciserial.cat"
time=2026-08-05T21:09:43.705Z level=INFO msg="guestfs exec ok" bin=guestfish duration=78ms outputBytes=0 output=""
time=2026-08-05T21:09:43.705Z level=INFO msg="guestfs exec" bin=guestfish args="[--remote=120]" scriptLines=2 script="-mkdir-p /Windows/Drivers/VirtIO\n-upload /usr/share/virtio-win/drivers/by-os/amd64/2k8R2/qemupciserial.inf /Windows/Drivers/VirtIO/qemupciserial.inf"
time=2026-08-05T21:09:43.790Z level=INFO msg="guestfs exec ok" bin=guestfish duration=85ms outputBytes=0 output=""
time=2026-08-05T21:09:43.791Z level=INFO msg="guestfs exec" bin=guestfish args="[--remote=120]" scriptLines=2 script="-mkdir-p /Windows/Drivers/VirtIO\n-upload /usr/share/virtio-win/drivers/by-os/amd64/2k8R2/qxl.cat /Windows/Drivers/VirtIO/qxl.cat"
time=2026-08-05T21:09:43.854Z level=INFO msg="guestfs exec ok" bin=guestfish duration=63ms outputBytes=0 output=""
time=2026-08-05T21:09:43.854Z level=INFO msg="guestfs exec" bin=guestfish args="[--remote=120]" scriptLines=2 script="-mkdir-p /Windows/Drivers/VirtIO\n-upload /usr/share/virtio-win/drivers/by-os/amd64/2k8R2/qxl.inf /Windows/Drivers/VirtIO/qxl.inf"
time=2026-08-05T21:09:43.922Z level=INFO msg="guestfs exec ok" bin=guestfish duration=68ms outputBytes=0 output=""
time=2026-08-05T21:09:43.922Z level=INFO msg="guestfs exec" bin=guestfish args="[--remote=120]" scriptLines=2 script="-mkdir-p /Windows/Drivers/VirtIO\n-upload /usr/share/virtio-win/drivers/by-os/amd64/2k8R2/qxl.sys /Windows/Drivers/VirtIO/qxl.sys"
time=2026-08-05T21:09:43.982Z level=INFO msg="guestfs exec ok" bin=guestfish duration=60ms outputBytes=0 output=""
time=2026-08-05T21:09:43.983Z level=INFO msg="guestfs exec" bin=guestfish args="[--remote=120]" scriptLines=2 script="-mkdir-p /Windows/Drivers/VirtIO\n-upload /usr/share/virtio-win/drivers/by-os/amd64/2k8R2/viohidkmdf.sys /Windows/Drivers/VirtIO/viohidkmdf.sys"
time=2026-08-05T21:09:44.056Z level=INFO msg="guestfs exec ok" bin=guestfish duration=74ms outputBytes=0 output=""
time=2026-08-05T21:09:44.057Z level=INFO msg="guestfs exec" bin=guestfish args="[--remote=120]" scriptLines=2 script="-mkdir-p /Windows/Drivers/VirtIO\n-upload /usr/share/virtio-win/drivers/by-os/amd64/2k8R2/vioinput.cat /Windows/Drivers/VirtIO/vioinput.cat"
time=2026-08-05T21:09:44.126Z level=INFO msg="guestfs exec ok" bin=guestfish duration=70ms outputBytes=0 output=""
time=2026-08-05T21:09:44.126Z level=INFO msg="guestfs exec" bin=guestfish args="[--remote=120]" scriptLines=2 script="-mkdir-p /Windows/Drivers/VirtIO\n-upload /usr/share/virtio-win/drivers/by-os/amd64/2k8R2/vioinput.inf /Windows/Drivers/VirtIO/vioinput.inf"
time=2026-08-05T21:09:44.193Z level=INFO msg="guestfs exec ok" bin=guestfish duration=66ms outputBytes=0 output=""
time=2026-08-05T21:09:44.193Z level=INFO msg="guestfs exec" bin=guestfish args="[--remote=120]" scriptLines=2 script="-mkdir-p /Windows/Drivers/VirtIO\n-upload /usr/share/virtio-win/drivers/by-os/amd64/2k8R2/vioinput.sys /Windows/Drivers/VirtIO/vioinput.sys"
time=2026-08-05T21:09:44.304Z level=INFO msg="guestfs exec ok" bin=guestfish duration=112ms outputBytes=0 output=""
time=2026-08-05T21:09:44.304Z level=INFO msg="guestfs exec" bin=guestfish args="[--remote=120]" scriptLines=2 script="-mkdir-p /Windows/Drivers/VirtIO\n-upload /usr/share/virtio-win/drivers/by-os/amd64/2k8R2/viorng.cat /Windows/Drivers/VirtIO/viorng.cat"
time=2026-08-05T21:09:44.391Z level=INFO msg="guestfs exec ok" bin=guestfish duration=87ms outputBytes=0 output=""
time=2026-08-05T21:09:44.391Z level=INFO msg="guestfs exec" bin=guestfish args="[--remote=120]" scriptLines=2 script="-mkdir-p /Windows/Drivers/VirtIO\n-upload /usr/share/virtio-win/drivers/by-os/amd64/2k8R2/viorng.inf /Windows/Drivers/VirtIO/viorng.inf"
time=2026-08-05T21:09:44.456Z level=INFO msg="guestfs exec ok" bin=guestfish duration=65ms outputBytes=0 output=""
time=2026-08-05T21:09:44.456Z level=INFO msg="guestfs exec" bin=guestfish args="[--remote=120]" scriptLines=2 script="-mkdir-p /Windows/Drivers/VirtIO\n-upload /usr/share/virtio-win/drivers/by-os/amd64/2k8R2/viorng.sys /Windows/Drivers/VirtIO/viorng.sys"
time=2026-08-05T21:09:44.540Z level=INFO msg="guestfs exec ok" bin=guestfish duration=84ms outputBytes=0 output=""
time=2026-08-05T21:09:44.541Z level=INFO msg="guestfs exec" bin=guestfish args="[--remote=120]" scriptLines=2 script="-mkdir-p /Windows/Drivers/VirtIO\n-upload /usr/share/virtio-win/drivers/by-os/amd64/2k8R2/vioscsi.cat /Windows/Drivers/VirtIO/vioscsi.cat"
time=2026-08-05T21:09:44.605Z level=INFO msg="guestfs exec ok" bin=guestfish duration=64ms outputBytes=0 output=""
time=2026-08-05T21:09:44.605Z level=INFO msg="guestfs exec" bin=guestfish args="[--remote=120]" scriptLines=2 script="-mkdir-p /Windows/Drivers/VirtIO\n-upload /usr/share/virtio-win/drivers/by-os/amd64/2k8R2/vioscsi.inf /Windows/Drivers/VirtIO/vioscsi.inf"
time=2026-08-05T21:09:44.664Z level=INFO msg="guestfs exec ok" bin=guestfish duration=59ms outputBytes=0 output=""
time=2026-08-05T21:09:44.664Z level=INFO msg="guestfs exec" bin=guestfish args="[--remote=120]" scriptLines=2 script="-mkdir-p /Windows/Drivers/VirtIO\n-upload /usr/share/virtio-win/drivers/by-os/amd64/2k8R2/vioscsi.sys /Windows/Drivers/VirtIO/vioscsi.sys"
time=2026-08-05T21:09:44.745Z level=INFO msg="guestfs exec ok" bin=guestfish duration=81ms outputBytes=0 output=""
time=2026-08-05T21:09:44.746Z level=INFO msg="guestfs exec" bin=guestfish args="[--remote=120]" scriptLines=2 script="-mkdir-p /Windows/System32/drivers\n-upload /usr/share/virtio-win/drivers/by-os/amd64/2k8R2/vioscsi.sys /Windows/System32/drivers/vioscsi.sys"
time=2026-08-05T21:09:44.902Z level=INFO msg="guestfs exec ok" bin=guestfish duration=156ms outputBytes=0 output=""
time=2026-08-05T21:09:44.903Z level=INFO msg="guestfs exec" bin=guestfish args="[--remote=120]" scriptLines=2 script="-mkdir-p /Windows/Drivers/VirtIO\n-upload /usr/share/virtio-win/drivers/by-os/amd64/2k8R2/vioser.cat /Windows/Drivers/VirtIO/vioser.cat"
time=2026-08-05T21:09:45.020Z level=INFO msg="guestfs exec ok" bin=guestfish duration=117ms outputBytes=0 output=""
time=2026-08-05T21:09:45.020Z level=INFO msg="guestfs exec" bin=guestfish args="[--remote=120]" scriptLines=2 script="-mkdir-p /Windows/Drivers/VirtIO\n-upload /usr/share/virtio-win/drivers/by-os/amd64/2k8R2/vioser.inf /Windows/Drivers/VirtIO/vioser.inf"
time=2026-08-05T21:09:45.093Z level=INFO msg="guestfs exec ok" bin=guestfish duration=72ms outputBytes=0 output=""
time=2026-08-05T21:09:45.093Z level=INFO msg="guestfs exec" bin=guestfish args="[--remote=120]" scriptLines=2 script="-mkdir-p /Windows/Drivers/VirtIO\n-upload /usr/share/virtio-win/drivers/by-os/amd64/2k8R2/vioser.sys /Windows/Drivers/VirtIO/vioser.sys"
time=2026-08-05T21:09:45.163Z level=INFO msg="guestfs exec ok" bin=guestfish duration=70ms outputBytes=0 output=""
time=2026-08-05T21:09:45.163Z level=INFO msg="guestfs exec" bin=guestfish args="[--remote=120]" scriptLines=2 script="-mkdir-p /Windows/Drivers/VirtIO\n-upload /usr/share/virtio-win/drivers/by-os/amd64/2k8R2/viostor.cat /Windows/Drivers/VirtIO/viostor.cat"
time=2026-08-05T21:09:45.235Z level=INFO msg="guestfs exec ok" bin=guestfish duration=71ms outputBytes=0 output=""
time=2026-08-05T21:09:45.235Z level=INFO msg="guestfs exec" bin=guestfish args="[--remote=120]" scriptLines=2 script="-mkdir-p /Windows/Drivers/VirtIO\n-upload /usr/share/virtio-win/drivers/by-os/amd64/2k8R2/viostor.inf /Windows/Drivers/VirtIO/viostor.inf"
time=2026-08-05T21:09:45.298Z level=INFO msg="guestfs exec ok" bin=guestfish duration=63ms outputBytes=0 output=""
time=2026-08-05T21:09:45.298Z level=INFO msg="guestfs exec" bin=guestfish args="[--remote=120]" scriptLines=2 script="-mkdir-p /Windows/Drivers/VirtIO\n-upload /usr/share/virtio-win/drivers/by-os/amd64/2k8R2/viostor.sys /Windows/Drivers/VirtIO/viostor.sys"
time=2026-08-05T21:09:45.374Z level=INFO msg="guestfs exec ok" bin=guestfish duration=76ms outputBytes=0 output=""
time=2026-08-05T21:09:45.374Z level=INFO msg="guestfs exec" bin=guestfish args="[--remote=120]" scriptLines=2 script="-mkdir-p /Windows/System32/drivers\n-upload /usr/share/virtio-win/drivers/by-os/amd64/2k8R2/viostor.sys /Windows/System32/drivers/viostor.sys"
time=2026-08-05T21:09:45.446Z level=INFO msg="guestfs exec ok" bin=guestfish duration=71ms outputBytes=0 output=""
time=2026-08-05T21:09:45.446Z level=INFO msg="copied driver" name=qxl
time=2026-08-05T21:09:45.446Z level=INFO msg="guestfs exec" bin=guestfish args="[--remote=120]" scriptLines=2 script="-mkdir-p /Windows/Drivers/VirtIO\n-upload /usr/share/virtio-win/drivers/by-os/amd64/2k8R2/balloon.cat /Windows/Drivers/VirtIO/balloon.cat"
time=2026-08-05T21:09:45.528Z level=INFO msg="guestfs exec ok" bin=guestfish duration=81ms outputBytes=0 output=""
time=2026-08-05T21:09:45.528Z level=INFO msg="guestfs exec" bin=guestfish args="[--remote=120]" scriptLines=2 script="-mkdir-p /Windows/Drivers/VirtIO\n-upload /usr/share/virtio-win/drivers/by-os/amd64/2k8R2/balloon.inf /Windows/Drivers/VirtIO/balloon.inf"
time=2026-08-05T21:09:45.625Z level=INFO msg="guestfs exec ok" bin=guestfish duration=98ms outputBytes=0 output=""
time=2026-08-05T21:09:45.625Z level=INFO msg="guestfs exec" bin=guestfish args="[--remote=120]" scriptLines=2 script="-mkdir-p /Windows/Drivers/VirtIO\n-upload /usr/share/virtio-win/drivers/by-os/amd64/2k8R2/balloon.sys /Windows/Drivers/VirtIO/balloon.sys"
time=2026-08-05T21:09:45.710Z level=INFO msg="guestfs exec ok" bin=guestfish duration=85ms outputBytes=0 output=""
time=2026-08-05T21:09:45.710Z level=INFO msg="guestfs exec" bin=guestfish args="[--remote=120]" scriptLines=2 script="-mkdir-p /Windows/Drivers/VirtIO\n-upload /usr/share/virtio-win/drivers/by-os/amd64/2k8R2/netkvm.cat /Windows/Drivers/VirtIO/netkvm.cat"
time=2026-08-05T21:09:45.774Z level=INFO msg="guestfs exec ok" bin=guestfish duration=64ms outputBytes=0 output=""
time=2026-08-05T21:09:45.774Z level=INFO msg="guestfs exec" bin=guestfish args="[--remote=120]" scriptLines=2 script="-mkdir-p /Windows/Drivers/VirtIO\n-upload /usr/share/virtio-win/drivers/by-os/amd64/2k8R2/netkvm.inf /Windows/Drivers/VirtIO/netkvm.inf"
time=2026-08-05T21:09:45.846Z level=INFO msg="guestfs exec ok" bin=guestfish duration=72ms outputBytes=0 output=""
time=2026-08-05T21:09:45.846Z level=INFO msg="guestfs exec" bin=guestfish args="[--remote=120]" scriptLines=2 script="-mkdir-p /Windows/Drivers/VirtIO\n-upload /usr/share/virtio-win/drivers/by-os/amd64/2k8R2/netkvm.sys /Windows/Drivers/VirtIO/netkvm.sys"
time=2026-08-05T21:09:45.976Z level=INFO msg="guestfs exec ok" bin=guestfish duration=129ms outputBytes=0 output=""
time=2026-08-05T21:09:45.977Z level=INFO msg="guestfs exec" bin=guestfish args="[--remote=120]" scriptLines=2 script="-mkdir-p /Windows/Drivers/VirtIO\n-upload /usr/share/virtio-win/drivers/by-os/amd64/2k8R2/pvpanic.cat /Windows/Drivers/VirtIO/pvpanic.cat"
time=2026-08-05T21:09:46.069Z level=INFO msg="guestfs exec ok" bin=guestfish duration=91ms outputBytes=0 output=""
time=2026-08-05T21:09:46.069Z level=INFO msg="guestfs exec" bin=guestfish args="[--remote=120]" scriptLines=2 script="-mkdir-p /Windows/Drivers/VirtIO\n-upload /usr/share/virtio-win/drivers/by-os/amd64/2k8R2/pvpanic.inf /Windows/Drivers/VirtIO/pvpanic.inf"
time=2026-08-05T21:09:46.142Z level=INFO msg="guestfs exec ok" bin=guestfish duration=73ms outputBytes=0 output=""
time=2026-08-05T21:09:46.142Z level=INFO msg="guestfs exec" bin=guestfish args="[--remote=120]" scriptLines=2 script="-mkdir-p /Windows/Drivers/VirtIO\n-upload /usr/share/virtio-win/drivers/by-os/amd64/2k8R2/pvpanic.sys /Windows/Drivers/VirtIO/pvpanic.sys"
time=2026-08-05T21:09:46.240Z level=INFO msg="guestfs exec ok" bin=guestfish duration=98ms outputBytes=0 output=""
time=2026-08-05T21:09:46.240Z level=INFO msg="guestfs exec" bin=guestfish args="[--remote=120]" scriptLines=2 script="-mkdir-p /Windows/Drivers/VirtIO\n-upload /usr/share/virtio-win/drivers/by-os/amd64/2k8R2/qemupciserial.cat /Windows/Drivers/VirtIO/qemupciserial.cat"
time=2026-08-05T21:09:46.308Z level=INFO msg="guestfs exec ok" bin=guestfish duration=68ms outputBytes=0 output=""
time=2026-08-05T21:09:46.308Z level=INFO msg="guestfs exec" bin=guestfish args="[--remote=120]" scriptLines=2 script="-mkdir-p /Windows/Drivers/VirtIO\n-upload /usr/share/virtio-win/drivers/by-os/amd64/2k8R2/qemupciserial.inf /Windows/Drivers/VirtIO/qemupciserial.inf"
time=2026-08-05T21:09:46.379Z level=INFO msg="guestfs exec ok" bin=guestfish duration=71ms outputBytes=0 output=""
time=2026-08-05T21:09:46.379Z level=INFO msg="guestfs exec" bin=guestfish args="[--remote=120]" scriptLines=2 script="-mkdir-p /Windows/Drivers/VirtIO\n-upload /usr/share/virtio-win/drivers/by-os/amd64/2k8R2/qxl.cat /Windows/Drivers/VirtIO/qxl.cat"
time=2026-08-05T21:09:46.469Z level=INFO msg="guestfs exec ok" bin=guestfish duration=89ms outputBytes=0 output=""
time=2026-08-05T21:09:46.469Z level=INFO msg="guestfs exec" bin=guestfish args="[--remote=120]" scriptLines=2 script="-mkdir-p /Windows/Drivers/VirtIO\n-upload /usr/share/virtio-win/drivers/by-os/amd64/2k8R2/qxl.inf /Windows/Drivers/VirtIO/qxl.inf"
time=2026-08-05T21:09:46.571Z level=INFO msg="guestfs exec ok" bin=guestfish duration=102ms outputBytes=0 output=""
time=2026-08-05T21:09:46.571Z level=INFO msg="guestfs exec" bin=guestfish args="[--remote=120]" scriptLines=2 script="-mkdir-p /Windows/Drivers/VirtIO\n-upload /usr/share/virtio-win/drivers/by-os/amd64/2k8R2/qxl.sys /Windows/Drivers/VirtIO/qxl.sys"
time=2026-08-05T21:09:46.652Z level=INFO msg="guestfs exec ok" bin=guestfish duration=81ms outputBytes=0 output=""
time=2026-08-05T21:09:46.653Z level=INFO msg="guestfs exec" bin=guestfish args="[--remote=120]" scriptLines=2 script="-mkdir-p /Windows/Drivers/VirtIO\n-upload /usr/share/virtio-win/drivers/by-os/amd64/2k8R2/viohidkmdf.sys /Windows/Drivers/VirtIO/viohidkmdf.sys"
time=2026-08-05T21:09:46.756Z level=INFO msg="guestfs exec ok" bin=guestfish duration=103ms outputBytes=0 output=""
time=2026-08-05T21:09:46.758Z level=INFO msg="guestfs exec" bin=guestfish args="[--remote=120]" scriptLines=2 script="-mkdir-p /Windows/Drivers/VirtIO\n-upload /usr/share/virtio-win/drivers/by-os/amd64/2k8R2/vioinput.cat /Windows/Drivers/VirtIO/vioinput.cat"
time=2026-08-05T21:09:46.861Z level=INFO msg="guestfs exec ok" bin=guestfish duration=103ms outputBytes=0 output=""
time=2026-08-05T21:09:46.862Z level=INFO msg="guestfs exec" bin=guestfish args="[--remote=120]" scriptLines=2 script="-mkdir-p /Windows/Drivers/VirtIO\n-upload /usr/share/virtio-win/drivers/by-os/amd64/2k8R2/vioinput.inf /Windows/Drivers/VirtIO/vioinput.inf"
time=2026-08-05T21:09:46.936Z level=INFO msg="guestfs exec ok" bin=guestfish duration=74ms outputBytes=0 output=""
time=2026-08-05T21:09:46.936Z level=INFO msg="guestfs exec" bin=guestfish args="[--remote=120]" scriptLines=2 script="-mkdir-p /Windows/Drivers/VirtIO\n-upload /usr/share/virtio-win/drivers/by-os/amd64/2k8R2/vioinput.sys /Windows/Drivers/VirtIO/vioinput.sys"
time=2026-08-05T21:09:47.015Z level=INFO msg="guestfs exec ok" bin=guestfish duration=79ms outputBytes=0 output=""
time=2026-08-05T21:09:47.015Z level=INFO msg="guestfs exec" bin=guestfish args="[--remote=120]" scriptLines=2 script="-mkdir-p /Windows/Drivers/VirtIO\n-upload /usr/share/virtio-win/drivers/by-os/amd64/2k8R2/viorng.cat /Windows/Drivers/VirtIO/viorng.cat"
time=2026-08-05T21:09:47.097Z level=INFO msg="guestfs exec ok" bin=guestfish duration=81ms outputBytes=0 output=""
time=2026-08-05T21:09:47.097Z level=INFO msg="guestfs exec" bin=guestfish args="[--remote=120]" scriptLines=2 script="-mkdir-p /Windows/Drivers/VirtIO\n-upload /usr/share/virtio-win/drivers/by-os/amd64/2k8R2/viorng.inf /Windows/Drivers/VirtIO/viorng.inf"
time=2026-08-05T21:09:47.182Z level=INFO msg="guestfs exec ok" bin=guestfish duration=85ms outputBytes=0 output=""
time=2026-08-05T21:09:47.182Z level=INFO msg="guestfs exec" bin=guestfish args="[--remote=120]" scriptLines=2 script="-mkdir-p /Windows/Drivers/VirtIO\n-upload /usr/share/virtio-win/drivers/by-os/amd64/2k8R2/viorng.sys /Windows/Drivers/VirtIO/viorng.sys"
time=2026-08-05T21:09:47.271Z level=INFO msg="guestfs exec ok" bin=guestfish duration=90ms outputBytes=0 output=""
time=2026-08-05T21:09:47.272Z level=INFO msg="guestfs exec" bin=guestfish args="[--remote=120]" scriptLines=2 script="-mkdir-p /Windows/Drivers/VirtIO\n-upload /usr/share/virtio-win/drivers/by-os/amd64/2k8R2/vioscsi.cat /Windows/Drivers/VirtIO/vioscsi.cat"
time=2026-08-05T21:09:47.386Z level=INFO msg="guestfs exec ok" bin=guestfish duration=114ms outputBytes=0 output=""
time=2026-08-05T21:09:47.386Z level=INFO msg="guestfs exec" bin=guestfish args="[--remote=120]" scriptLines=2 script="-mkdir-p /Windows/Drivers/VirtIO\n-upload /usr/share/virtio-win/drivers/by-os/amd64/2k8R2/vioscsi.inf /Windows/Drivers/VirtIO/vioscsi.inf"
time=2026-08-05T21:09:47.483Z level=INFO msg="guestfs exec ok" bin=guestfish duration=96ms outputBytes=0 output=""
time=2026-08-05T21:09:47.483Z level=INFO msg="guestfs exec" bin=guestfish args="[--remote=120]" scriptLines=2 script="-mkdir-p /Windows/Drivers/VirtIO\n-upload /usr/share/virtio-win/drivers/by-os/amd64/2k8R2/vioscsi.sys /Windows/Drivers/VirtIO/vioscsi.sys"
time=2026-08-05T21:09:47.557Z level=INFO msg="guestfs exec ok" bin=guestfish duration=75ms outputBytes=0 output=""
time=2026-08-05T21:09:47.570Z level=INFO msg="guestfs exec" bin=guestfish args="[--remote=120]" scriptLines=2 script="-mkdir-p /Windows/System32/drivers\n-upload /usr/share/virtio-win/drivers/by-os/amd64/2k8R2/vioscsi.sys /Windows/System32/drivers/vioscsi.sys"
time=2026-08-05T21:09:47.657Z level=INFO msg="guestfs exec ok" bin=guestfish duration=86ms outputBytes=0 output=""
time=2026-08-05T21:09:47.657Z level=INFO msg="guestfs exec" bin=guestfish args="[--remote=120]" scriptLines=2 script="-mkdir-p /Windows/Drivers/VirtIO\n-upload /usr/share/virtio-win/drivers/by-os/amd64/2k8R2/vioser.cat /Windows/Drivers/VirtIO/vioser.cat"
time=2026-08-05T21:09:47.738Z level=INFO msg="guestfs exec ok" bin=guestfish duration=81ms outputBytes=0 output=""
time=2026-08-05T21:09:47.739Z level=INFO msg="guestfs exec" bin=guestfish args="[--remote=120]" scriptLines=2 script="-mkdir-p /Windows/Drivers/VirtIO\n-upload /usr/share/virtio-win/drivers/by-os/amd64/2k8R2/vioser.inf /Windows/Drivers/VirtIO/vioser.inf"
time=2026-08-05T21:09:47.803Z level=INFO msg="guestfs exec ok" bin=guestfish duration=65ms outputBytes=0 output=""
time=2026-08-05T21:09:47.803Z level=INFO msg="guestfs exec" bin=guestfish args="[--remote=120]" scriptLines=2 script="-mkdir-p /Windows/Drivers/VirtIO\n-upload /usr/share/virtio-win/drivers/by-os/amd64/2k8R2/vioser.sys /Windows/Drivers/VirtIO/vioser.sys"
time=2026-08-05T21:09:47.879Z level=INFO msg="guestfs exec ok" bin=guestfish duration=76ms outputBytes=0 output=""
time=2026-08-05T21:09:47.880Z level=INFO msg="guestfs exec" bin=guestfish args="[--remote=120]" scriptLines=2 script="-mkdir-p /Windows/Drivers/VirtIO\n-upload /usr/share/virtio-win/drivers/by-os/amd64/2k8R2/viostor.cat /Windows/Drivers/VirtIO/viostor.cat"
time=2026-08-05T21:09:47.979Z level=INFO msg="guestfs exec ok" bin=guestfish duration=99ms outputBytes=0 output=""
time=2026-08-05T21:09:47.979Z level=INFO msg="guestfs exec" bin=guestfish args="[--remote=120]" scriptLines=2 script="-mkdir-p /Windows/Drivers/VirtIO\n-upload /usr/share/virtio-win/drivers/by-os/amd64/2k8R2/viostor.inf /Windows/Drivers/VirtIO/viostor.inf"
time=2026-08-05T21:09:48.059Z level=INFO msg="guestfs exec ok" bin=guestfish duration=79ms outputBytes=0 output=""
time=2026-08-05T21:09:48.059Z level=INFO msg="guestfs exec" bin=guestfish args="[--remote=120]" scriptLines=2 script="-mkdir-p /Windows/Drivers/VirtIO\n-upload /usr/share/virtio-win/drivers/by-os/amd64/2k8R2/viostor.sys /Windows/Drivers/VirtIO/viostor.sys"
time=2026-08-05T21:09:48.130Z level=INFO msg="guestfs exec ok" bin=guestfish duration=71ms outputBytes=0 output=""
time=2026-08-05T21:09:48.130Z level=INFO msg="guestfs exec" bin=guestfish args="[--remote=120]" scriptLines=2 script="-mkdir-p /Windows/System32/drivers\n-upload /usr/share/virtio-win/drivers/by-os/amd64/2k8R2/viostor.sys /Windows/System32/drivers/viostor.sys"
time=2026-08-05T21:09:48.210Z level=INFO msg="guestfs exec ok" bin=guestfish duration=79ms outputBytes=0 output=""
time=2026-08-05T21:09:48.210Z level=INFO msg="copied driver" name=vioinput
time=2026-08-05T21:09:48.210Z level=INFO msg="guestfs exec" bin=guestfish args="[--remote=120]" scriptLines=2 script="-mkdir-p /Windows/Drivers/VirtIO\n-upload /usr/share/virtio-win/drivers/by-os/amd64/2k8R2/balloon.cat /Windows/Drivers/VirtIO/balloon.cat"
time=2026-08-05T21:09:48.307Z level=INFO msg="guestfs exec ok" bin=guestfish duration=97ms outputBytes=0 output=""
time=2026-08-05T21:09:48.307Z level=INFO msg="guestfs exec" bin=guestfish args="[--remote=120]" scriptLines=2 script="-mkdir-p /Windows/Drivers/VirtIO\n-upload /usr/share/virtio-win/drivers/by-os/amd64/2k8R2/balloon.inf /Windows/Drivers/VirtIO/balloon.inf"
time=2026-08-05T21:09:48.372Z level=INFO msg="guestfs exec ok" bin=guestfish duration=65ms outputBytes=0 output=""
time=2026-08-05T21:09:48.372Z level=INFO msg="guestfs exec" bin=guestfish args="[--remote=120]" scriptLines=2 script="-mkdir-p /Windows/Drivers/VirtIO\n-upload /usr/share/virtio-win/drivers/by-os/amd64/2k8R2/balloon.sys /Windows/Drivers/VirtIO/balloon.sys"
time=2026-08-05T21:09:48.445Z level=INFO msg="guestfs exec ok" bin=guestfish duration=73ms outputBytes=0 output=""
time=2026-08-05T21:09:48.445Z level=INFO msg="guestfs exec" bin=guestfish args="[--remote=120]" scriptLines=2 script="-mkdir-p /Windows/Drivers/VirtIO\n-upload /usr/share/virtio-win/drivers/by-os/amd64/2k8R2/netkvm.cat /Windows/Drivers/VirtIO/netkvm.cat"
time=2026-08-05T21:09:48.542Z level=INFO msg="guestfs exec ok" bin=guestfish duration=97ms outputBytes=0 output=""
time=2026-08-05T21:09:48.542Z level=INFO msg="guestfs exec" bin=guestfish args="[--remote=120]" scriptLines=2 script="-mkdir-p /Windows/Drivers/VirtIO\n-upload /usr/share/virtio-win/drivers/by-os/amd64/2k8R2/netkvm.inf /Windows/Drivers/VirtIO/netkvm.inf"
time=2026-08-05T21:09:48.616Z level=INFO msg="guestfs exec ok" bin=guestfish duration=74ms outputBytes=0 output=""
time=2026-08-05T21:09:48.616Z level=INFO msg="guestfs exec" bin=guestfish args="[--remote=120]" scriptLines=2 script="-mkdir-p /Windows/Drivers/VirtIO\n-upload /usr/share/virtio-win/drivers/by-os/amd64/2k8R2/netkvm.sys /Windows/Drivers/VirtIO/netkvm.sys"
time=2026-08-05T21:09:48.692Z level=INFO msg="guestfs exec ok" bin=guestfish duration=76ms outputBytes=0 output=""
time=2026-08-05T21:09:48.693Z level=INFO msg="guestfs exec" bin=guestfish args="[--remote=120]" scriptLines=2 script="-mkdir-p /Windows/Drivers/VirtIO\n-upload /usr/share/virtio-win/drivers/by-os/amd64/2k8R2/pvpanic.cat /Windows/Drivers/VirtIO/pvpanic.cat"
time=2026-08-05T21:09:48.790Z level=INFO msg="guestfs exec ok" bin=guestfish duration=98ms outputBytes=0 output=""
time=2026-08-05T21:09:48.790Z level=INFO msg="guestfs exec" bin=guestfish args="[--remote=120]" scriptLines=2 script="-mkdir-p /Windows/Drivers/VirtIO\n-upload /usr/share/virtio-win/drivers/by-os/amd64/2k8R2/pvpanic.inf /Windows/Drivers/VirtIO/pvpanic.inf"
time=2026-08-05T21:09:48.888Z level=INFO msg="guestfs exec ok" bin=guestfish duration=97ms outputBytes=0 output=""
time=2026-08-05T21:09:48.888Z level=INFO msg="guestfs exec" bin=guestfish args="[--remote=120]" scriptLines=2 script="-mkdir-p /Windows/Drivers/VirtIO\n-upload /usr/share/virtio-win/drivers/by-os/amd64/2k8R2/pvpanic.sys /Windows/Drivers/VirtIO/pvpanic.sys"
time=2026-08-05T21:09:48.985Z level=INFO msg="guestfs exec ok" bin=guestfish duration=97ms outputBytes=0 output=""
time=2026-08-05T21:09:48.985Z level=INFO msg="guestfs exec" bin=guestfish args="[--remote=120]" scriptLines=2 script="-mkdir-p /Windows/Drivers/VirtIO\n-upload /usr/share/virtio-win/drivers/by-os/amd64/2k8R2/qemupciserial.cat /Windows/Drivers/VirtIO/qemupciserial.cat"
time=2026-08-05T21:09:49.057Z level=INFO msg="guestfs exec ok" bin=guestfish duration=72ms outputBytes=0 output=""
time=2026-08-05T21:09:49.058Z level=INFO msg="guestfs exec" bin=guestfish args="[--remote=120]" scriptLines=2 script="-mkdir-p /Windows/Drivers/VirtIO\n-upload /usr/share/virtio-win/drivers/by-os/amd64/2k8R2/qemupciserial.inf /Windows/Drivers/VirtIO/qemupciserial.inf"
time=2026-08-05T21:09:49.152Z level=INFO msg="guestfs exec ok" bin=guestfish duration=94ms outputBytes=0 output=""
time=2026-08-05T21:09:49.156Z level=INFO msg="guestfs exec" bin=guestfish args="[--remote=120]" scriptLines=2 script="-mkdir-p /Windows/Drivers/VirtIO\n-upload /usr/share/virtio-win/drivers/by-os/amd64/2k8R2/qxl.cat /Windows/Drivers/VirtIO/qxl.cat"
time=2026-08-05T21:09:49.254Z level=INFO msg="guestfs exec ok" bin=guestfish duration=98ms outputBytes=0 output=""
time=2026-08-05T21:09:49.254Z level=INFO msg="guestfs exec" bin=guestfish args="[--remote=120]" scriptLines=2 script="-mkdir-p /Windows/Drivers/VirtIO\n-upload /usr/share/virtio-win/drivers/by-os/amd64/2k8R2/qxl.inf /Windows/Drivers/VirtIO/qxl.inf"
time=2026-08-05T21:09:49.336Z level=INFO msg="guestfs exec ok" bin=guestfish duration=82ms outputBytes=0 output=""
time=2026-08-05T21:09:49.336Z level=INFO msg="guestfs exec" bin=guestfish args="[--remote=120]" scriptLines=2 script="-mkdir-p /Windows/Drivers/VirtIO\n-upload /usr/share/virtio-win/drivers/by-os/amd64/2k8R2/qxl.sys /Windows/Drivers/VirtIO/qxl.sys"
time=2026-08-05T21:09:49.422Z level=INFO msg="guestfs exec ok" bin=guestfish duration=86ms outputBytes=0 output=""
time=2026-08-05T21:09:49.422Z level=INFO msg="guestfs exec" bin=guestfish args="[--remote=120]" scriptLines=2 script="-mkdir-p /Windows/Drivers/VirtIO\n-upload /usr/share/virtio-win/drivers/by-os/amd64/2k8R2/viohidkmdf.sys /Windows/Drivers/VirtIO/viohidkmdf.sys"
time=2026-08-05T21:09:49.491Z level=INFO msg="guestfs exec ok" bin=guestfish duration=69ms outputBytes=0 output=""
time=2026-08-05T21:09:49.491Z level=INFO msg="guestfs exec" bin=guestfish args="[--remote=120]" scriptLines=2 script="-mkdir-p /Windows/Drivers/VirtIO\n-upload /usr/share/virtio-win/drivers/by-os/amd64/2k8R2/vioinput.cat /Windows/Drivers/VirtIO/vioinput.cat"
time=2026-08-05T21:09:49.568Z level=INFO msg="guestfs exec ok" bin=guestfish duration=77ms outputBytes=0 output=""
time=2026-08-05T21:09:49.569Z level=INFO msg="guestfs exec" bin=guestfish args="[--remote=120]" scriptLines=2 script="-mkdir-p /Windows/Drivers/VirtIO\n-upload /usr/share/virtio-win/drivers/by-os/amd64/2k8R2/vioinput.inf /Windows/Drivers/VirtIO/vioinput.inf"
time=2026-08-05T21:09:49.642Z level=INFO msg="guestfs exec ok" bin=guestfish duration=73ms outputBytes=0 output=""
time=2026-08-05T21:09:49.642Z level=INFO msg="guestfs exec" bin=guestfish args="[--remote=120]" scriptLines=2 script="-mkdir-p /Windows/Drivers/VirtIO\n-upload /usr/share/virtio-win/drivers/by-os/amd64/2k8R2/vioinput.sys /Windows/Drivers/VirtIO/vioinput.sys"
time=2026-08-05T21:09:49.729Z level=INFO msg="guestfs exec ok" bin=guestfish duration=86ms outputBytes=0 output=""
time=2026-08-05T21:09:49.729Z level=INFO msg="guestfs exec" bin=guestfish args="[--remote=120]" scriptLines=2 script="-mkdir-p /Windows/Drivers/VirtIO\n-upload /usr/share/virtio-win/drivers/by-os/amd64/2k8R2/viorng.cat /Windows/Drivers/VirtIO/viorng.cat"
time=2026-08-05T21:09:49.836Z level=INFO msg="guestfs exec ok" bin=guestfish duration=107ms outputBytes=0 output=""
time=2026-08-05T21:09:49.836Z level=INFO msg="guestfs exec" bin=guestfish args="[--remote=120]" scriptLines=2 script="-mkdir-p /Windows/Drivers/VirtIO\n-upload /usr/share/virtio-win/drivers/by-os/amd64/2k8R2/viorng.inf /Windows/Drivers/VirtIO/viorng.inf"
time=2026-08-05T21:09:49.926Z level=INFO msg="guestfs exec ok" bin=guestfish duration=90ms outputBytes=0 output=""
time=2026-08-05T21:09:49.926Z level=INFO msg="guestfs exec" bin=guestfish args="[--remote=120]" scriptLines=2 script="-mkdir-p /Windows/Drivers/VirtIO\n-upload /usr/share/virtio-win/drivers/by-os/amd64/2k8R2/viorng.sys /Windows/Drivers/VirtIO/viorng.sys"
time=2026-08-05T21:09:50.020Z level=INFO msg="guestfs exec ok" bin=guestfish duration=94ms outputBytes=0 output=""
time=2026-08-05T21:09:50.020Z level=INFO msg="guestfs exec" bin=guestfish args="[--remote=120]" scriptLines=2 script="-mkdir-p /Windows/Drivers/VirtIO\n-upload /usr/share/virtio-win/drivers/by-os/amd64/2k8R2/vioscsi.cat /Windows/Drivers/VirtIO/vioscsi.cat"
time=2026-08-05T21:09:50.103Z level=INFO msg="guestfs exec ok" bin=guestfish duration=83ms outputBytes=0 output=""
time=2026-08-05T21:09:50.103Z level=INFO msg="guestfs exec" bin=guestfish args="[--remote=120]" scriptLines=2 script="-mkdir-p /Windows/Drivers/VirtIO\n-upload /usr/share/virtio-win/drivers/by-os/amd64/2k8R2/vioscsi.inf /Windows/Drivers/VirtIO/vioscsi.inf"
time=2026-08-05T21:09:50.187Z level=INFO msg="guestfs exec ok" bin=guestfish duration=83ms outputBytes=0 output=""
time=2026-08-05T21:09:50.187Z level=INFO msg="guestfs exec" bin=guestfish args="[--remote=120]" scriptLines=2 script="-mkdir-p /Windows/Drivers/VirtIO\n-upload /usr/share/virtio-win/drivers/by-os/amd64/2k8R2/vioscsi.sys /Windows/Drivers/VirtIO/vioscsi.sys"
time=2026-08-05T21:09:50.273Z level=INFO msg="guestfs exec ok" bin=guestfish duration=86ms outputBytes=0 output=""
time=2026-08-05T21:09:50.273Z level=INFO msg="guestfs exec" bin=guestfish args="[--remote=120]" scriptLines=2 script="-mkdir-p /Windows/System32/drivers\n-upload /usr/share/virtio-win/drivers/by-os/amd64/2k8R2/vioscsi.sys /Windows/System32/drivers/vioscsi.sys"
time=2026-08-05T21:09:50.343Z level=INFO msg="guestfs exec ok" bin=guestfish duration=70ms outputBytes=0 output=""
time=2026-08-05T21:09:50.345Z level=INFO msg="guestfs exec" bin=guestfish args="[--remote=120]" scriptLines=2 script="-mkdir-p /Windows/Drivers/VirtIO\n-upload /usr/share/virtio-win/drivers/by-os/amd64/2k8R2/vioser.cat /Windows/Drivers/VirtIO/vioser.cat"
time=2026-08-05T21:09:50.412Z level=INFO msg="guestfs exec ok" bin=guestfish duration=67ms outputBytes=0 output=""
time=2026-08-05T21:09:50.412Z level=INFO msg="guestfs exec" bin=guestfish args="[--remote=120]" scriptLines=2 script="-mkdir-p /Windows/Drivers/VirtIO\n-upload /usr/share/virtio-win/drivers/by-os/amd64/2k8R2/vioser.inf /Windows/Drivers/VirtIO/vioser.inf"
time=2026-08-05T21:09:50.503Z level=INFO msg="guestfs exec ok" bin=guestfish duration=91ms outputBytes=0 output=""
time=2026-08-05T21:09:50.503Z level=INFO msg="guestfs exec" bin=guestfish args="[--remote=120]" scriptLines=2 script="-mkdir-p /Windows/Drivers/VirtIO\n-upload /usr/share/virtio-win/drivers/by-os/amd64/2k8R2/vioser.sys /Windows/Drivers/VirtIO/vioser.sys"
time=2026-08-05T21:09:50.573Z level=INFO msg="guestfs exec ok" bin=guestfish duration=70ms outputBytes=0 output=""
time=2026-08-05T21:09:50.573Z level=INFO msg="guestfs exec" bin=guestfish args="[--remote=120]" scriptLines=2 script="-mkdir-p /Windows/Drivers/VirtIO\n-upload /usr/share/virtio-win/drivers/by-os/amd64/2k8R2/viostor.cat /Windows/Drivers/VirtIO/viostor.cat"
time=2026-08-05T21:09:50.637Z level=INFO msg="guestfs exec ok" bin=guestfish duration=64ms outputBytes=0 output=""
time=2026-08-05T21:09:50.637Z level=INFO msg="guestfs exec" bin=guestfish args="[--remote=120]" scriptLines=2 script="-mkdir-p /Windows/Drivers/VirtIO\n-upload /usr/share/virtio-win/drivers/by-os/amd64/2k8R2/viostor.inf /Windows/Drivers/VirtIO/viostor.inf"
time=2026-08-05T21:09:50.732Z level=INFO msg="guestfs exec ok" bin=guestfish duration=95ms outputBytes=0 output=""
time=2026-08-05T21:09:50.732Z level=INFO msg="guestfs exec" bin=guestfish args="[--remote=120]" scriptLines=2 script="-mkdir-p /Windows/Drivers/VirtIO\n-upload /usr/share/virtio-win/drivers/by-os/amd64/2k8R2/viostor.sys /Windows/Drivers/VirtIO/viostor.sys"
time=2026-08-05T21:09:50.815Z level=INFO msg="guestfs exec ok" bin=guestfish duration=83ms outputBytes=0 output=""
time=2026-08-05T21:09:50.815Z level=INFO msg="guestfs exec" bin=guestfish args="[--remote=120]" scriptLines=2 script="-mkdir-p /Windows/System32/drivers\n-upload /usr/share/virtio-win/drivers/by-os/amd64/2k8R2/viostor.sys /Windows/System32/drivers/viostor.sys"
time=2026-08-05T21:09:50.917Z level=INFO msg="guestfs exec ok" bin=guestfish duration=102ms outputBytes=0 output=""
time=2026-08-05T21:09:50.917Z level=INFO msg="copied driver" name=viorng
time=2026-08-05T21:09:50.917Z level=INFO msg="guestfs exec" bin=guestfish args="[--remote=120]" scriptLines=2 script="-mkdir-p /Windows/Drivers/VirtIO\n-upload /usr/share/virtio-win/drivers/by-os/amd64/2k8R2/balloon.cat /Windows/Drivers/VirtIO/balloon.cat"
time=2026-08-05T21:09:51.005Z level=INFO msg="guestfs exec ok" bin=guestfish duration=88ms outputBytes=0 output=""
time=2026-08-05T21:09:51.006Z level=INFO msg="guestfs exec" bin=guestfish args="[--remote=120]" scriptLines=2 script="-mkdir-p /Windows/Drivers/VirtIO\n-upload /usr/share/virtio-win/drivers/by-os/amd64/2k8R2/balloon.inf /Windows/Drivers/VirtIO/balloon.inf"
time=2026-08-05T21:09:51.073Z level=INFO msg="guestfs exec ok" bin=guestfish duration=67ms outputBytes=0 output=""
time=2026-08-05T21:09:51.073Z level=INFO msg="guestfs exec" bin=guestfish args="[--remote=120]" scriptLines=2 script="-mkdir-p /Windows/Drivers/VirtIO\n-upload /usr/share/virtio-win/drivers/by-os/amd64/2k8R2/balloon.sys /Windows/Drivers/VirtIO/balloon.sys"
time=2026-08-05T21:09:51.154Z level=INFO msg="guestfs exec ok" bin=guestfish duration=81ms outputBytes=0 output=""
time=2026-08-05T21:09:51.154Z level=INFO msg="guestfs exec" bin=guestfish args="[--remote=120]" scriptLines=2 script="-mkdir-p /Windows/Drivers/VirtIO\n-upload /usr/share/virtio-win/drivers/by-os/amd64/2k8R2/netkvm.cat /Windows/Drivers/VirtIO/netkvm.cat"
time=2026-08-05T21:09:51.229Z level=INFO msg="guestfs exec ok" bin=guestfish duration=75ms outputBytes=0 output=""
time=2026-08-05T21:09:51.229Z level=INFO msg="guestfs exec" bin=guestfish args="[--remote=120]" scriptLines=2 script="-mkdir-p /Windows/Drivers/VirtIO\n-upload /usr/share/virtio-win/drivers/by-os/amd64/2k8R2/netkvm.inf /Windows/Drivers/VirtIO/netkvm.inf"
time=2026-08-05T21:09:51.300Z level=INFO msg="guestfs exec ok" bin=guestfish duration=71ms outputBytes=0 output=""
time=2026-08-05T21:09:51.300Z level=INFO msg="guestfs exec" bin=guestfish args="[--remote=120]" scriptLines=2 script="-mkdir-p /Windows/Drivers/VirtIO\n-upload /usr/share/virtio-win/drivers/by-os/amd64/2k8R2/netkvm.sys /Windows/Drivers/VirtIO/netkvm.sys"
time=2026-08-05T21:09:51.373Z level=INFO msg="guestfs exec ok" bin=guestfish duration=73ms outputBytes=0 output=""
time=2026-08-05T21:09:51.373Z level=INFO msg="guestfs exec" bin=guestfish args="[--remote=120]" scriptLines=2 script="-mkdir-p /Windows/Drivers/VirtIO\n-upload /usr/share/virtio-win/drivers/by-os/amd64/2k8R2/pvpanic.cat /Windows/Drivers/VirtIO/pvpanic.cat"
time=2026-08-05T21:09:51.437Z level=INFO msg="guestfs exec ok" bin=guestfish duration=63ms outputBytes=0 output=""
time=2026-08-05T21:09:51.437Z level=INFO msg="guestfs exec" bin=guestfish args="[--remote=120]" scriptLines=2 script="-mkdir-p /Windows/Drivers/VirtIO\n-upload /usr/share/virtio-win/drivers/by-os/amd64/2k8R2/pvpanic.inf /Windows/Drivers/VirtIO/pvpanic.inf"
time=2026-08-05T21:09:51.497Z level=INFO msg="guestfs exec ok" bin=guestfish duration=60ms outputBytes=0 output=""
time=2026-08-05T21:09:51.497Z level=INFO msg="guestfs exec" bin=guestfish args="[--remote=120]" scriptLines=2 script="-mkdir-p /Windows/Drivers/VirtIO\n-upload /usr/share/virtio-win/drivers/by-os/amd64/2k8R2/pvpanic.sys /Windows/Drivers/VirtIO/pvpanic.sys"
time=2026-08-05T21:09:51.571Z level=INFO msg="guestfs exec ok" bin=guestfish duration=74ms outputBytes=0 output=""
time=2026-08-05T21:09:51.571Z level=INFO msg="guestfs exec" bin=guestfish args="[--remote=120]" scriptLines=2 script="-mkdir-p /Windows/Drivers/VirtIO\n-upload /usr/share/virtio-win/drivers/by-os/amd64/2k8R2/qemupciserial.cat /Windows/Drivers/VirtIO/qemupciserial.cat"
time=2026-08-05T21:09:51.705Z level=INFO msg="guestfs exec ok" bin=guestfish duration=133ms outputBytes=0 output=""
time=2026-08-05T21:09:51.705Z level=INFO msg="guestfs exec" bin=guestfish args="[--remote=120]" scriptLines=2 script="-mkdir-p /Windows/Drivers/VirtIO\n-upload /usr/share/virtio-win/drivers/by-os/amd64/2k8R2/qemupciserial.inf /Windows/Drivers/VirtIO/qemupciserial.inf"
time=2026-08-05T21:09:51.773Z level=INFO msg="guestfs exec ok" bin=guestfish duration=68ms outputBytes=0 output=""
time=2026-08-05T21:09:51.773Z level=INFO msg="guestfs exec" bin=guestfish args="[--remote=120]" scriptLines=2 script="-mkdir-p /Windows/Drivers/VirtIO\n-upload /usr/share/virtio-win/drivers/by-os/amd64/2k8R2/qxl.cat /Windows/Drivers/VirtIO/qxl.cat"
time=2026-08-05T21:09:51.840Z level=INFO msg="guestfs exec ok" bin=guestfish duration=66ms outputBytes=0 output=""
time=2026-08-05T21:09:51.840Z level=INFO msg="guestfs exec" bin=guestfish args="[--remote=120]" scriptLines=2 script="-mkdir-p /Windows/Drivers/VirtIO\n-upload /usr/share/virtio-win/drivers/by-os/amd64/2k8R2/qxl.inf /Windows/Drivers/VirtIO/qxl.inf"
time=2026-08-05T21:09:51.903Z level=INFO msg="guestfs exec ok" bin=guestfish duration=63ms outputBytes=0 output=""
time=2026-08-05T21:09:51.903Z level=INFO msg="guestfs exec" bin=guestfish args="[--remote=120]" scriptLines=2 script="-mkdir-p /Windows/Drivers/VirtIO\n-upload /usr/share/virtio-win/drivers/by-os/amd64/2k8R2/qxl.sys /Windows/Drivers/VirtIO/qxl.sys"
time=2026-08-05T21:09:51.968Z level=INFO msg="guestfs exec ok" bin=guestfish duration=65ms outputBytes=0 output=""
time=2026-08-05T21:09:51.969Z level=INFO msg="guestfs exec" bin=guestfish args="[--remote=120]" scriptLines=2 script="-mkdir-p /Windows/Drivers/VirtIO\n-upload /usr/share/virtio-win/drivers/by-os/amd64/2k8R2/viohidkmdf.sys /Windows/Drivers/VirtIO/viohidkmdf.sys"
time=2026-08-05T21:09:52.041Z level=INFO msg="guestfs exec ok" bin=guestfish duration=72ms outputBytes=0 output=""
time=2026-08-05T21:09:52.041Z level=INFO msg="guestfs exec" bin=guestfish args="[--remote=120]" scriptLines=2 script="-mkdir-p /Windows/Drivers/VirtIO\n-upload /usr/share/virtio-win/drivers/by-os/amd64/2k8R2/vioinput.cat /Windows/Drivers/VirtIO/vioinput.cat"
time=2026-08-05T21:09:52.105Z level=INFO msg="guestfs exec ok" bin=guestfish duration=64ms outputBytes=0 output=""
time=2026-08-05T21:09:52.105Z level=INFO msg="guestfs exec" bin=guestfish args="[--remote=120]" scriptLines=2 script="-mkdir-p /Windows/Drivers/VirtIO\n-upload /usr/share/virtio-win/drivers/by-os/amd64/2k8R2/vioinput.inf /Windows/Drivers/VirtIO/vioinput.inf"
time=2026-08-05T21:09:52.176Z level=INFO msg="guestfs exec ok" bin=guestfish duration=70ms outputBytes=0 output=""
time=2026-08-05T21:09:52.176Z level=INFO msg="guestfs exec" bin=guestfish args="[--remote=120]" scriptLines=2 script="-mkdir-p /Windows/Drivers/VirtIO\n-upload /usr/share/virtio-win/drivers/by-os/amd64/2k8R2/vioinput.sys /Windows/Drivers/VirtIO/vioinput.sys"
time=2026-08-05T21:09:52.277Z level=INFO msg="guestfs exec ok" bin=guestfish duration=101ms outputBytes=0 output=""
time=2026-08-05T21:09:52.277Z level=INFO msg="guestfs exec" bin=guestfish args="[--remote=120]" scriptLines=2 script="-mkdir-p /Windows/Drivers/VirtIO\n-upload /usr/share/virtio-win/drivers/by-os/amd64/2k8R2/viorng.cat /Windows/Drivers/VirtIO/viorng.cat"
time=2026-08-05T21:09:52.348Z level=INFO msg="guestfs exec ok" bin=guestfish duration=71ms outputBytes=0 output=""
time=2026-08-05T21:09:52.348Z level=INFO msg="guestfs exec" bin=guestfish args="[--remote=120]" scriptLines=2 script="-mkdir-p /Windows/Drivers/VirtIO\n-upload /usr/share/virtio-win/drivers/by-os/amd64/2k8R2/viorng.inf /Windows/Drivers/VirtIO/viorng.inf"
time=2026-08-05T21:09:52.431Z level=INFO msg="guestfs exec ok" bin=guestfish duration=83ms outputBytes=0 output=""
time=2026-08-05T21:09:52.431Z level=INFO msg="guestfs exec" bin=guestfish args="[--remote=120]" scriptLines=2 script="-mkdir-p /Windows/Drivers/VirtIO\n-upload /usr/share/virtio-win/drivers/by-os/amd64/2k8R2/viorng.sys /Windows/Drivers/VirtIO/viorng.sys"
time=2026-08-05T21:09:52.503Z level=INFO msg="guestfs exec ok" bin=guestfish duration=72ms outputBytes=0 output=""
time=2026-08-05T21:09:52.504Z level=INFO msg="guestfs exec" bin=guestfish args="[--remote=120]" scriptLines=2 script="-mkdir-p /Windows/Drivers/VirtIO\n-upload /usr/share/virtio-win/drivers/by-os/amd64/2k8R2/vioscsi.cat /Windows/Drivers/VirtIO/vioscsi.cat"
time=2026-08-05T21:09:52.591Z level=INFO msg="guestfs exec ok" bin=guestfish duration=87ms outputBytes=0 output=""
time=2026-08-05T21:09:52.591Z level=INFO msg="guestfs exec" bin=guestfish args="[--remote=120]" scriptLines=2 script="-mkdir-p /Windows/Drivers/VirtIO\n-upload /usr/share/virtio-win/drivers/by-os/amd64/2k8R2/vioscsi.inf /Windows/Drivers/VirtIO/vioscsi.inf"
time=2026-08-05T21:09:52.675Z level=INFO msg="guestfs exec ok" bin=guestfish duration=84ms outputBytes=0 output=""
time=2026-08-05T21:09:52.676Z level=INFO msg="guestfs exec" bin=guestfish args="[--remote=120]" scriptLines=2 script="-mkdir-p /Windows/Drivers/VirtIO\n-upload /usr/share/virtio-win/drivers/by-os/amd64/2k8R2/vioscsi.sys /Windows/Drivers/VirtIO/vioscsi.sys"
time=2026-08-05T21:09:52.742Z level=INFO msg="guestfs exec ok" bin=guestfish duration=66ms outputBytes=0 output=""
time=2026-08-05T21:09:52.742Z level=INFO msg="guestfs exec" bin=guestfish args="[--remote=120]" scriptLines=2 script="-mkdir-p /Windows/System32/drivers\n-upload /usr/share/virtio-win/drivers/by-os/amd64/2k8R2/vioscsi.sys /Windows/System32/drivers/vioscsi.sys"
time=2026-08-05T21:09:52.803Z level=INFO msg="guestfs exec ok" bin=guestfish duration=61ms outputBytes=0 output=""
time=2026-08-05T21:09:52.803Z level=INFO msg="guestfs exec" bin=guestfish args="[--remote=120]" scriptLines=2 script="-mkdir-p /Windows/Drivers/VirtIO\n-upload /usr/share/virtio-win/drivers/by-os/amd64/2k8R2/vioser.cat /Windows/Drivers/VirtIO/vioser.cat"
time=2026-08-05T21:09:52.871Z level=INFO msg="guestfs exec ok" bin=guestfish duration=68ms outputBytes=0 output=""
time=2026-08-05T21:09:52.872Z level=INFO msg="guestfs exec" bin=guestfish args="[--remote=120]" scriptLines=2 script="-mkdir-p /Windows/Drivers/VirtIO\n-upload /usr/share/virtio-win/drivers/by-os/amd64/2k8R2/vioser.inf /Windows/Drivers/VirtIO/vioser.inf"
time=2026-08-05T21:09:52.938Z level=INFO msg="guestfs exec ok" bin=guestfish duration=67ms outputBytes=0 output=""
time=2026-08-05T21:09:52.938Z level=INFO msg="guestfs exec" bin=guestfish args="[--remote=120]" scriptLines=2 script="-mkdir-p /Windows/Drivers/VirtIO\n-upload /usr/share/virtio-win/drivers/by-os/amd64/2k8R2/vioser.sys /Windows/Drivers/VirtIO/vioser.sys"
time=2026-08-05T21:09:53.006Z level=INFO msg="guestfs exec ok" bin=guestfish duration=68ms outputBytes=0 output=""
time=2026-08-05T21:09:53.006Z level=INFO msg="guestfs exec" bin=guestfish args="[--remote=120]" scriptLines=2 script="-mkdir-p /Windows/Drivers/VirtIO\n-upload /usr/share/virtio-win/drivers/by-os/amd64/2k8R2/viostor.cat /Windows/Drivers/VirtIO/viostor.cat"
time=2026-08-05T21:09:53.076Z level=INFO msg="guestfs exec ok" bin=guestfish duration=69ms outputBytes=0 output=""
time=2026-08-05T21:09:53.076Z level=INFO msg="guestfs exec" bin=guestfish args="[--remote=120]" scriptLines=2 script="-mkdir-p /Windows/Drivers/VirtIO\n-upload /usr/share/virtio-win/drivers/by-os/amd64/2k8R2/viostor.inf /Windows/Drivers/VirtIO/viostor.inf"
time=2026-08-05T21:09:53.141Z level=INFO msg="guestfs exec ok" bin=guestfish duration=65ms outputBytes=0 output=""
time=2026-08-05T21:09:53.141Z level=INFO msg="guestfs exec" bin=guestfish args="[--remote=120]" scriptLines=2 script="-mkdir-p /Windows/Drivers/VirtIO\n-upload /usr/share/virtio-win/drivers/by-os/amd64/2k8R2/viostor.sys /Windows/Drivers/VirtIO/viostor.sys"
time=2026-08-05T21:09:53.206Z level=INFO msg="guestfs exec ok" bin=guestfish duration=65ms outputBytes=0 output=""
time=2026-08-05T21:09:53.207Z level=INFO msg="guestfs exec" bin=guestfish args="[--remote=120]" scriptLines=2 script="-mkdir-p /Windows/System32/drivers\n-upload /usr/share/virtio-win/drivers/by-os/amd64/2k8R2/viostor.sys /Windows/System32/drivers/viostor.sys"
time=2026-08-05T21:09:53.268Z level=INFO msg="guestfs exec ok" bin=guestfish duration=62ms outputBytes=0 output=""
time=2026-08-05T21:09:53.268Z level=INFO msg="copied driver" name=vioscsi
time=2026-08-05T21:09:53.268Z level=INFO msg="guestfs exec" bin=guestfish args="[--remote=120]" scriptLines=2 script="-mkdir-p /Windows/Drivers/VirtIO\n-upload /usr/share/virtio-win/drivers/by-os/amd64/2k8R2/balloon.cat /Windows/Drivers/VirtIO/balloon.cat"
time=2026-08-05T21:09:53.335Z level=INFO msg="guestfs exec ok" bin=guestfish duration=66ms outputBytes=0 output=""
time=2026-08-05T21:09:53.335Z level=INFO msg="guestfs exec" bin=guestfish args="[--remote=120]" scriptLines=2 script="-mkdir-p /Windows/Drivers/VirtIO\n-upload /usr/share/virtio-win/drivers/by-os/amd64/2k8R2/balloon.inf /Windows/Drivers/VirtIO/balloon.inf"
time=2026-08-05T21:09:53.396Z level=INFO msg="guestfs exec ok" bin=guestfish duration=61ms outputBytes=0 output=""
time=2026-08-05T21:09:53.396Z level=INFO msg="guestfs exec" bin=guestfish args="[--remote=120]" scriptLines=2 script="-mkdir-p /Windows/Drivers/VirtIO\n-upload /usr/share/virtio-win/drivers/by-os/amd64/2k8R2/balloon.sys /Windows/Drivers/VirtIO/balloon.sys"
time=2026-08-05T21:09:53.469Z level=INFO msg="guestfs exec ok" bin=guestfish duration=73ms outputBytes=0 output=""
time=2026-08-05T21:09:53.469Z level=INFO msg="guestfs exec" bin=guestfish args="[--remote=120]" scriptLines=2 script="-mkdir-p /Windows/Drivers/VirtIO\n-upload /usr/share/virtio-win/drivers/by-os/amd64/2k8R2/netkvm.cat /Windows/Drivers/VirtIO/netkvm.cat"
time=2026-08-05T21:09:53.542Z level=INFO msg="guestfs exec ok" bin=guestfish duration=73ms outputBytes=0 output=""
time=2026-08-05T21:09:53.542Z level=INFO msg="guestfs exec" bin=guestfish args="[--remote=120]" scriptLines=2 script="-mkdir-p /Windows/Drivers/VirtIO\n-upload /usr/share/virtio-win/drivers/by-os/amd64/2k8R2/netkvm.inf /Windows/Drivers/VirtIO/netkvm.inf"
time=2026-08-05T21:09:53.618Z level=INFO msg="guestfs exec ok" bin=guestfish duration=76ms outputBytes=0 output=""
time=2026-08-05T21:09:53.619Z level=INFO msg="guestfs exec" bin=guestfish args="[--remote=120]" scriptLines=2 script="-mkdir-p /Windows/Drivers/VirtIO\n-upload /usr/share/virtio-win/drivers/by-os/amd64/2k8R2/netkvm.sys /Windows/Drivers/VirtIO/netkvm.sys"
time=2026-08-05T21:09:53.681Z level=INFO msg="guestfs exec ok" bin=guestfish duration=62ms outputBytes=0 output=""
time=2026-08-05T21:09:53.681Z level=INFO msg="guestfs exec" bin=guestfish args="[--remote=120]" scriptLines=2 script="-mkdir-p /Windows/Drivers/VirtIO\n-upload /usr/share/virtio-win/drivers/by-os/amd64/2k8R2/pvpanic.cat /Windows/Drivers/VirtIO/pvpanic.cat"
time=2026-08-05T21:09:53.745Z level=INFO msg="guestfs exec ok" bin=guestfish duration=64ms outputBytes=0 output=""
time=2026-08-05T21:09:53.763Z level=INFO msg="guestfs exec" bin=guestfish args="[--remote=120]" scriptLines=2 script="-mkdir-p /Windows/Drivers/VirtIO\n-upload /usr/share/virtio-win/drivers/by-os/amd64/2k8R2/pvpanic.inf /Windows/Drivers/VirtIO/pvpanic.inf"
time=2026-08-05T21:09:53.838Z level=INFO msg="guestfs exec ok" bin=guestfish duration=75ms outputBytes=0 output=""
time=2026-08-05T21:09:53.838Z level=INFO msg="guestfs exec" bin=guestfish args="[--remote=120]" scriptLines=2 script="-mkdir-p /Windows/Drivers/VirtIO\n-upload /usr/share/virtio-win/drivers/by-os/amd64/2k8R2/pvpanic.sys /Windows/Drivers/VirtIO/pvpanic.sys"
time=2026-08-05T21:09:53.930Z level=INFO msg="guestfs exec ok" bin=guestfish duration=91ms outputBytes=0 output=""
time=2026-08-05T21:09:53.930Z level=INFO msg="guestfs exec" bin=guestfish args="[--remote=120]" scriptLines=2 script="-mkdir-p /Windows/Drivers/VirtIO\n-upload /usr/share/virtio-win/drivers/by-os/amd64/2k8R2/qemupciserial.cat /Windows/Drivers/VirtIO/qemupciserial.cat"
time=2026-08-05T21:09:54.003Z level=INFO msg="guestfs exec ok" bin=guestfish duration=73ms outputBytes=0 output=""
time=2026-08-05T21:09:54.003Z level=INFO msg="guestfs exec" bin=guestfish args="[--remote=120]" scriptLines=2 script="-mkdir-p /Windows/Drivers/VirtIO\n-upload /usr/share/virtio-win/drivers/by-os/amd64/2k8R2/qemupciserial.inf /Windows/Drivers/VirtIO/qemupciserial.inf"
time=2026-08-05T21:09:54.063Z level=INFO msg="guestfs exec ok" bin=guestfish duration=60ms outputBytes=0 output=""
time=2026-08-05T21:09:54.063Z level=INFO msg="guestfs exec" bin=guestfish args="[--remote=120]" scriptLines=2 script="-mkdir-p /Windows/Drivers/VirtIO\n-upload /usr/share/virtio-win/drivers/by-os/amd64/2k8R2/qxl.cat /Windows/Drivers/VirtIO/qxl.cat"
time=2026-08-05T21:09:54.136Z level=INFO msg="guestfs exec ok" bin=guestfish duration=73ms outputBytes=0 output=""
time=2026-08-05T21:09:54.136Z level=INFO msg="guestfs exec" bin=guestfish args="[--remote=120]" scriptLines=2 script="-mkdir-p /Windows/Drivers/VirtIO\n-upload /usr/share/virtio-win/drivers/by-os/amd64/2k8R2/qxl.inf /Windows/Drivers/VirtIO/qxl.inf"
time=2026-08-05T21:09:54.203Z level=INFO msg="guestfs exec ok" bin=guestfish duration=67ms outputBytes=0 output=""
time=2026-08-05T21:09:54.204Z level=INFO msg="guestfs exec" bin=guestfish args="[--remote=120]" scriptLines=2 script="-mkdir-p /Windows/Drivers/VirtIO\n-upload /usr/share/virtio-win/drivers/by-os/amd64/2k8R2/qxl.sys /Windows/Drivers/VirtIO/qxl.sys"
time=2026-08-05T21:09:54.266Z level=INFO msg="guestfs exec ok" bin=guestfish duration=62ms outputBytes=0 output=""
time=2026-08-05T21:09:54.266Z level=INFO msg="guestfs exec" bin=guestfish args="[--remote=120]" scriptLines=2 script="-mkdir-p /Windows/Drivers/VirtIO\n-upload /usr/share/virtio-win/drivers/by-os/amd64/2k8R2/viohidkmdf.sys /Windows/Drivers/VirtIO/viohidkmdf.sys"
time=2026-08-05T21:09:54.333Z level=INFO msg="guestfs exec ok" bin=guestfish duration=67ms outputBytes=0 output=""
time=2026-08-05T21:09:54.340Z level=INFO msg="guestfs exec" bin=guestfish args="[--remote=120]" scriptLines=2 script="-mkdir-p /Windows/Drivers/VirtIO\n-upload /usr/share/virtio-win/drivers/by-os/amd64/2k8R2/vioinput.cat /Windows/Drivers/VirtIO/vioinput.cat"
time=2026-08-05T21:09:54.415Z level=INFO msg="guestfs exec ok" bin=guestfish duration=74ms outputBytes=0 output=""
time=2026-08-05T21:09:54.415Z level=INFO msg="guestfs exec" bin=guestfish args="[--remote=120]" scriptLines=2 script="-mkdir-p /Windows/Drivers/VirtIO\n-upload /usr/share/virtio-win/drivers/by-os/amd64/2k8R2/vioinput.inf /Windows/Drivers/VirtIO/vioinput.inf"
time=2026-08-05T21:09:54.479Z level=INFO msg="guestfs exec ok" bin=guestfish duration=64ms outputBytes=0 output=""
time=2026-08-05T21:09:54.479Z level=INFO msg="guestfs exec" bin=guestfish args="[--remote=120]" scriptLines=2 script="-mkdir-p /Windows/Drivers/VirtIO\n-upload /usr/share/virtio-win/drivers/by-os/amd64/2k8R2/vioinput.sys /Windows/Drivers/VirtIO/vioinput.sys"
time=2026-08-05T21:09:54.551Z level=INFO msg="guestfs exec ok" bin=guestfish duration=72ms outputBytes=0 output=""
time=2026-08-05T21:09:54.552Z level=INFO msg="guestfs exec" bin=guestfish args="[--remote=120]" scriptLines=2 script="-mkdir-p /Windows/Drivers/VirtIO\n-upload /usr/share/virtio-win/drivers/by-os/amd64/2k8R2/viorng.cat /Windows/Drivers/VirtIO/viorng.cat"
time=2026-08-05T21:09:54.611Z level=INFO msg="guestfs exec ok" bin=guestfish duration=59ms outputBytes=0 output=""
time=2026-08-05T21:09:54.611Z level=INFO msg="guestfs exec" bin=guestfish args="[--remote=120]" scriptLines=2 script="-mkdir-p /Windows/Drivers/VirtIO\n-upload /usr/share/virtio-win/drivers/by-os/amd64/2k8R2/viorng.inf /Windows/Drivers/VirtIO/viorng.inf"
time=2026-08-05T21:09:54.675Z level=INFO msg="guestfs exec ok" bin=guestfish duration=63ms outputBytes=0 output=""
time=2026-08-05T21:09:54.675Z level=INFO msg="guestfs exec" bin=guestfish args="[--remote=120]" scriptLines=2 script="-mkdir-p /Windows/Drivers/VirtIO\n-upload /usr/share/virtio-win/drivers/by-os/amd64/2k8R2/viorng.sys /Windows/Drivers/VirtIO/viorng.sys"
time=2026-08-05T21:09:54.744Z level=INFO msg="guestfs exec ok" bin=guestfish duration=69ms outputBytes=0 output=""
time=2026-08-05T21:09:54.745Z level=INFO msg="guestfs exec" bin=guestfish args="[--remote=120]" scriptLines=2 script="-mkdir-p /Windows/Drivers/VirtIO\n-upload /usr/share/virtio-win/drivers/by-os/amd64/2k8R2/vioscsi.cat /Windows/Drivers/VirtIO/vioscsi.cat"
time=2026-08-05T21:09:54.812Z level=INFO msg="guestfs exec ok" bin=guestfish duration=67ms outputBytes=0 output=""
time=2026-08-05T21:09:54.812Z level=INFO msg="guestfs exec" bin=guestfish args="[--remote=120]" scriptLines=2 script="-mkdir-p /Windows/Drivers/VirtIO\n-upload /usr/share/virtio-win/drivers/by-os/amd64/2k8R2/vioscsi.inf /Windows/Drivers/VirtIO/vioscsi.inf"
time=2026-08-05T21:09:54.916Z level=INFO msg="guestfs exec ok" bin=guestfish duration=103ms outputBytes=0 output=""
time=2026-08-05T21:09:54.916Z level=INFO msg="guestfs exec" bin=guestfish args="[--remote=120]" scriptLines=2 script="-mkdir-p /Windows/Drivers/VirtIO\n-upload /usr/share/virtio-win/drivers/by-os/amd64/2k8R2/vioscsi.sys /Windows/Drivers/VirtIO/vioscsi.sys"
time=2026-08-05T21:09:54.997Z level=INFO msg="guestfs exec ok" bin=guestfish duration=81ms outputBytes=0 output=""
time=2026-08-05T21:09:54.997Z level=INFO msg="guestfs exec" bin=guestfish args="[--remote=120]" scriptLines=2 script="-mkdir-p /Windows/System32/drivers\n-upload /usr/share/virtio-win/drivers/by-os/amd64/2k8R2/vioscsi.sys /Windows/System32/drivers/vioscsi.sys"
time=2026-08-05T21:09:55.090Z level=INFO msg="guestfs exec ok" bin=guestfish duration=93ms outputBytes=0 output=""
time=2026-08-05T21:09:55.090Z level=INFO msg="guestfs exec" bin=guestfish args="[--remote=120]" scriptLines=2 script="-mkdir-p /Windows/Drivers/VirtIO\n-upload /usr/share/virtio-win/drivers/by-os/amd64/2k8R2/vioser.cat /Windows/Drivers/VirtIO/vioser.cat"
time=2026-08-05T21:09:55.166Z level=INFO msg="guestfs exec ok" bin=guestfish duration=76ms outputBytes=0 output=""
time=2026-08-05T21:09:55.166Z level=INFO msg="guestfs exec" bin=guestfish args="[--remote=120]" scriptLines=2 script="-mkdir-p /Windows/Drivers/VirtIO\n-upload /usr/share/virtio-win/drivers/by-os/amd64/2k8R2/vioser.inf /Windows/Drivers/VirtIO/vioser.inf"
time=2026-08-05T21:09:55.239Z level=INFO msg="guestfs exec ok" bin=guestfish duration=73ms outputBytes=0 output=""
time=2026-08-05T21:09:55.240Z level=INFO msg="guestfs exec" bin=guestfish args="[--remote=120]" scriptLines=2 script="-mkdir-p /Windows/Drivers/VirtIO\n-upload /usr/share/virtio-win/drivers/by-os/amd64/2k8R2/vioser.sys /Windows/Drivers/VirtIO/vioser.sys"
time=2026-08-05T21:09:55.319Z level=INFO msg="guestfs exec ok" bin=guestfish duration=79ms outputBytes=0 output=""
time=2026-08-05T21:09:55.319Z level=INFO msg="guestfs exec" bin=guestfish args="[--remote=120]" scriptLines=2 script="-mkdir-p /Windows/Drivers/VirtIO\n-upload /usr/share/virtio-win/drivers/by-os/amd64/2k8R2/viostor.cat /Windows/Drivers/VirtIO/viostor.cat"
time=2026-08-05T21:09:55.389Z level=INFO msg="guestfs exec ok" bin=guestfish duration=69ms outputBytes=0 output=""
time=2026-08-05T21:09:55.389Z level=INFO msg="guestfs exec" bin=guestfish args="[--remote=120]" scriptLines=2 script="-mkdir-p /Windows/Drivers/VirtIO\n-upload /usr/share/virtio-win/drivers/by-os/amd64/2k8R2/viostor.inf /Windows/Drivers/VirtIO/viostor.inf"
time=2026-08-05T21:09:55.451Z level=INFO msg="guestfs exec ok" bin=guestfish duration=62ms outputBytes=0 output=""
time=2026-08-05T21:09:55.451Z level=INFO msg="guestfs exec" bin=guestfish args="[--remote=120]" scriptLines=2 script="-mkdir-p /Windows/Drivers/VirtIO\n-upload /usr/share/virtio-win/drivers/by-os/amd64/2k8R2/viostor.sys /Windows/Drivers/VirtIO/viostor.sys"
time=2026-08-05T21:09:55.523Z level=INFO msg="guestfs exec ok" bin=guestfish duration=72ms outputBytes=0 output=""
time=2026-08-05T21:09:55.523Z level=INFO msg="guestfs exec" bin=guestfish args="[--remote=120]" scriptLines=2 script="-mkdir-p /Windows/System32/drivers\n-upload /usr/share/virtio-win/drivers/by-os/amd64/2k8R2/viostor.sys /Windows/System32/drivers/viostor.sys"
time=2026-08-05T21:09:55.589Z level=INFO msg="guestfs exec ok" bin=guestfish duration=65ms outputBytes=0 output=""
time=2026-08-05T21:09:55.589Z level=INFO msg="copied driver" name=vioser
time=2026-08-05T21:09:55.590Z level=INFO msg="guestfs exec" bin=guestfish args="[--remote=120]" scriptLines=2 script="-mkdir-p /Windows/Drivers/VirtIO\n-upload /usr/share/virtio-win/drivers/by-os/amd64/2k8R2/balloon.cat /Windows/Drivers/VirtIO/balloon.cat"
time=2026-08-05T21:09:55.696Z level=INFO msg="guestfs exec ok" bin=guestfish duration=107ms outputBytes=0 output=""
time=2026-08-05T21:09:55.696Z level=INFO msg="guestfs exec" bin=guestfish args="[--remote=120]" scriptLines=2 script="-mkdir-p /Windows/Drivers/VirtIO\n-upload /usr/share/virtio-win/drivers/by-os/amd64/2k8R2/balloon.inf /Windows/Drivers/VirtIO/balloon.inf"
time=2026-08-05T21:09:55.779Z level=INFO msg="guestfs exec ok" bin=guestfish duration=83ms outputBytes=0 output=""
time=2026-08-05T21:09:55.780Z level=INFO msg="guestfs exec" bin=guestfish args="[--remote=120]" scriptLines=2 script="-mkdir-p /Windows/Drivers/VirtIO\n-upload /usr/share/virtio-win/drivers/by-os/amd64/2k8R2/balloon.sys /Windows/Drivers/VirtIO/balloon.sys"
time=2026-08-05T21:09:55.849Z level=INFO msg="guestfs exec ok" bin=guestfish duration=69ms outputBytes=0 output=""
time=2026-08-05T21:09:55.849Z level=INFO msg="guestfs exec" bin=guestfish args="[--remote=120]" scriptLines=2 script="-mkdir-p /Windows/Drivers/VirtIO\n-upload /usr/share/virtio-win/drivers/by-os/amd64/2k8R2/netkvm.cat /Windows/Drivers/VirtIO/netkvm.cat"
time=2026-08-05T21:09:55.909Z level=INFO msg="guestfs exec ok" bin=guestfish duration=61ms outputBytes=0 output=""
time=2026-08-05T21:09:55.910Z level=INFO msg="guestfs exec" bin=guestfish args="[--remote=120]" scriptLines=2 script="-mkdir-p /Windows/Drivers/VirtIO\n-upload /usr/share/virtio-win/drivers/by-os/amd64/2k8R2/netkvm.inf /Windows/Drivers/VirtIO/netkvm.inf"
time=2026-08-05T21:09:55.998Z level=INFO msg="guestfs exec ok" bin=guestfish duration=89ms outputBytes=0 output=""
time=2026-08-05T21:09:55.998Z level=INFO msg="guestfs exec" bin=guestfish args="[--remote=120]" scriptLines=2 script="-mkdir-p /Windows/Drivers/VirtIO\n-upload /usr/share/virtio-win/drivers/by-os/amd64/2k8R2/netkvm.sys /Windows/Drivers/VirtIO/netkvm.sys"
time=2026-08-05T21:09:56.085Z level=INFO msg="guestfs exec ok" bin=guestfish duration=86ms outputBytes=0 output=""
time=2026-08-05T21:09:56.085Z level=INFO msg="guestfs exec" bin=guestfish args="[--remote=120]" scriptLines=2 script="-mkdir-p /Windows/Drivers/VirtIO\n-upload /usr/share/virtio-win/drivers/by-os/amd64/2k8R2/pvpanic.cat /Windows/Drivers/VirtIO/pvpanic.cat"
time=2026-08-05T21:09:56.151Z level=INFO msg="guestfs exec ok" bin=guestfish duration=66ms outputBytes=0 output=""
time=2026-08-05T21:09:56.151Z level=INFO msg="guestfs exec" bin=guestfish args="[--remote=120]" scriptLines=2 script="-mkdir-p /Windows/Drivers/VirtIO\n-upload /usr/share/virtio-win/drivers/by-os/amd64/2k8R2/pvpanic.inf /Windows/Drivers/VirtIO/pvpanic.inf"
time=2026-08-05T21:09:56.212Z level=INFO msg="guestfs exec ok" bin=guestfish duration=61ms outputBytes=0 output=""
time=2026-08-05T21:09:56.212Z level=INFO msg="guestfs exec" bin=guestfish args="[--remote=120]" scriptLines=2 script="-mkdir-p /Windows/Drivers/VirtIO\n-upload /usr/share/virtio-win/drivers/by-os/amd64/2k8R2/pvpanic.sys /Windows/Drivers/VirtIO/pvpanic.sys"
time=2026-08-05T21:09:56.293Z level=INFO msg="guestfs exec ok" bin=guestfish duration=81ms outputBytes=0 output=""
time=2026-08-05T21:09:56.294Z level=INFO msg="guestfs exec" bin=guestfish args="[--remote=120]" scriptLines=2 script="-mkdir-p /Windows/Drivers/VirtIO\n-upload /usr/share/virtio-win/drivers/by-os/amd64/2k8R2/qemupciserial.cat /Windows/Drivers/VirtIO/qemupciserial.cat"
time=2026-08-05T21:09:56.363Z level=INFO msg="guestfs exec ok" bin=guestfish duration=69ms outputBytes=0 output=""
time=2026-08-05T21:09:56.363Z level=INFO msg="guestfs exec" bin=guestfish args="[--remote=120]" scriptLines=2 script="-mkdir-p /Windows/Drivers/VirtIO\n-upload /usr/share/virtio-win/drivers/by-os/amd64/2k8R2/qemupciserial.inf /Windows/Drivers/VirtIO/qemupciserial.inf"
time=2026-08-05T21:09:56.437Z level=INFO msg="guestfs exec ok" bin=guestfish duration=74ms outputBytes=0 output=""
time=2026-08-05T21:09:56.437Z level=INFO msg="guestfs exec" bin=guestfish args="[--remote=120]" scriptLines=2 script="-mkdir-p /Windows/Drivers/VirtIO\n-upload /usr/share/virtio-win/drivers/by-os/amd64/2k8R2/qxl.cat /Windows/Drivers/VirtIO/qxl.cat"
time=2026-08-05T21:09:56.497Z level=INFO msg="guestfs exec ok" bin=guestfish duration=60ms outputBytes=0 output=""
time=2026-08-05T21:09:56.497Z level=INFO msg="guestfs exec" bin=guestfish args="[--remote=120]" scriptLines=2 script="-mkdir-p /Windows/Drivers/VirtIO\n-upload /usr/share/virtio-win/drivers/by-os/amd64/2k8R2/qxl.inf /Windows/Drivers/VirtIO/qxl.inf"
time=2026-08-05T21:09:56.568Z level=INFO msg="guestfs exec ok" bin=guestfish duration=70ms outputBytes=0 output=""
time=2026-08-05T21:09:56.568Z level=INFO msg="guestfs exec" bin=guestfish args="[--remote=120]" scriptLines=2 script="-mkdir-p /Windows/Drivers/VirtIO\n-upload /usr/share/virtio-win/drivers/by-os/amd64/2k8R2/qxl.sys /Windows/Drivers/VirtIO/qxl.sys"
time=2026-08-05T21:09:56.649Z level=INFO msg="guestfs exec ok" bin=guestfish duration=81ms outputBytes=0 output=""
time=2026-08-05T21:09:56.649Z level=INFO msg="guestfs exec" bin=guestfish args="[--remote=120]" scriptLines=2 script="-mkdir-p /Windows/Drivers/VirtIO\n-upload /usr/share/virtio-win/drivers/by-os/amd64/2k8R2/viohidkmdf.sys /Windows/Drivers/VirtIO/viohidkmdf.sys"
time=2026-08-05T21:09:56.715Z level=INFO msg="guestfs exec ok" bin=guestfish duration=66ms outputBytes=0 output=""
time=2026-08-05T21:09:56.715Z level=INFO msg="guestfs exec" bin=guestfish args="[--remote=120]" scriptLines=2 script="-mkdir-p /Windows/Drivers/VirtIO\n-upload /usr/share/virtio-win/drivers/by-os/amd64/2k8R2/vioinput.cat /Windows/Drivers/VirtIO/vioinput.cat"
time=2026-08-05T21:09:56.776Z level=INFO msg="guestfs exec ok" bin=guestfish duration=61ms outputBytes=0 output=""
time=2026-08-05T21:09:56.777Z level=INFO msg="guestfs exec" bin=guestfish args="[--remote=120]" scriptLines=2 script="-mkdir-p /Windows/Drivers/VirtIO\n-upload /usr/share/virtio-win/drivers/by-os/amd64/2k8R2/vioinput.inf /Windows/Drivers/VirtIO/vioinput.inf"
time=2026-08-05T21:09:56.843Z level=INFO msg="guestfs exec ok" bin=guestfish duration=67ms outputBytes=0 output=""
time=2026-08-05T21:09:56.843Z level=INFO msg="guestfs exec" bin=guestfish args="[--remote=120]" scriptLines=2 script="-mkdir-p /Windows/Drivers/VirtIO\n-upload /usr/share/virtio-win/drivers/by-os/amd64/2k8R2/vioinput.sys /Windows/Drivers/VirtIO/vioinput.sys"
time=2026-08-05T21:09:56.901Z level=INFO msg="guestfs exec ok" bin=guestfish duration=57ms outputBytes=0 output=""
time=2026-08-05T21:09:56.901Z level=INFO msg="guestfs exec" bin=guestfish args="[--remote=120]" scriptLines=2 script="-mkdir-p /Windows/Drivers/VirtIO\n-upload /usr/share/virtio-win/drivers/by-os/amd64/2k8R2/viorng.cat /Windows/Drivers/VirtIO/viorng.cat"
time=2026-08-05T21:09:56.969Z level=INFO msg="guestfs exec ok" bin=guestfish duration=68ms outputBytes=0 output=""
time=2026-08-05T21:09:56.969Z level=INFO msg="guestfs exec" bin=guestfish args="[--remote=120]" scriptLines=2 script="-mkdir-p /Windows/Drivers/VirtIO\n-upload /usr/share/virtio-win/drivers/by-os/amd64/2k8R2/viorng.inf /Windows/Drivers/VirtIO/viorng.inf"
time=2026-08-05T21:09:57.028Z level=INFO msg="guestfs exec ok" bin=guestfish duration=60ms outputBytes=0 output=""
time=2026-08-05T21:09:57.029Z level=INFO msg="guestfs exec" bin=guestfish args="[--remote=120]" scriptLines=2 script="-mkdir-p /Windows/Drivers/VirtIO\n-upload /usr/share/virtio-win/drivers/by-os/amd64/2k8R2/viorng.sys /Windows/Drivers/VirtIO/viorng.sys"
time=2026-08-05T21:09:57.091Z level=INFO msg="guestfs exec ok" bin=guestfish duration=63ms outputBytes=0 output=""
time=2026-08-05T21:09:57.092Z level=INFO msg="guestfs exec" bin=guestfish args="[--remote=120]" scriptLines=2 script="-mkdir-p /Windows/Drivers/VirtIO\n-upload /usr/share/virtio-win/drivers/by-os/amd64/2k8R2/vioscsi.cat /Windows/Drivers/VirtIO/vioscsi.cat"
time=2026-08-05T21:09:57.151Z level=INFO msg="guestfs exec ok" bin=guestfish duration=59ms outputBytes=0 output=""
time=2026-08-05T21:09:57.151Z level=INFO msg="guestfs exec" bin=guestfish args="[--remote=120]" scriptLines=2 script="-mkdir-p /Windows/Drivers/VirtIO\n-upload /usr/share/virtio-win/drivers/by-os/amd64/2k8R2/vioscsi.inf /Windows/Drivers/VirtIO/vioscsi.inf"
time=2026-08-05T21:09:57.217Z level=INFO msg="guestfs exec ok" bin=guestfish duration=66ms outputBytes=0 output=""
time=2026-08-05T21:09:57.218Z level=INFO msg="guestfs exec" bin=guestfish args="[--remote=120]" scriptLines=2 script="-mkdir-p /Windows/Drivers/VirtIO\n-upload /usr/share/virtio-win/drivers/by-os/amd64/2k8R2/vioscsi.sys /Windows/Drivers/VirtIO/vioscsi.sys"
time=2026-08-05T21:09:57.294Z level=INFO msg="guestfs exec ok" bin=guestfish duration=76ms outputBytes=0 output=""
time=2026-08-05T21:09:57.294Z level=INFO msg="guestfs exec" bin=guestfish args="[--remote=120]" scriptLines=2 script="-mkdir-p /Windows/System32/drivers\n-upload /usr/share/virtio-win/drivers/by-os/amd64/2k8R2/vioscsi.sys /Windows/System32/drivers/vioscsi.sys"
time=2026-08-05T21:09:57.362Z level=INFO msg="guestfs exec ok" bin=guestfish duration=68ms outputBytes=0 output=""
time=2026-08-05T21:09:57.362Z level=INFO msg="guestfs exec" bin=guestfish args="[--remote=120]" scriptLines=2 script="-mkdir-p /Windows/Drivers/VirtIO\n-upload /usr/share/virtio-win/drivers/by-os/amd64/2k8R2/vioser.cat /Windows/Drivers/VirtIO/vioser.cat"
time=2026-08-05T21:09:57.442Z level=INFO msg="guestfs exec ok" bin=guestfish duration=80ms outputBytes=0 output=""
time=2026-08-05T21:09:57.443Z level=INFO msg="guestfs exec" bin=guestfish args="[--remote=120]" scriptLines=2 script="-mkdir-p /Windows/Drivers/VirtIO\n-upload /usr/share/virtio-win/drivers/by-os/amd64/2k8R2/vioser.inf /Windows/Drivers/VirtIO/vioser.inf"
time=2026-08-05T21:09:57.503Z level=INFO msg="guestfs exec ok" bin=guestfish duration=61ms outputBytes=0 output=""
time=2026-08-05T21:09:57.503Z level=INFO msg="guestfs exec" bin=guestfish args="[--remote=120]" scriptLines=2 script="-mkdir-p /Windows/Drivers/VirtIO\n-upload /usr/share/virtio-win/drivers/by-os/amd64/2k8R2/vioser.sys /Windows/Drivers/VirtIO/vioser.sys"
time=2026-08-05T21:09:57.562Z level=INFO msg="guestfs exec ok" bin=guestfish duration=58ms outputBytes=0 output=""
time=2026-08-05T21:09:57.562Z level=INFO msg="guestfs exec" bin=guestfish args="[--remote=120]" scriptLines=2 script="-mkdir-p /Windows/Drivers/VirtIO\n-upload /usr/share/virtio-win/drivers/by-os/amd64/2k8R2/viostor.cat /Windows/Drivers/VirtIO/viostor.cat"
time=2026-08-05T21:09:57.624Z level=INFO msg="guestfs exec ok" bin=guestfish duration=62ms outputBytes=0 output=""
time=2026-08-05T21:09:57.624Z level=INFO msg="guestfs exec" bin=guestfish args="[--remote=120]" scriptLines=2 script="-mkdir-p /Windows/Drivers/VirtIO\n-upload /usr/share/virtio-win/drivers/by-os/amd64/2k8R2/viostor.inf /Windows/Drivers/VirtIO/viostor.inf"
time=2026-08-05T21:09:57.707Z level=INFO msg="guestfs exec ok" bin=guestfish duration=82ms outputBytes=0 output=""
time=2026-08-05T21:09:57.707Z level=INFO msg="guestfs exec" bin=guestfish args="[--remote=120]" scriptLines=2 script="-mkdir-p /Windows/Drivers/VirtIO\n-upload /usr/share/virtio-win/drivers/by-os/amd64/2k8R2/viostor.sys /Windows/Drivers/VirtIO/viostor.sys"
time=2026-08-05T21:09:57.788Z level=INFO msg="guestfs exec ok" bin=guestfish duration=81ms outputBytes=0 output=""
time=2026-08-05T21:09:57.788Z level=INFO msg="guestfs exec" bin=guestfish args="[--remote=120]" scriptLines=2 script="-mkdir-p /Windows/System32/drivers\n-upload /usr/share/virtio-win/drivers/by-os/amd64/2k8R2/viostor.sys /Windows/System32/drivers/viostor.sys"
time=2026-08-05T21:09:57.854Z level=INFO msg="guestfs exec ok" bin=guestfish duration=65ms outputBytes=0 output=""
time=2026-08-05T21:09:57.854Z level=INFO msg="copied driver" name=viostor
time=2026-08-05T21:09:57.854Z level=INFO msg="registered driver" driver=viostor registrar=criticaldb
time=2026-08-05T21:09:57.854Z level=INFO msg="registered driver" driver=vioscsi registrar=criticaldb
time=2026-08-05T21:09:57.855Z level=INFO msg="updated DevicePath" path="%SystemRoot%\\inf\x00;%SystemRoot%\\Drivers\\VirtIO"
time=2026-08-05T21:09:57.855Z level=INFO msg="disabling hypervisor services" plugins="[vmware nutanix virtualbox]"
time=2026-08-05T21:09:57.869Z level=INFO msg="guestfs exec" bin=guestfish args="[--remote=120]" scriptLines=1 script="-exists \"/Program Files/Oracle/VirtualBox Guest Additions\""
time=2026-08-05T21:09:57.905Z level=INFO msg="guestfs exec ok" bin=guestfish duration=35ms outputBytes=6 output=false
time=2026-08-05T21:09:57.908Z level=INFO msg="running hypervisor service disable" name=vmware
time=2026-08-05T21:09:57.911Z level=INFO msg="disabled service" service=VMTools
time=2026-08-05T21:09:57.914Z level=INFO msg="disabled service" service=VGAuthService
time=2026-08-05T21:09:57.923Z level=INFO msg="hypervisor service disable complete" name=vmware
time=2026-08-05T21:09:57.932Z level=INFO msg="guestfs exec" bin=guestfish args="[--remote=120]" scriptLines=1 script="-exists \"/Program Files/Nutanix\""
time=2026-08-05T21:09:57.967Z level=INFO msg="guestfs exec ok" bin=guestfish duration=35ms outputBytes=6 output=false
time=2026-08-05T21:09:57.967Z level=INFO msg="guestfs exec" bin=guestfish args="[--remote=120]" scriptLines=1 script="-exists \"/Program Files (x86)/Nutanix\""
time=2026-08-05T21:09:58.002Z level=INFO msg="guestfs exec ok" bin=guestfish duration=35ms outputBytes=6 output=false
time=2026-08-05T21:09:58.002Z level=INFO msg="guestfs exec" bin=guestfish args="[--remote=120]" scriptLines=1 script="-mkdir-p \"/Program Files/Guestfs/Firstboot/scripts\""
time=2026-08-05T21:09:58.038Z level=INFO msg="guestfs exec ok" bin=guestfish duration=36ms outputBytes=0 output=""
time=2026-08-05T21:09:58.038Z level=INFO msg="running firstboot contributors" count=1 version=win2008
time=2026-08-05T21:09:58.038Z level=INFO msg="running firstboot contributor" name=install-virtio-drivers priority=2000
time=2026-08-05T21:09:58.038Z level=INFO msg="guestfs exec" bin=guestfish args="[--remote=120]" scriptLines=1 script="-mkdir-p \"/Program Files/Guestfs/Firstboot/scripts\""
time=2026-08-05T21:09:58.082Z level=INFO msg="guestfs exec ok" bin=guestfish duration=44ms outputBytes=0 output=""
time=2026-08-05T21:09:58.082Z level=INFO msg="guestfs exec" bin=guestfish args="[--remote=120]" scriptLines=3 script="-mkdir-p \"/Program Files/Guestfs/Firstboot/scripts\"\n-upload /tmp/kc-gfs-write-2692223223 \"/Program Files/Guestfs/Firstboot/scripts/2000-install-virtio-drivers.ps1\"\n-chmod 0644 \"/Program Files/Guestfs/Firstboot/scripts/2000-install-virtio-drivers.ps1\""
time=2026-08-05T21:09:58.165Z level=INFO msg="guestfs exec ok" bin=guestfish duration=83ms outputBytes=0 output=""
time=2026-08-05T21:09:58.165Z level=INFO msg="wrote firstboot script" name=install-virtio-drivers priority=2000
time=2026-08-05T21:09:58.166Z level=INFO msg="guestfs exec" bin=guestfish args="[--remote=120]" scriptLines=3 script="-mkdir-p \"/Program Files/Guestfs/Firstboot\"\n-upload /tmp/kc-gfs-write-571545369 \"/Program Files/Guestfs/Firstboot/firstboot.bat\"\n-chmod 0644 \"/Program Files/Guestfs/Firstboot/firstboot.bat\""
time=2026-08-05T21:09:58.234Z level=INFO msg="guestfs exec ok" bin=guestfish duration=68ms outputBytes=0 output=""
time=2026-08-05T21:09:58.234Z level=INFO msg="guestfs exec" bin=guestfish args="[--remote=120]" scriptLines=1 script="-exists \"/Program Files/Guestfs\""
time=2026-08-05T21:09:58.272Z level=INFO msg="guestfs exec ok" bin=guestfish duration=37ms outputBytes=5 output=true
time=2026-08-05T21:09:58.272Z level=INFO msg="guestfs exec" bin=guestfish args="[--remote=120]" scriptLines=1 script="-exists \"/Program Files/Guestfs\""
time=2026-08-05T21:09:58.309Z level=INFO msg="guestfs exec ok" bin=guestfish duration=37ms outputBytes=5 output=true
time=2026-08-05T21:09:58.309Z level=INFO msg="guestfs exec" bin=guestfish args="[--remote=120]" scriptLines=1 script="-is-dir \"/Program Files/Guestfs\""
time=2026-08-05T21:09:58.348Z level=INFO msg="guestfs exec ok" bin=guestfish duration=39ms outputBytes=5 output=true
time=2026-08-05T21:09:58.348Z level=INFO msg="guestfs exec" bin=guestfish args="[--remote=120]" scriptLines=1 script="-chmod 0755 \"/Program Files/Guestfs\""
time=2026-08-05T21:09:58.388Z level=INFO msg="guestfs exec ok" bin=guestfish duration=39ms outputBytes=0 output=""
time=2026-08-05T21:09:58.388Z level=INFO msg="guestfs exec" bin=guestfish args="[--remote=120]" scriptLines=1 script="-is-dir \"/Program Files/Guestfs\""
time=2026-08-05T21:09:58.432Z level=INFO msg="guestfs exec ok" bin=guestfish duration=44ms outputBytes=5 output=true
time=2026-08-05T21:09:58.432Z level=INFO msg="guestfs exec" bin=guestfish args="[--remote=120]" scriptLines=1 script="-ll \"/Program Files/Guestfs\""
time=2026-08-05T21:09:58.475Z level=INFO msg="guestfs exec ok" bin=guestfish duration=43ms outputBytes=147 output="total 4\ndrwxrwxrwx 1 root root    0 Aug  5 21:09 .\ndrwxrwxrwx 1 root root 4096 Aug  5 21:09 ..\ndrwxrwxrwx 1 root root  256 Aug  5 21:09 Firstboot"
time=2026-08-05T21:09:58.475Z level=INFO msg="guestfs exec" bin=guestfish args="[--remote=120]" scriptLines=1 script="-exists \"/Program Files/Guestfs/Firstboot\""
time=2026-08-05T21:09:58.516Z level=INFO msg="guestfs exec ok" bin=guestfish duration=41ms outputBytes=5 output=true
time=2026-08-05T21:09:58.516Z level=INFO msg="guestfs exec" bin=guestfish args="[--remote=120]" scriptLines=1 script="-is-dir \"/Program Files/Guestfs/Firstboot\""
time=2026-08-05T21:09:58.552Z level=INFO msg="guestfs exec ok" bin=guestfish duration=36ms outputBytes=5 output=true
time=2026-08-05T21:09:58.552Z level=INFO msg="guestfs exec" bin=guestfish args="[--remote=120]" scriptLines=1 script="-chmod 0755 \"/Program Files/Guestfs/Firstboot\""
time=2026-08-05T21:09:58.599Z level=INFO msg="guestfs exec ok" bin=guestfish duration=47ms outputBytes=0 output=""
time=2026-08-05T21:09:58.599Z level=INFO msg="guestfs exec" bin=guestfish args="[--remote=120]" scriptLines=1 script="-is-dir \"/Program Files/Guestfs/Firstboot\""
time=2026-08-05T21:09:58.639Z level=INFO msg="guestfs exec ok" bin=guestfish duration=40ms outputBytes=5 output=true
time=2026-08-05T21:09:58.640Z level=INFO msg="guestfs exec" bin=guestfish args="[--remote=120]" scriptLines=1 script="-ll \"/Program Files/Guestfs/Firstboot\""
time=2026-08-05T21:09:58.681Z level=INFO msg="guestfs exec ok" bin=guestfish duration=41ms outputBytes=196 output="total 1\ndrwxrwxrwx 1 root root 256 Aug  5 21:09 .\ndrwxrwxrwx 1 root root   0 Aug  5 21:09 ..\n-rwxrwxrwx 1 root root 569 Aug  5 21:09 firstboot.bat\ndrwxrwxrwx 1 root root 336 Aug  5 21:09 scripts"
time=2026-08-05T21:09:58.681Z level=INFO msg="guestfs exec" bin=guestfish args="[--remote=120]" scriptLines=1 script="-exists \"/Program Files/Guestfs/Firstboot/firstboot.bat\""
time=2026-08-05T21:09:58.747Z level=INFO msg="guestfs exec ok" bin=guestfish duration=66ms outputBytes=5 output=true
time=2026-08-05T21:09:58.756Z level=INFO msg="guestfs exec" bin=guestfish args="[--remote=120]" scriptLines=1 script="-is-dir \"/Program Files/Guestfs/Firstboot/firstboot.bat\""
time=2026-08-05T21:09:58.795Z level=INFO msg="guestfs exec ok" bin=guestfish duration=38ms outputBytes=6 output=false
time=2026-08-05T21:09:58.795Z level=INFO msg="guestfs exec" bin=guestfish args="[--remote=120]" scriptLines=1 script="-chmod 0644 \"/Program Files/Guestfs/Firstboot/firstboot.bat\""
time=2026-08-05T21:09:58.830Z level=INFO msg="guestfs exec ok" bin=guestfish duration=35ms outputBytes=0 output=""
time=2026-08-05T21:09:58.830Z level=INFO msg="guestfs exec" bin=guestfish args="[--remote=120]" scriptLines=1 script="-exists \"/Program Files/Guestfs/Firstboot/scripts\""
time=2026-08-05T21:09:58.865Z level=INFO msg="guestfs exec ok" bin=guestfish duration=35ms outputBytes=5 output=true
time=2026-08-05T21:09:58.865Z level=INFO msg="guestfs exec" bin=guestfish args="[--remote=120]" scriptLines=1 script="-is-dir \"/Program Files/Guestfs/Firstboot/scripts\""
time=2026-08-05T21:09:58.900Z level=INFO msg="guestfs exec ok" bin=guestfish duration=35ms outputBytes=5 output=true
time=2026-08-05T21:09:58.900Z level=INFO msg="guestfs exec" bin=guestfish args="[--remote=120]" scriptLines=1 script="-chmod 0755 \"/Program Files/Guestfs/Firstboot/scripts\""
time=2026-08-05T21:09:58.962Z level=INFO msg="guestfs exec ok" bin=guestfish duration=62ms outputBytes=0 output=""
time=2026-08-05T21:09:58.962Z level=INFO msg="guestfs exec" bin=guestfish args="[--remote=120]" scriptLines=1 script="-is-dir \"/Program Files/Guestfs/Firstboot/scripts\""
time=2026-08-05T21:09:59.016Z level=INFO msg="guestfs exec ok" bin=guestfish duration=54ms outputBytes=5 output=true
time=2026-08-05T21:09:59.016Z level=INFO msg="guestfs exec" bin=guestfish args="[--remote=120]" scriptLines=1 script="-ll \"/Program Files/Guestfs/Firstboot/scripts\""
time=2026-08-05T21:09:59.060Z level=INFO msg="guestfs exec ok" bin=guestfish duration=44ms outputBytes=236 output="total 8\ndrwxrwxrwx 1 root root 336 Aug  5 21:09 .\ndrwxrwxrwx 1 root root 256 Aug  5 21:09 ..\n-rwxrwxrwx 1 root root 717 Aug  5 21:09 0010-vmware-msi-uninstall.ps1\n-rwxrwxrwx 1 root root 738 Aug  5 21:09 2000-install-virtio-drivers.ps1"
time=2026-08-05T21:09:59.060Z level=INFO msg="guestfs exec" bin=guestfish args="[--remote=120]" scriptLines=1 script="-exists \"/Program Files/Guestfs/Firstboot/scripts/0010-vmware-msi-uninstall.ps1\""
time=2026-08-05T21:09:59.101Z level=INFO msg="guestfs exec ok" bin=guestfish duration=40ms outputBytes=5 output=true
time=2026-08-05T21:09:59.101Z level=INFO msg="guestfs exec" bin=guestfish args="[--remote=120]" scriptLines=1 script="-is-dir \"/Program Files/Guestfs/Firstboot/scripts/0010-vmware-msi-uninstall.ps1\""
time=2026-08-05T21:09:59.144Z level=INFO msg="guestfs exec ok" bin=guestfish duration=43ms outputBytes=6 output=false
time=2026-08-05T21:09:59.144Z level=INFO msg="guestfs exec" bin=guestfish args="[--remote=120]" scriptLines=1 script="-chmod 0644 \"/Program Files/Guestfs/Firstboot/scripts/0010-vmware-msi-uninstall.ps1\""
time=2026-08-05T21:09:59.181Z level=INFO msg="guestfs exec ok" bin=guestfish duration=37ms outputBytes=0 output=""
time=2026-08-05T21:09:59.181Z level=INFO msg="guestfs exec" bin=guestfish args="[--remote=120]" scriptLines=1 script="-exists \"/Program Files/Guestfs/Firstboot/scripts/2000-install-virtio-drivers.ps1\""
time=2026-08-05T21:09:59.218Z level=INFO msg="guestfs exec ok" bin=guestfish duration=37ms outputBytes=5 output=true
time=2026-08-05T21:09:59.218Z level=INFO msg="guestfs exec" bin=guestfish args="[--remote=120]" scriptLines=1 script="-is-dir \"/Program Files/Guestfs/Firstboot/scripts/2000-install-virtio-drivers.ps1\""
time=2026-08-05T21:09:59.262Z level=INFO msg="guestfs exec ok" bin=guestfish duration=43ms outputBytes=6 output=false
time=2026-08-05T21:09:59.262Z level=INFO msg="guestfs exec" bin=guestfish args="[--remote=120]" scriptLines=1 script="-chmod 0644 \"/Program Files/Guestfs/Firstboot/scripts/2000-install-virtio-drivers.ps1\""
time=2026-08-05T21:09:59.299Z level=INFO msg="guestfs exec ok" bin=guestfish duration=37ms outputBytes=0 output=""
time=2026-08-05T21:09:59.489Z level=INFO msg="guestfs exec" bin=guestfish args="[--remote=120]" scriptLines=2 script="-mkdir-p /Windows/System32/config\n-upload /tmp/kc-checkout-SYSTEM-4203181001 /Windows/System32/config/SYSTEM"
time=2026-08-05T21:09:59.737Z level=INFO msg="guestfs exec ok" bin=guestfish duration=248ms outputBytes=0 output=""
time=2026-08-05T21:09:59.922Z level=INFO msg="guestfs exec" bin=guestfish args="[--remote=120]" scriptLines=2 script="-mkdir-p /Windows/System32/config\n-upload /tmp/kc-checkout-SOFTWARE-1733662385 /Windows/System32/config/SOFTWARE"
time=2026-08-05T21:10:00.496Z level=INFO msg="guestfs exec ok" bin=guestfish duration=567ms outputBytes=0 output=""
time=2026-08-05T21:10:00.496Z level=INFO msg="pipeline complete"
time=2026-08-05T21:10:00.499Z level=INFO msg=exec bin=/usr/lib/kc-utils/kc-finalize args="[--prepare-data /var/tmp/v2v/prepare-out.json --convert-data /var/tmp/v2v/convert-out.json --output /var/tmp/v2v/target-meta.json --mount-root /tmp/kc-guest --log-level info --guestfs]"
time=2026-08-05T21:10:00.504Z level=INFO msg="guestfish adopting shared session" pid=120 guestfishPID=120 shared=true
time=2026-08-05T21:10:00.505Z level=INFO msg="guestfish ensureLaunched" pid=120 disks=1 paths=[/var/tmp/v2v/overlay-0-block0.qcow2] HOME=/var/tmp LIBGUESTFS_BACKEND=direct socket=/tmp/.guestfish-107/socket-120 sessionAlive=true
time=2026-08-05T21:10:00.505Z level=INFO msg="guestfs exec" bin=guestfish args="[--remote=120]" scriptLines=1 script=-list-devices
time=2026-08-05T21:10:00.580Z level=INFO msg="guestfs exec ok" bin=guestfish duration=75ms outputBytes=9 output=/dev/sda
time=2026-08-05T21:10:00.582Z level=INFO msg="guestfish ready probe" pid=120 ready=true devices=/dev/sda
time=2026-08-05T21:10:00.582Z level=INFO msg="guestfish session already launched" pid=120 devices=/dev/sda
time=2026-08-05T21:10:00.582Z level=INFO msg="running customizations" plugins="[dynamicscripts native]"
time=2026-08-05T21:10:00.582Z level=INFO msg="running customizer" name=dynamicscripts
time=2026-08-05T21:10:00.582Z level=INFO msg="customizer complete" name=dynamicscripts
time=2026-08-05T21:10:00.582Z level=INFO msg="running customizer" name=native
time=2026-08-05T21:10:00.582Z level=INFO msg="guestfs exec" bin=guestfish args="[--remote=120]" scriptLines=1 script=-inspect-os
time=2026-08-05T21:10:02.043Z level=INFO msg="guestfs exec ok" bin=guestfish duration=1.46s outputBytes=10 output=/dev/sda1
time=2026-08-05T21:10:02.043Z level=INFO msg="guestfs exec" bin=guestfish args="[--remote=120]" scriptLines=1 script="-inspect-get-mountpoints /dev/sda1"
time=2026-08-05T21:10:02.115Z level=INFO msg="guestfs exec ok" bin=guestfish duration=72ms outputBytes=13 output="/: /dev/sda1"
time=2026-08-05T21:10:02.115Z level=INFO msg="discovered mount points via inspection" count=1
time=2026-08-05T21:10:02.115Z level=INFO msg="guestfs exec" bin=guestfish args="[--remote=120]" scriptLines=2 script="-umount-all\n-mount /dev/sda1 /"
time=2026-08-05T21:10:02.307Z level=INFO msg="guestfs exec ok" bin=guestfish duration=192ms outputBytes=0 output=""
time=2026-08-05T21:10:02.307Z level=INFO msg="guestfs exec" bin=guestfish args="[--remote=120]" scriptLines=1 script="-exists /etc/selinux"
time=2026-08-05T21:10:02.370Z level=INFO msg="guestfs exec ok" bin=guestfish duration=63ms outputBytes=6 output=false
time=2026-08-05T21:10:02.370Z level=INFO msg="customizer complete" name=native
time=2026-08-05T21:10:02.370Z level=INFO msg="syncing guest tree to disks" backend=guestfs
time=2026-08-05T21:10:02.370Z level=INFO msg="trimming filesystems" backend=guestfs mounts=1
time=2026-08-05T21:10:02.371Z level=INFO msg="guestfs exec" bin=guestfish args="[--remote=120]" scriptLines=1 script="-fstrim /"
time=2026-08-05T21:10:02.751Z level=INFO msg="guestfs exec ok" bin=guestfish duration=381ms outputBytes=0 output=""
time=2026-08-05T21:10:02.751Z level=INFO msg="tearing down guest" backend=guestfs mountRoot=/tmp/kc-guest
time=2026-08-05T21:10:02.752Z level=INFO msg="guestfs exec" bin=guestfish args="[--remote=120]" scriptLines=1 script=-umount-all
time=2026-08-05T21:10:02.796Z level=INFO msg="guestfs exec ok" bin=guestfish duration=45ms outputBytes=0 output=""
time=2026-08-05T21:10:02.796Z level=INFO msg="checking filesystems" backend=guestfs
time=2026-08-05T21:10:02.797Z level=INFO msg="guestfish adopting shared session" pid=120 guestfishPID=120 shared=true HOME=/var/tmp socket=/tmp/.guestfish-107/socket-120
time=2026-08-05T21:10:02.797Z level=INFO msg="guestfish ensureLaunched" pid=120 disks=1 paths=[/var/tmp/v2v/overlay-0-block0.qcow2] HOME=/var/tmp LIBGUESTFS_BACKEND=direct socket=/tmp/.guestfish-107/socket-120 sessionAlive=true
time=2026-08-05T21:10:02.797Z level=INFO msg="guestfs exec" bin=guestfish args="[--remote=120]" scriptLines=1 script=-list-devices
time=2026-08-05T21:10:02.863Z level=INFO msg="guestfs exec ok" bin=guestfish duration=67ms outputBytes=9 output=/dev/sda
time=2026-08-05T21:10:02.863Z level=INFO msg="guestfish ready probe" pid=120 ready=true devices=/dev/sda
time=2026-08-05T21:10:02.863Z level=INFO msg="guestfish session already launched" pid=120 devices=/dev/sda
time=2026-08-05T21:10:02.864Z level=INFO msg="pipeline complete"
time=2026-08-05T21:10:02.868Z level=INFO msg="guestfish shared listener exit" pid=120
time=2026-08-05T21:10:02.868Z level=INFO msg="guestfs exec" bin=guestfish args="[--remote=120 -- exit]"
time=2026-08-05T21:10:03.017Z level=INFO msg="guestfs exec ok" bin=guestfish duration=149ms outputBytes=0 output=""
time=2026-08-05T21:10:03.017Z level=INFO msg="committing qcow2 overlay" overlay=/var/tmp/v2v/overlay-0-block0.qcow2 backing=/dev/block0
Image committed.
time=2026-08-05T21:10:03.840Z level=INFO msg="qcow2 overlays committed" count=1
time=2026-08-05T21:10:03.840Z level=INFO msg="wrote inspection XML" path=/var/tmp/v2v/inspection.xml
time=2026-08-05T21:10:03.840Z level=INFO msg="pipeline output" target_meta="{\n  \"guestcaps\": {\n    \"block_bus\": \"virtio\",\n    \"net_bus\": \"virtio\",\n    \"virtio_rng\": true,\n    \"virtio_balloon\": true,\n    \"virtio_socket\": false,\n    \"isa_pvpanic\": true,\n    \"machine_type\": \"q35\",\n    \"arch\": \"x86_64\",\n    \"virtio_1_0\": true,\n    \"rtc_utc\": false\n  },\n  \"target_buses\": {\n    \"virtio_blk\": [\n      {\n        \"index\": 0,\n        \"source_disk\": 0\n      }\n    ]\n  },\n  \"target_nics\": [\n    {\n      \"mac\": \"00:50:56:be:ed:aa\",\n      \"model\": \"virtio\"\n    },\n    {\n      \"mac\": \"00:50:56:be:54:a1\",\n      \"model\": \"virtio\"\n    }\n  ],\n  \"target_firmware\": \"bios\",\n  \"boot_device\": {\n    \"disk_index\": 0,\n    \"part_index\": 1\n  },\n  \"disks\": [\n    {\n      \"path\": \"/var/tmp/v2v/overlay-0-block0.qcow2\",\n      \"size_bytes\": 0,\n      \"format\": \"raw\",\n      \"partitions\": [\n        {\n          \"index\": 1,\n          \"size_bytes\": 17177772032,\n          \"fs_type\": \"ntfs\",\n          \"mount_point\": \"/\",\n          \"device_path\": \"/dev/sda1\"\n        }\n      ]\n    }\n  ],\n  \"inspect\": {\n    \"type\": \"windows\",\n    \"distro\": \"windows\",\n    \"major_version\": 6,\n    \"minor_version\": 0,\n    \"arch\": \"x86_64\",\n    \"product_name\": \"Windows Server (R) 2008 Enterprise\\u0000\"\n  }\n}"
Starting server on :8080
Shutdown request received. Shutting down server.
